Rank,Name,Team,Games,RP,D,K,HB,CP,M,Cl,I50,G,B,SI,IP,T,BOU,HO,HOA,TGB,HBG,LBG,HR,CM,UM,IM,MI50,CC,BUC,TIC,R50,FF,FA,KI,1%,GST,BTO,MTO,FTO,PR,Ch,Sm,Sp,KO,FTKL,MTKL,BTKL,GA,GA%,DE%,K%,H%,I50%,C%,R50%
1,Stuart Horner,Shepparton United,1,186.0,42.0,21.0,21.0,16.0,12.0,11.0,5.0,0.0,0.0,9.0,6.0,5.0,0.0,0.0,0.0,13.0,4.0,9.0,0.0,0.0,12.0,1.0,0.0,3.0,4.0,4.0,2.0,0.0,0.0,0.0,2.0,0.0,0.0,2.0,1.0,7.0,1.0,1.0,0.0,0.0,0.0,3.0,2.0,1.0,0.0,76.0,67.0,86.0,20.0,55.0,100.0
2,Zac Norris,Kyabram,20,154.7,24.9,14.0,10.9,18.1,5.0,10.3,4.1,0.6,0.2,6.0,2.8,2.1,0.0,38.0,8.9,5.0,2.5,2.5,0.1,1.3,3.7,1.1,0.6,3.6,4.3,2.4,1.6,1.1,1.5,0.0,1.9,0.0,0.2,3.1,1.4,3.8,0.1,0.4,0.8,0.6,0.2,1.7,0.2,0.3,75.0,61.0,51.0,73.0,51.0,56.0,55.0
3,Lewis McShane,Shepparton Bears,20,146.9,32.7,21.8,10.9,13.6,8.1,8.1,6.2,1.4,1.4,8.6,4.3,5.0,0.6,0.1,0.0,8.4,3.4,5.1,0.5,0.8,7.3,0.3,1.1,1.8,4.0,2.4,2.3,1.4,0.7,0.0,1.9,0.0,0.4,3.9,2.4,9.1,0.7,0.6,0.2,0.3,1.1,3.5,0.4,1.6,49.0,61.0,52.0,78.0,43.0,54.0,52.0
4,Zavier Maher,Shepparton United,7,145.9,29.7,17.6,12.1,17.0,4.4,10.1,8.3,1.4,1.1,8.3,4.7,5.9,0.6,0.0,0.0,11.3,4.7,6.6,0.6,0.6,3.9,0.7,0.1,3.3,4.6,2.3,1.7,1.6,1.3,0.0,1.6,0.0,0.0,3.4,2.7,9.4,0.4,0.1,0.3,0.7,0.7,4.9,0.3,0.9,55.0,64.0,57.0,74.0,50.0,63.0,58.0
5,Ryley Ferguson,Rochester,17,143.2,22.4,12.4,10.0,13.2,6.0,5.9,5.4,0.7,0.6,6.2,5.3,4.1,0.2,24.3,5.2,7.6,3.2,4.4,0.2,2.0,4.0,1.9,0.6,2.0,1.9,2.1,1.6,0.9,1.0,0.0,2.6,0.0,0.1,2.4,1.9,9.1,0.7,0.2,1.0,0.7,0.9,2.5,0.7,1.1,52.0,65.0,60.0,71.0,52.0,67.0,48.0
6,Luke Smith,Shepparton Bears,22,142.4,28.0,19.4,8.6,12.3,6.6,6.0,4.4,2.4,1.2,8.7,4.2,5.8,0.2,0.0,0.0,7.6,2.6,5.0,0.5,0.6,6.0,0.7,1.9,2.0,2.6,1.3,1.0,2.0,0.7,0.0,1.8,0.0,0.1,2.1,2.1,10.4,0.9,0.3,0.2,0.4,2.0,3.4,0.5,1.3,65.0,64.0,58.0,77.0,46.0,64.0,73.0
7,Harry Mahoney,Mansfield,13,141.9,34.3,21.8,12.5,11.8,6.6,2.6,6.8,0.8,1.2,7.6,8.1,3.3,2.6,0.0,0.0,8.0,2.5,5.5,2.2,1.1,5.5,1.7,0.4,0.5,1.4,0.8,2.8,3.0,0.9,1.2,2.2,0.0,0.2,3.5,2.0,6.8,0.7,0.5,0.6,0.3,0.2,2.5,0.7,0.8,40.0,70.0,64.0,81.0,45.0,65.0,58.0
8,Dylan Cook,Seymour,18,139.4,30.1,16.5,13.6,16.9,5.5,10.2,6.2,0.4,0.6,6.9,3.7,7.4,0.4,0.0,0.0,10.1,4.2,5.9,0.3,1.0,4.5,0.6,0.3,4.2,3.4,2.6,1.7,2.4,1.9,0.0,2.3,0.0,0.2,4.0,2.3,12.0,1.1,0.3,0.5,0.4,1.1,5.1,1.2,0.9,42.0,65.0,52.0,81.0,50.0,58.0,60.0
9,Taj Woewodin,Mansfield,1,139.0,30.0,14.0,16.0,12.0,7.0,6.0,7.0,0.0,2.0,9.0,4.0,9.0,2.0,0.0,0.0,6.0,4.0,2.0,1.0,0.0,7.0,1.0,0.0,1.0,2.0,3.0,0.0,3.0,3.0,0.0,1.0,0.0,0.0,1.0,2.0,10.0,1.0,0.0,0.0,0.0,3.0,5.0,1.0,1.0,0.0,67.0,50.0,81.0,43.0,83.0,0.0
10,Liam Betson,Mooroopna,19,138.9,20.1,9.4,10.7,15.3,2.6,9.2,2.9,0.2,0.2,4.4,4.1,4.3,0.0,37.0,8.6,6.1,3.4,2.7,0.0,0.7,1.8,1.1,0.3,1.4,4.9,2.8,1.5,1.4,2.1,0.0,3.8,0.0,0.5,2.7,0.9,7.1,0.4,0.4,1.8,1.2,0.3,3.2,0.8,0.5,50.0,64.0,47.0,78.0,41.0,63.0,39.0
11,Jack Russell,Kyabram,20,137.4,32.1,19.5,12.7,11.4,8.5,6.8,5.4,0.8,0.6,7.8,2.5,5.0,0.2,0.0,0.0,7.3,2.8,4.5,1.5,0.7,7.8,0.5,0.9,2.5,2.9,1.4,1.8,1.4,1.4,0.0,1.8,0.0,0.1,2.7,2.3,9.2,0.8,0.1,0.2,0.4,0.6,4.0,0.4,0.9,57.0,72.0,65.0,82.0,56.0,68.0,61.0
12,Mitchell Trewhella,Rochester,18,136.8,30.1,13.2,16.8,14.7,4.1,7.2,5.6,0.6,0.6,7.2,5.1,8.3,0.2,0.0,0.0,10.1,3.7,6.3,0.8,0.2,3.9,0.6,0.2,2.6,2.8,1.8,1.3,2.3,1.2,0.0,1.8,0.0,0.3,2.7,2.2,13.5,0.3,0.3,0.4,0.6,1.3,5.8,1.2,1.1,47.0,69.0,57.0,79.0,55.0,74.0,65.0
13,Callum Brown,Mansfield,15,134.6,30.0,16.5,13.5,14.1,4.1,8.1,5.3,1.5,0.5,7.5,5.3,5.5,0.1,0.0,0.0,10.0,3.3,6.7,0.6,0.4,3.7,0.5,0.6,3.3,3.0,1.8,1.9,2.2,1.0,0.4,1.8,0.0,0.1,3.5,1.9,10.0,0.3,0.5,0.1,0.7,0.9,4.1,0.6,0.7,70.0,66.0,53.0,81.0,48.0,63.0,50.0
14,Mark Marriott,Benalla,17,134.5,16.9,7.0,9.9,11.1,3.1,5.9,2.5,0.4,0.1,3.6,3.4,5.1,0.0,45.4,10.6,5.5,2.5,3.0,0.0,1.0,2.1,0.5,0.4,1.6,2.4,1.9,1.7,1.9,2.2,0.0,5.0,0.0,0.4,2.1,1.2,8.9,0.4,0.4,2.7,1.2,0.4,3.6,1.1,0.2,87.0,61.0,56.0,64.0,40.0,57.0,48.0
15,Tom Evans,Echuca,14,131.4,31.6,21.2,10.4,10.6,7.0,3.7,4.3,0.6,0.6,6.6,5.3,4.5,0.0,0.0,0.0,7.9,3.9,4.1,1.0,0.5,6.5,0.7,1.0,1.1,1.6,1.0,4.2,1.1,0.9,2.6,1.7,0.0,0.7,2.7,1.1,8.2,0.7,0.3,0.3,0.4,0.6,3.4,0.6,0.6,52.0,71.0,64.0,85.0,53.0,63.0,64.0
16,Lachlan Hill,Euroa,11,131.0,28.3,15.5,12.8,16.1,5.3,7.3,4.7,0.5,1.0,5.6,4.0,7.0,0.1,0.1,0.0,10.1,4.5,5.5,0.3,1.3,4.0,0.5,1.0,2.6,2.6,2.0,1.3,2.9,2.1,0.0,2.0,0.0,1.0,2.5,1.8,10.6,0.5,0.5,0.4,0.3,1.3,3.7,2.0,1.1,31.0,65.0,54.0,79.0,46.0,66.0,79.0
17,Nicholas Quigg,Seymour,18,130.9,28.5,17.7,10.8,14.3,6.0,6.8,5.8,0.8,0.7,6.2,3.9,6.3,0.2,0.1,0.0,9.2,4.3,4.9,0.5,0.8,5.2,0.6,0.4,1.9,2.9,1.9,2.0,1.7,2.1,0.0,2.2,0.0,0.4,3.5,1.4,11.1,1.1,0.4,0.4,0.2,0.9,4.4,0.9,0.7,53.0,65.0,58.0,75.0,53.0,61.0,61.0
18,Keelin Betson,Mooroopna,20,130.6,27.6,10.1,17.6,16.7,3.5,8.2,3.3,0.2,0.2,4.7,4.9,8.4,0.1,1.9,0.2,10.1,4.5,5.5,0.3,0.7,2.9,0.6,0.2,1.9,3.5,2.7,1.9,1.2,1.8,0.0,2.2,0.0,0.5,2.9,1.4,12.2,0.3,0.3,1.1,0.4,1.5,5.5,1.4,0.5,41.0,67.0,50.0,76.0,50.0,74.0,46.0
19,Matthew King,Mansfield,15,128.8,32.3,22.1,10.3,8.3,8.7,2.7,5.1,0.8,0.1,6.4,5.4,2.6,0.3,0.0,0.0,5.8,1.5,4.3,1.5,1.1,7.6,1.1,0.6,0.9,1.3,0.6,5.0,1.5,1.3,3.2,1.9,0.0,0.6,3.5,1.7,4.4,0.1,0.3,1.0,0.5,0.2,1.7,0.7,1.1,85.0,72.0,65.0,86.0,57.0,63.0,61.0
20,Brodie Newman,Shepparton United,16,126.2,21.1,15.9,5.2,7.0,11.0,0.1,1.1,0.2,0.2,3.3,9.8,1.1,0.4,0.2,0.1,3.0,0.9,2.1,0.3,2.9,8.1,5.4,0.4,0.0,0.1,0.1,4.1,0.8,0.9,1.4,4.1,0.0,0.5,1.1,0.5,2.4,0.1,0.1,3.6,0.2,0.1,0.4,0.6,0.1,57.0,80.0,79.0,82.0,29.0,50.0,74.0
21,Ash Holland,Shepparton Bears,20,126.0,13.7,7.5,6.2,8.2,4.5,3.0,2.4,0.5,0.2,5.0,3.1,2.6,0.0,49.9,13.9,2.6,1.4,1.1,0.0,2.4,2.1,1.3,0.7,0.6,1.1,1.2,1.2,1.3,0.8,0.0,3.2,0.0,0.1,1.8,0.9,4.5,0.1,0.2,1.6,1.2,0.1,2.3,0.2,0.4,64.0,61.0,47.0,77.0,42.0,53.0,33.0
22,Michael Barlow,Shepparton United,4,125.5,31.5,15.0,16.5,14.8,6.0,9.0,2.5,0.5,0.5,6.5,3.2,2.5,0.0,0.2,0.0,9.0,4.8,4.2,1.0,1.0,5.0,0.0,0.8,2.5,4.2,2.2,2.5,1.2,0.8,0.0,1.0,0.0,0.2,3.8,1.0,4.8,0.5,0.0,0.2,0.2,0.2,2.0,0.2,0.8,50.0,66.0,58.0,73.0,80.0,50.0,50.0
23,Angus Hicks,Shepparton United,15,123.3,28.5,17.6,10.9,11.4,4.1,6.9,5.5,0.8,0.9,6.6,3.9,5.9,0.7,0.2,0.1,7.4,2.7,4.7,1.2,0.1,3.9,0.5,0.5,2.3,3.1,1.4,1.7,1.5,1.2,0.1,1.9,0.0,0.0,3.5,2.0,10.3,1.2,0.3,0.2,0.2,0.8,4.1,1.0,1.1,48.0,66.0,59.0,77.0,52.0,64.0,52.0
24,Jack McHale,Echuca,6,121.2,25.0,13.0,12.0,13.2,4.8,6.2,5.2,0.7,0.8,7.5,3.7,6.2,0.0,0.0,0.0,8.7,3.5,5.2,0.2,0.3,4.5,0.3,1.2,2.2,2.3,1.7,1.0,1.2,1.3,0.0,3.5,0.0,0.3,2.7,2.2,11.8,0.8,1.0,0.5,0.8,1.8,3.7,0.7,1.2,44.0,68.0,60.0,76.0,58.0,59.0,67.0
25,Tom Stapleton,Seymour,14,121.1,19.1,10.8,8.4,14.0,2.5,9.4,3.7,0.6,0.3,4.3,2.1,2.1,0.0,37.0,6.8,4.9,2.4,2.5,0.1,0.9,1.6,0.3,0.7,1.7,4.6,3.1,2.4,1.4,1.9,0.1,2.0,0.0,0.4,3.1,1.1,4.9,0.4,0.1,0.4,1.1,0.1,1.6,0.4,0.4,66.0,52.0,46.0,61.0,50.0,50.0,41.0
26,Max Mahoney,Mansfield,8,120.9,24.6,14.2,10.4,14.8,5.6,5.1,5.6,1.0,1.8,7.2,4.9,6.0,2.0,0.2,0.0,8.9,3.4,5.5,0.5,2.2,3.4,1.0,1.0,1.1,2.8,1.2,1.6,2.8,1.6,0.2,2.2,0.0,0.1,3.1,2.8,10.8,0.9,0.5,0.1,0.6,1.4,4.0,0.6,0.5,36.0,62.0,50.0,78.0,47.0,61.0,54.0
27,Marty Hore,Rochester,3,120.3,25.7,23.0,2.7,7.3,6.0,0.0,2.3,0.3,0.0,3.3,10.0,2.0,0.0,0.0,0.0,3.7,0.3,3.3,2.3,2.0,4.0,4.3,0.0,0.0,0.0,0.0,9.7,1.7,1.7,7.3,4.7,0.0,0.3,3.7,1.3,2.7,0.0,0.0,4.3,0.0,0.0,1.7,0.3,0.0,100.0,65.0,64.0,75.0,29.0,0.0,55.0
28,Kaine Herbert,Kyabram,21,120.1,29.0,20.3,8.7,9.7,6.0,7.0,6.3,0.8,0.6,6.5,3.7,3.1,0.1,0.2,0.0,6.4,1.7,4.7,1.0,0.4,5.7,0.5,0.5,1.8,3.4,1.8,2.4,0.9,0.8,0.2,1.8,0.0,0.1,3.4,1.9,5.1,0.0,0.4,0.4,1.0,0.6,2.1,0.4,1.2,53.0,64.0,57.0,81.0,54.0,54.0,55.0
29,Thomas Sullivan,Tatura,15,119.3,28.5,14.4,14.1,15.7,6.1,6.3,2.9,0.3,0.2,2.5,5.1,5.3,0.0,0.2,0.1,8.7,4.2,4.5,0.1,1.5,4.6,1.1,0.4,1.6,2.9,1.8,1.9,1.7,2.1,0.1,2.1,0.0,0.8,4.4,1.3,10.2,1.1,0.3,0.3,0.2,0.1,3.9,1.3,0.2,57.0,68.0,56.0,80.0,45.0,62.0,61.0
30,Ethan Warburton,Shepparton Swans,18,118.9,29.6,22.6,7.1,5.8,5.8,1.1,2.6,0.2,0.3,3.6,6.8,0.9,2.2,0.0,0.0,4.2,0.8,3.4,2.7,0.6,5.2,2.1,0.2,0.1,0.8,0.2,8.0,0.5,0.4,7.2,3.7,0.0,0.2,2.5,0.7,1.9,0.0,0.3,2.9,0.5,0.0,0.6,0.3,0.2,33.0,75.0,72.0,84.0,57.0,70.0,67.0
31,Oliver Warburton,Shepparton Swans,9,118.2,29.4,16.0,13.4,11.1,5.9,6.3,5.4,0.6,0.8,5.8,3.7,4.4,1.1,0.2,0.0,7.4,1.9,5.6,0.8,0.7,5.2,0.2,0.4,1.7,2.6,2.1,1.9,0.7,0.3,0.0,1.2,0.0,0.1,3.2,1.9,6.6,0.4,0.0,0.2,0.6,0.3,3.3,0.8,0.7,41.0,67.0,55.0,81.0,53.0,63.0,76.0
32,Nate Rasmussen,Rochester,18,117.9,26.4,15.9,10.5,11.2,4.9,6.8,5.4,0.7,0.6,6.4,4.2,4.3,1.3,0.1,0.0,8.1,2.8,5.2,1.2,0.2,4.7,0.3,0.4,1.6,3.4,1.8,1.9,1.1,1.0,0.1,1.2,0.0,0.3,2.7,2.1,7.3,0.6,0.1,0.3,0.3,0.6,2.9,0.8,1.4,54.0,69.0,60.0,82.0,63.0,61.0,69.0
33,Anthony Depasquale,Kyabram,9,116.7,21.6,16.4,5.1,8.1,10.0,0.4,2.3,4.0,2.8,9.7,1.7,2.2,0.1,0.0,0.0,3.7,2.0,1.7,0.1,3.0,7.0,0.3,5.6,0.1,0.1,0.2,0.7,1.0,1.4,0.0,1.3,0.0,0.0,0.9,2.9,5.2,0.9,0.0,0.2,0.2,1.4,0.8,0.0,0.8,59.0,61.0,59.0,67.0,52.0,75.0,67.0
34,Huw Jones,Seymour,18,116.2,26.3,21.4,4.8,6.6,8.2,0.9,1.7,0.1,0.1,3.8,7.4,3.0,0.4,0.0,0.0,4.4,1.5,2.9,1.4,0.7,7.5,2.5,0.2,0.1,0.4,0.3,7.2,0.7,0.4,6.4,1.4,0.0,0.8,2.6,0.5,5.1,0.4,0.1,0.7,0.2,0.0,1.7,1.3,0.2,66.0,76.0,74.0,84.0,73.0,44.0,62.0
35,Jordan Haynes,Shepparton United,14,116.1,25.8,15.4,10.4,11.4,6.4,6.0,4.8,0.1,0.3,4.9,4.2,6.6,0.1,0.0,0.0,6.9,2.9,4.1,0.3,0.8,5.6,0.6,0.1,2.0,2.8,1.2,1.9,2.0,1.4,0.0,2.4,0.0,0.2,3.5,1.9,11.1,1.1,0.5,0.4,0.4,1.0,4.6,1.0,0.7,33.0,65.0,60.0,72.0,55.0,69.0,73.0
36,Max Clohesy,Shepparton Swans,10,115.6,24.0,13.7,10.3,11.2,4.8,5.3,4.0,0.3,0.2,5.6,5.5,7.5,0.4,0.2,0.0,7.2,2.4,4.8,0.4,0.4,4.4,0.3,0.2,0.8,3.2,1.3,2.1,2.3,0.8,0.1,2.0,0.0,0.2,3.0,1.6,11.9,1.1,0.4,0.5,0.0,0.6,5.8,1.1,1.1,60.0,68.0,59.0,80.0,53.0,68.0,48.0
37,James Bennett,Tatura,17,115.4,29.1,14.9,14.2,14.8,5.6,8.2,4.8,0.1,0.0,2.2,2.5,5.6,0.2,0.1,0.0,9.6,3.5,6.1,1.4,0.5,5.2,0.1,0.1,2.8,3.4,2.0,2.8,1.6,2.1,0.0,1.5,0.0,0.3,4.4,1.7,10.4,0.9,0.2,0.2,0.2,0.5,3.8,1.4,0.3,100.0,60.0,46.0,74.0,36.0,58.0,53.0
38,Sam Thomson,Mansfield,17,115.4,25.1,14.4,10.7,12.5,6.1,7.2,4.2,0.8,0.8,5.1,3.5,5.4,0.2,0.1,0.0,8.3,3.1,5.2,0.2,0.7,5.4,0.3,0.7,2.0,3.1,2.1,1.9,1.4,1.0,0.0,2.1,0.0,0.5,3.4,1.9,12.6,1.1,0.6,0.1,0.3,1.4,2.8,1.1,0.7,48.0,58.0,47.0,73.0,46.0,51.0,73.0
39,Kai Madgwick,Mooroopna,19,115.0,32.2,20.1,12.2,10.4,4.7,6.6,5.6,0.3,0.3,4.2,3.6,3.4,0.7,0.1,0.0,6.8,1.8,4.9,2.3,0.1,4.6,0.3,0.2,1.8,2.7,2.1,3.6,1.0,1.1,0.1,1.6,0.0,0.3,3.9,2.4,6.8,0.6,0.3,0.1,0.5,0.4,2.4,0.6,0.5,54.0,63.0,51.0,82.0,44.0,47.0,62.0
40,Hugh Byrne,Echuca,9,114.4,17.3,10.4,6.9,8.9,7.3,2.1,3.1,2.0,1.3,6.8,2.4,2.0,0.0,14.7,1.9,4.0,1.6,2.4,0.2,2.6,4.8,0.9,2.2,0.3,0.9,0.9,1.1,1.6,0.8,0.0,2.7,0.0,0.2,1.1,0.6,3.6,0.1,0.4,1.1,0.8,0.6,1.2,0.2,1.3,60.0,67.0,62.0,74.0,68.0,42.0,80.0
41,Coby McCarthy,Kyabram,20,113.9,28.4,12.6,15.8,13.9,5.0,5.5,3.2,0.5,0.8,6.7,3.5,5.7,0.1,0.0,0.0,9.1,4.3,4.8,0.7,0.2,4.8,0.1,0.3,1.5,2.2,1.8,1.3,1.6,2.0,0.1,1.4,0.0,0.2,3.4,1.4,8.3,0.3,0.2,0.1,0.6,1.6,3.7,0.3,1.1,34.0,70.0,57.0,81.0,58.0,63.0,62.0
42,David Mennen,Benalla,15,113.7,28.3,20.9,7.4,9.7,5.9,3.0,3.0,0.2,0.4,3.6,6.5,2.3,0.9,0.0,0.0,6.1,1.9,4.2,1.7,1.0,4.9,1.5,0.4,0.8,1.5,0.7,7.3,1.1,1.4,5.9,2.9,0.0,0.9,4.0,1.1,4.9,0.3,0.5,1.9,0.1,0.1,1.5,0.6,0.5,30.0,66.0,66.0,66.0,51.0,58.0,64.0
43,Isaac Dowling,Mooroopna,19,113.4,25.7,14.6,11.1,10.4,5.6,5.4,3.7,0.5,0.5,5.1,4.2,3.7,0.1,0.0,0.0,6.6,2.2,4.4,0.4,0.4,5.2,0.4,0.5,1.4,2.6,1.4,1.9,1.4,1.1,0.2,1.9,0.0,0.2,1.9,1.2,7.7,0.7,0.5,0.5,0.2,0.3,2.8,0.6,0.8,50.0,70.0,64.0,79.0,59.0,65.0,70.0
44,Finn Radley,Tatura,17,112.6,18.2,14.9,3.4,6.4,9.5,0.1,0.6,0.1,0.0,1.2,8.1,2.2,0.0,0.0,0.0,3.3,0.7,2.6,0.1,2.2,7.4,4.2,0.1,0.0,0.1,0.1,3.9,0.6,0.6,0.7,4.5,0.0,0.8,1.5,0.2,3.6,0.2,0.1,3.9,0.2,0.0,1.0,1.2,0.2,100.0,76.0,74.0,82.0,55.0,50.0,58.0
45,Jack Murphy,Seymour,16,111.9,25.7,16.2,9.5,7.9,7.1,3.0,3.4,1.5,0.6,7.4,3.5,2.6,0.6,0.2,0.1,5.1,1.5,3.6,1.4,0.3,6.8,0.4,1.0,1.2,1.2,0.6,2.4,0.9,0.8,1.3,2.0,0.0,0.3,2.0,1.2,5.4,0.6,0.2,0.3,0.7,0.4,1.7,0.4,1.2,70.0,74.0,68.0,86.0,46.0,63.0,61.0
46,Christopher Welsh,Benalla,16,111.0,29.1,15.8,13.3,11.9,6.2,6.2,4.7,0.4,0.1,3.9,2.8,3.8,0.1,0.1,0.0,8.2,3.4,4.9,0.4,0.4,5.8,0.4,0.2,2.2,2.2,1.8,2.6,1.4,1.6,0.4,1.7,0.0,0.5,3.8,1.9,7.6,0.4,0.6,0.2,0.2,0.1,2.8,0.9,0.5,66.0,64.0,58.0,72.0,45.0,68.0,69.0
47,Cody Walker,Echuca,2,111.0,23.0,13.5,9.5,15.5,4.0,5.0,5.0,0.5,1.0,6.0,4.0,6.5,0.0,0.0,0.0,11.5,3.5,8.0,0.0,1.0,3.0,0.5,0.0,1.5,2.0,1.5,1.0,1.5,2.0,0.0,1.0,0.0,0.0,3.5,0.5,9.0,0.5,0.5,0.0,0.0,1.0,5.0,0.5,0.5,33.0,72.0,67.0,79.0,80.0,60.0,100.0
48,Liam Tenace,Echuca,13,110.1,15.3,9.4,5.9,9.8,6.5,3.2,1.6,1.2,0.6,5.4,3.6,1.9,0.0,20.5,4.5,3.5,1.5,2.1,0.1,3.2,3.3,1.8,1.7,0.7,1.7,0.8,0.8,1.3,0.5,0.0,1.5,0.0,0.1,1.3,0.8,3.5,0.2,0.2,0.9,0.2,0.2,1.4,0.3,0.2,65.0,71.0,66.0,78.0,71.0,63.0,55.0
49,Tom Sullivan,Tatura,1,110.0,26.0,16.0,10.0,14.0,4.0,9.0,4.0,0.0,1.0,3.0,3.0,5.0,0.0,2.0,0.0,6.0,4.0,2.0,0.0,1.0,3.0,0.0,0.0,3.0,4.0,2.0,2.0,2.0,2.0,0.0,0.0,0.0,0.0,2.0,3.0,7.0,0.0,0.0,0.0,0.0,1.0,2.0,2.0,0.0,0.0,69.0,69.0,70.0,25.0,67.0,100.0
50,Riley Mason,Seymour,12,109.8,18.2,13.6,4.7,9.0,8.4,0.5,2.2,3.9,2.7,10.2,1.8,1.2,0.1,0.8,0.2,4.3,1.5,2.8,0.0,3.2,5.2,0.3,5.2,0.0,0.3,0.2,0.2,1.1,0.6,0.0,1.7,0.0,0.1,0.8,1.8,3.6,0.4,0.2,0.8,0.2,0.9,0.2,0.0,1.3,59.0,62.0,57.0,75.0,58.0,67.0,100.0
51,Jack Evans,Echuca,20,109.4,27.8,18.2,9.6,9.1,5.5,2.6,5.0,0.5,0.6,6.2,4.8,2.4,0.1,0.0,0.0,7.2,2.6,4.6,1.3,0.3,5.2,0.7,0.1,0.7,1.2,0.8,3.1,0.8,0.8,2.5,1.1,0.0,0.1,2.5,1.8,5.2,0.3,0.3,0.2,0.1,0.2,1.8,0.3,1.1,45.0,72.0,69.0,80.0,55.0,70.0,73.0
52,Cohen Paul,Euroa,10,107.6,19.8,13.9,5.9,9.0,6.6,1.2,2.7,1.8,1.6,6.4,6.5,2.3,0.1,1.6,0.3,4.7,1.7,3.0,0.4,2.1,4.5,2.1,2.3,0.4,0.4,0.4,2.2,1.8,1.5,0.2,2.9,0.0,0.5,2.1,2.0,5.2,0.4,0.3,1.8,0.4,0.5,1.2,0.6,0.3,52.0,61.0,58.0,68.0,41.0,58.0,59.0
53,Brad Whitford,Kyabram,17,106.8,25.4,20.5,4.8,5.6,5.7,0.8,1.6,0.1,0.1,3.4,7.3,1.2,0.1,0.1,0.0,3.4,0.9,2.5,1.1,1.4,4.4,3.3,0.1,0.1,0.6,0.1,7.9,0.5,1.0,7.8,1.9,0.0,0.3,2.8,0.5,3.4,0.2,0.4,1.0,0.4,0.0,0.9,0.4,0.4,50.0,78.0,76.0,87.0,50.0,54.0,66.0
54,Jed Woods,Mooroopna,12,106.3,23.6,10.2,13.4,12.4,3.1,5.2,3.7,0.8,0.2,4.6,3.2,6.0,0.2,0.1,0.1,8.9,3.5,5.4,0.8,0.2,2.9,0.0,0.1,1.0,3.1,1.2,1.3,1.0,1.5,0.1,1.8,0.0,0.4,2.0,1.2,10.8,0.7,0.3,0.4,0.3,0.7,4.5,0.8,0.5,76.0,73.0,62.0,82.0,64.0,73.0,50.0
55,Ben Les,Mansfield,3,105.3,22.0,16.7,5.3,5.3,7.0,0.0,1.0,0.0,0.0,1.0,8.3,1.3,0.0,0.0,0.0,3.7,0.7,3.0,1.0,1.3,5.7,4.0,0.0,0.0,0.0,0.0,6.7,0.0,0.7,5.7,3.0,0.0,0.3,2.3,0.7,2.3,0.3,0.0,2.0,0.7,0.3,0.7,0.3,0.0,0.0,79.0,78.0,81.0,0.0,0.0,70.0
56,Kaedyn Napier,Shepparton United,18,104.9,21.1,15.6,5.5,6.3,8.7,1.3,1.9,0.2,0.1,3.7,5.3,2.2,0.3,3.7,0.9,3.8,0.9,2.9,0.6,0.8,7.8,1.8,0.3,0.3,0.8,0.3,3.8,1.3,0.9,2.1,2.5,0.0,0.3,1.9,0.5,4.1,0.5,0.1,1.5,0.4,0.1,0.9,1.1,0.4,75.0,77.0,75.0,82.0,57.0,58.0,65.0
57,Nicholas Warnock,Benalla,12,104.7,18.1,13.7,4.4,6.9,9.3,0.2,0.6,0.0,0.1,1.5,9.2,1.3,0.1,0.5,0.2,3.0,1.2,1.8,0.0,2.8,6.5,5.3,0.2,0.0,0.2,0.1,3.6,0.6,0.2,0.2,3.2,0.0,0.5,3.2,0.2,2.7,0.2,0.1,2.1,0.6,0.2,0.3,0.8,0.1,0.0,68.0,64.0,81.0,71.0,67.0,63.0
58,Enrique Goggin,Shepparton Swans,18,104.0,22.2,15.2,7.0,8.1,6.6,2.4,3.0,0.2,0.3,2.9,5.9,3.9,0.8,0.0,0.0,6.4,2.7,3.7,0.9,0.2,6.3,0.8,0.2,0.6,1.1,0.7,3.7,1.3,0.7,0.2,2.7,0.0,0.2,2.5,1.1,6.1,0.4,0.1,1.6,0.6,0.2,2.5,1.2,0.4,37.0,66.0,63.0,74.0,43.0,56.0,59.0
59,Joel Serra,Shepparton United,17,103.8,26.0,12.7,13.3,12.7,3.9,7.1,3.6,0.3,0.2,5.0,4.6,3.8,0.5,0.1,0.1,8.2,3.9,4.2,0.3,0.2,3.8,0.3,0.1,1.9,3.2,2.1,1.6,1.0,1.4,0.0,1.6,0.0,0.3,3.2,1.4,7.2,0.9,0.1,0.2,0.4,0.2,3.1,0.5,0.4,62.0,64.0,54.0,75.0,48.0,58.0,57.0
60,Samuel Reid,Echuca,11,103.5,23.7,11.0,12.7,12.8,3.1,6.2,3.4,1.2,0.6,7.4,3.7,4.6,0.1,0.1,0.0,8.1,3.7,4.4,0.4,0.4,2.7,0.2,0.6,2.0,2.5,1.7,0.6,0.9,1.5,0.5,1.5,0.0,0.4,2.2,1.5,6.9,0.5,0.0,0.3,0.5,0.7,3.5,0.4,1.0,65.0,67.0,60.0,74.0,65.0,72.0,43.0
61,Jacob Watts,Shepparton Bears,15,103.0,20.7,12.5,8.1,9.3,4.8,4.3,5.9,1.1,0.7,6.6,3.2,5.1,0.9,0.2,0.1,6.1,2.5,3.6,0.2,0.5,4.3,0.5,0.6,1.1,1.9,1.3,1.4,1.1,1.4,0.0,2.3,0.0,0.0,2.7,1.6,9.4,1.0,0.3,0.3,0.5,0.8,3.9,0.4,1.3,61.0,65.0,59.0,75.0,64.0,54.0,48.0
62,Jack Mckernan,Euroa,16,102.8,18.1,11.9,6.2,5.7,7.4,2.2,1.9,0.3,0.3,3.9,2.6,2.3,0.1,18.4,4.9,2.8,1.1,1.7,0.2,1.0,6.4,1.1,0.4,0.4,0.8,1.0,2.2,0.9,0.7,0.1,1.7,0.0,0.2,1.7,0.6,3.4,0.2,0.2,0.9,0.3,0.2,1.6,0.5,0.5,50.0,72.0,69.0,80.0,60.0,71.0,77.0
63,Liam Serra,Shepparton United,18,102.7,22.3,14.7,7.6,6.9,9.6,0.5,3.9,1.6,1.2,6.8,2.1,2.8,0.2,0.0,0.0,4.6,2.1,2.6,0.3,1.2,8.4,0.2,2.3,0.1,0.2,0.2,0.4,0.9,0.9,0.0,1.3,0.0,0.0,1.3,1.7,5.2,0.7,0.1,0.4,0.2,1.2,1.5,0.1,0.9,56.0,69.0,62.0,82.0,49.0,56.0,75.0
64,Xavier Stevenson,Shepparton Bears,8,102.6,25.0,13.5,11.5,9.0,6.2,5.1,3.6,0.5,0.4,4.0,2.6,4.9,0.0,0.0,0.0,5.4,1.8,3.6,1.2,0.0,6.2,0.2,0.2,1.9,1.8,1.5,1.8,1.5,1.1,0.0,1.2,0.0,0.0,2.6,1.6,9.0,0.6,0.2,0.1,0.2,1.0,3.4,0.5,0.1,57.0,68.0,53.0,85.0,38.0,63.0,64.0
65,Bailey Wileman,Rochester,16,101.6,23.2,11.1,12.1,13.9,2.6,5.7,4.3,0.5,0.2,4.6,4.3,5.9,0.3,0.1,0.0,10.9,5.6,5.3,0.7,0.1,2.5,0.2,0.2,1.6,2.9,1.2,1.2,1.4,2.1,0.0,2.2,0.0,0.2,2.5,2.6,11.8,1.2,0.4,0.3,0.2,1.1,4.0,0.8,0.4,61.0,64.0,53.0,74.0,46.0,70.0,50.0
66,Jaron Murphy,Seymour,16,101.2,20.5,14.2,6.2,6.2,7.0,1.4,3.8,1.9,1.3,6.2,4.6,2.2,0.6,0.0,0.0,3.8,0.8,3.0,1.4,0.8,6.2,1.5,1.3,0.2,0.8,0.5,1.7,1.2,0.9,1.1,2.6,0.0,0.3,2.0,1.1,6.1,0.5,0.4,1.0,0.6,0.2,1.7,0.2,0.6,57.0,71.0,66.0,84.0,48.0,87.0,70.0
67,Ryan Hill,Euroa,17,100.8,24.5,18.0,6.5,7.1,4.6,0.8,1.2,0.1,0.0,2.1,6.8,3.4,0.1,0.0,0.0,5.0,1.2,3.8,1.1,0.6,4.0,1.8,0.1,0.2,0.4,0.3,7.2,0.9,1.0,6.2,2.9,0.0,0.5,3.3,0.7,5.9,0.2,0.2,1.9,0.4,0.2,1.3,1.9,0.1,100.0,73.0,71.0,77.0,30.0,86.0,67.0
68,Jackson Stewart,Echuca,21,100.3,24.0,11.4,12.6,11.4,2.9,6.0,3.4,0.4,0.7,5.2,3.4,5.9,0.3,0.0,0.0,7.6,2.3,5.2,0.6,0.1,2.8,0.2,0.2,1.6,3.1,1.4,0.9,1.5,1.1,0.0,1.8,0.0,0.2,2.5,1.8,11.9,1.0,0.4,0.1,0.2,1.2,4.1,0.5,0.6,39.0,64.0,51.0,76.0,54.0,64.0,47.0
69,Jett Trotter,Euroa,17,99.5,21.2,12.5,8.6,8.2,4.4,2.7,5.1,1.5,0.8,6.1,2.8,2.8,0.3,0.1,0.0,6.0,2.3,3.7,1.6,0.5,3.9,0.2,0.9,0.6,0.8,1.2,1.1,1.4,0.6,0.1,1.6,0.0,0.1,1.8,1.1,5.8,0.6,0.4,0.2,0.4,0.7,1.7,0.4,1.1,65.0,71.0,63.0,82.0,64.0,87.0,61.0
70,Baxter Slater,Echuca,11,99.3,22.3,11.7,10.5,10.0,5.6,2.8,4.5,0.9,0.7,6.7,4.0,3.0,0.5,0.0,0.0,8.2,3.2,5.0,0.5,0.1,5.5,0.5,0.8,0.8,1.4,0.6,1.0,0.9,1.1,0.0,1.1,0.0,0.0,2.2,1.5,6.0,0.5,0.2,0.2,0.1,0.6,1.9,0.5,1.4,55.0,67.0,59.0,76.0,65.0,74.0,73.0
71,Aidan Robinson,Kyabram,16,98.8,13.2,9.6,3.6,6.4,5.2,1.4,2.1,2.1,0.9,6.1,2.6,3.2,0.2,15.2,2.9,2.7,1.2,1.5,0.3,2.1,3.1,1.2,2.3,0.1,0.7,0.6,0.8,1.4,1.1,0.2,2.7,0.0,0.2,0.7,1.2,5.2,0.2,0.1,1.5,0.8,1.1,2.0,0.2,0.5,70.0,64.0,62.0,71.0,42.0,68.0,62.0
72,Coby James,Mooroopna,20,98.7,23.6,16.7,6.9,5.3,6.7,0.8,2.1,0.1,0.2,2.8,6.7,2.8,1.1,0.0,0.0,3.9,0.9,3.0,1.6,0.4,6.2,1.9,0.1,0.1,0.4,0.3,5.2,0.8,1.0,3.7,1.8,0.0,0.4,2.5,0.6,5.8,0.8,0.1,0.8,0.1,0.1,1.6,1.0,0.3,20.0,74.0,73.0,78.0,51.0,71.0,63.0
73,Mitchell Wales,Echuca,18,97.9,22.3,13.8,8.5,9.3,4.1,6.0,5.5,0.7,0.4,6.1,2.3,5.1,0.1,0.0,0.0,6.2,1.9,4.3,0.8,0.3,3.8,0.1,0.4,1.6,2.7,1.7,0.9,0.9,1.2,0.0,1.4,0.0,0.1,2.2,2.6,7.6,0.3,0.3,0.1,0.6,0.8,3.9,0.4,1.1,63.0,70.0,58.0,90.0,54.0,69.0,65.0
74,Kade Odwyer,Shepparton Bears,21,97.9,20.6,8.9,11.7,12.2,2.4,5.0,3.8,0.7,0.5,5.3,3.4,5.5,1.0,0.1,0.0,7.9,3.8,4.0,0.1,0.2,2.2,0.1,0.6,1.7,2.3,1.1,0.4,1.3,1.3,0.0,2.0,0.0,0.0,1.3,1.8,9.6,0.8,0.3,0.4,0.5,1.3,4.0,0.2,0.8,57.0,70.0,59.0,78.0,51.0,76.0,63.0
75,Cooper Hamilton,Rochester,10,97.7,20.4,9.8,10.6,9.0,3.9,4.2,4.0,0.2,0.3,4.4,3.4,8.0,0.2,0.0,0.0,5.7,2.2,3.5,0.8,0.4,3.5,0.9,0.5,1.3,2.3,0.6,1.1,1.3,1.3,0.1,2.2,0.0,0.1,2.5,1.7,13.0,1.0,0.3,0.4,0.5,1.6,4.7,1.7,0.5,40.0,71.0,57.0,83.0,58.0,76.0,64.0
76,Jayden Gleeson,Euroa,15,96.8,28.1,18.3,9.7,7.8,6.0,3.3,3.0,0.1,0.1,3.1,3.1,2.8,0.5,0.0,0.0,5.6,1.7,3.9,2.1,0.3,5.7,0.3,0.1,1.0,1.7,0.7,5.0,0.5,1.5,2.9,2.1,0.0,0.2,3.5,1.7,5.5,1.0,0.1,0.3,0.6,0.5,1.9,0.5,0.3,33.0,69.0,63.0,79.0,36.0,60.0,61.0
77,Malik Gordon,Echuca,17,95.5,15.9,11.9,4.0,7.4,7.2,1.1,3.2,2.1,1.9,7.5,2.6,2.8,0.1,1.6,0.5,3.8,1.2,2.6,0.1,1.9,5.3,1.2,2.9,0.1,0.5,0.5,0.6,0.9,1.3,0.0,2.4,0.0,0.1,1.0,1.4,5.4,0.8,0.5,0.4,0.6,1.1,1.4,0.3,1.3,52.0,58.0,50.0,81.0,48.0,61.0,60.0
78,Rhys Clark,Kyabram,12,95.2,17.8,15.1,2.7,9.4,6.4,2.1,3.7,1.5,1.8,6.2,3.0,2.1,0.6,0.6,0.0,4.7,1.7,3.0,0.5,2.5,3.9,1.0,2.2,0.9,0.7,0.5,1.8,1.2,0.9,0.1,2.4,0.0,0.1,1.9,1.7,4.5,0.9,0.2,0.8,0.6,0.8,1.0,0.2,0.9,46.0,54.0,52.0,66.0,55.0,56.0,59.0
79,Kevin Maroney,Benalla,16,94.8,23.6,17.4,6.2,5.2,6.8,1.6,1.7,0.1,0.0,2.4,4.4,1.1,0.6,0.0,0.0,3.2,1.1,2.2,1.9,0.6,6.2,1.2,0.0,0.2,0.9,0.4,6.1,0.7,0.7,3.9,2.8,0.0,0.8,2.8,0.2,3.2,0.1,0.2,2.1,0.3,0.0,0.7,0.4,0.4,100.0,73.0,69.0,82.0,67.0,62.0,59.0
80,Jacob Gleeson,Euroa,14,94.6,22.6,12.6,10.0,6.9,6.1,2.6,3.1,0.5,0.4,4.0,3.0,4.9,1.0,0.0,0.0,4.0,1.1,2.9,0.8,0.5,5.6,0.6,0.6,0.7,1.4,0.5,1.9,1.1,1.2,0.4,1.8,0.0,0.4,2.3,1.4,9.9,1.0,0.3,0.1,0.3,0.9,3.1,1.0,0.9,53.0,72.0,64.0,82.0,59.0,65.0,62.0
81,Nathan Beattie,Seymour,14,94.6,21.3,12.5,8.8,6.9,7.3,2.5,3.0,0.4,0.4,6.0,2.6,4.4,0.0,0.0,0.0,4.9,2.2,2.6,0.9,0.6,6.7,0.3,0.9,0.6,1.1,0.8,1.6,0.6,1.3,0.0,1.7,0.0,0.1,2.0,1.4,8.2,0.9,0.3,0.2,0.1,1.2,2.9,0.4,1.4,41.0,72.0,67.0,79.0,57.0,66.0,74.0
82,Darby Jones,Echuca,19,94.4,13.1,8.4,4.7,7.9,4.7,2.4,1.4,1.7,0.8,5.8,2.4,2.6,0.0,17.8,4.1,3.4,1.1,2.3,0.1,2.2,2.5,0.8,2.1,0.4,0.8,1.2,1.0,0.9,1.1,0.0,1.8,0.0,0.2,1.2,0.9,4.6,0.2,0.2,0.8,0.6,0.3,2.1,0.3,0.5,68.0,67.0,60.0,79.0,52.0,54.0,47.0
83,Jason Morgan,Kyabram,16,94.1,15.4,10.1,5.3,5.9,7.6,0.2,0.4,0.0,0.1,2.2,8.5,1.2,0.1,0.0,0.0,3.3,1.4,1.9,0.1,2.2,5.4,4.2,0.0,0.0,0.1,0.1,3.3,0.4,0.6,0.2,2.2,0.0,0.5,1.3,0.2,2.8,0.2,0.1,1.8,0.2,0.0,0.4,0.9,0.1,0.0,81.0,79.0,85.0,43.0,67.0,66.0
84,Adam Fichera,Shepparton Swans,19,93.9,18.0,14.4,3.6,5.4,5.8,0.9,0.5,0.1,0.1,2.1,5.9,2.6,0.5,0.0,0.0,3.5,1.3,2.2,0.8,0.7,5.1,2.2,0.1,0.1,0.4,0.4,4.7,1.1,0.4,2.8,3.8,0.0,0.7,1.4,0.2,5.1,0.4,0.3,2.5,0.3,0.0,1.1,1.5,0.1,50.0,78.0,78.0,81.0,56.0,29.0,71.0
85,Kieran Andrew,Tatura,16,93.9,21.6,17.2,4.4,7.6,5.6,2.1,2.2,0.2,0.2,2.3,5.1,4.0,0.2,0.0,0.0,4.8,2.2,2.6,0.8,0.6,4.9,1.4,0.1,0.7,0.8,0.6,4.1,1.2,1.4,3.0,3.3,0.0,0.6,3.2,0.7,8.1,0.9,0.8,1.1,0.4,0.0,2.4,1.6,0.3,42.0,66.0,63.0,74.0,49.0,45.0,63.0
86,Jayden Howes,Mansfield,15,92.8,18.5,9.5,9.0,10.3,3.5,4.9,4.0,0.3,0.9,5.7,4.2,5.3,0.0,0.8,0.2,6.2,1.7,4.5,0.1,0.7,2.7,0.7,0.6,2.2,1.9,0.9,1.1,1.5,1.5,0.0,2.4,0.0,0.1,1.8,2.1,10.1,0.5,0.3,0.6,0.8,0.9,4.0,0.5,1.1,22.0,62.0,46.0,78.0,40.0,59.0,65.0
87,Darby Wilson,Euroa,17,92.8,19.7,9.9,9.8,10.0,3.5,3.8,1.6,0.2,0.2,2.9,4.6,5.1,0.5,0.0,0.0,6.6,2.8,3.9,0.5,0.6,2.8,0.6,0.1,0.9,1.5,1.4,2.2,1.7,0.9,0.1,2.9,0.0,0.3,2.5,0.8,11.2,1.5,0.3,1.0,0.0,0.3,3.1,1.6,0.2,50.0,73.0,63.0,83.0,64.0,71.0,57.0
88,Nathan Buchanan,Mansfield,17,92.7,23.6,18.5,5.2,7.5,4.2,1.8,3.7,0.4,0.6,4.2,4.4,2.6,0.2,0.1,0.0,5.3,0.8,4.5,1.3,0.4,3.8,0.6,0.2,0.2,0.8,0.7,5.4,1.1,0.2,5.1,1.5,0.0,0.4,2.4,1.2,5.8,0.6,0.1,0.2,0.6,0.2,1.6,0.8,0.4,38.0,65.0,62.0,75.0,52.0,67.0,62.0
89,Sean McAllister,Tatura,15,92.3,24.9,13.6,11.3,6.2,7.5,2.5,1.1,0.1,0.0,1.1,3.3,2.1,0.2,0.0,0.0,4.8,1.3,3.5,1.0,0.2,7.3,0.7,0.2,0.7,0.9,1.0,3.3,0.7,0.7,1.1,1.1,0.0,0.5,2.5,0.6,5.4,0.7,0.1,0.1,0.1,0.2,1.4,0.5,0.3,100.0,77.0,70.0,85.0,44.0,79.0,64.0
90,Jack Peris,Seymour,1,92.0,16.0,13.0,3.0,7.0,8.0,1.0,2.0,2.0,0.0,5.0,2.0,2.0,4.0,0.0,0.0,4.0,2.0,2.0,0.0,2.0,6.0,1.0,1.0,0.0,0.0,1.0,0.0,2.0,1.0,0.0,1.0,0.0,0.0,1.0,2.0,6.0,1.0,0.0,0.0,0.0,0.0,2.0,0.0,2.0,100.0,88.0,92.0,67.0,100.0,0.0,0.0
91,Nathan Rachele,Shepparton Swans,18,91.8,19.4,12.9,6.5,8.3,4.4,3.6,5.0,1.2,1.0,6.3,2.7,4.9,0.4,0.0,0.0,5.9,1.5,4.4,0.6,0.4,4.0,0.2,1.1,1.1,1.4,1.1,0.3,1.1,1.4,0.1,2.5,0.0,0.1,2.2,1.9,10.5,1.4,0.2,0.1,0.7,1.2,3.1,0.6,1.1,53.0,64.0,54.0,83.0,53.0,61.0,60.0
92,Liam Teague,Shepparton Bears,22,91.7,20.8,10.2,10.6,10.5,3.1,5.1,3.6,0.7,0.4,5.2,3.1,4.1,0.8,0.1,0.0,7.0,2.5,4.6,0.5,0.2,2.9,0.2,0.1,1.5,2.2,1.4,1.0,1.3,1.0,0.0,1.1,0.0,0.2,2.4,1.7,8.1,0.5,0.1,0.2,0.2,1.1,2.4,0.6,0.7,65.0,73.0,60.0,85.0,55.0,68.0,70.0
93,Tom Dunstan,Mansfield,11,91.6,19.8,11.5,8.4,7.5,3.3,3.1,3.0,0.2,0.0,3.5,4.9,5.3,0.5,0.0,0.0,4.7,2.0,2.7,1.6,0.4,2.9,0.7,0.3,0.5,1.5,1.1,2.9,1.7,1.5,1.6,3.1,0.0,0.5,2.5,0.8,8.6,0.4,0.4,1.6,0.4,0.5,3.3,1.5,0.6,100.0,72.0,63.0,86.0,52.0,76.0,69.0
94,Andrew Henderson,Rochester,16,91.6,16.7,9.9,6.8,9.2,5.6,1.4,2.1,0.8,0.8,4.2,4.3,2.8,0.0,2.8,0.7,5.7,2.6,3.1,0.1,1.3,4.3,1.1,1.4,0.1,0.8,0.5,1.8,1.2,0.9,0.1,1.9,0.0,0.1,0.8,1.4,5.1,0.2,0.3,1.2,0.1,1.2,1.2,0.4,0.7,48.0,64.0,62.0,69.0,50.0,45.0,71.0
95,Ryan Young,Tatura,17,90.8,10.1,5.3,4.8,5.9,1.5,3.1,1.9,0.1,0.2,1.8,1.8,2.1,0.1,43.6,12.1,2.7,0.8,1.9,0.2,0.5,1.0,0.4,0.1,0.9,1.4,0.8,0.9,1.4,0.5,0.0,2.0,0.0,0.2,1.7,0.9,3.8,0.2,0.1,0.9,0.6,0.0,1.7,0.4,0.2,40.0,53.0,32.0,77.0,25.0,40.0,56.0
96,Ben Darrou,Tatura,14,90.3,18.2,14.8,3.4,6.8,7.0,1.8,1.5,1.3,0.9,3.6,2.6,1.4,0.0,1.5,0.3,3.1,1.1,1.9,0.6,1.6,5.4,0.9,1.7,0.1,0.6,1.0,2.6,0.5,1.3,1.9,1.5,0.0,0.2,1.6,0.8,3.0,0.4,0.0,1.1,0.1,0.4,0.4,0.6,0.1,60.0,74.0,70.0,90.0,38.0,56.0,62.0
97,Zac Alderton,Shepparton Swans,10,90.1,20.8,12.8,8.0,11.6,3.4,7.5,4.4,0.3,0.2,3.8,2.2,4.1,0.2,0.0,0.0,7.6,3.1,4.5,0.2,0.2,3.2,0.1,0.2,1.5,3.8,2.2,1.1,1.3,1.4,0.0,1.4,0.0,0.1,3.6,1.9,8.1,0.2,0.2,0.2,0.7,0.5,2.9,0.7,0.9,60.0,61.0,54.0,73.0,64.0,67.0,55.0
98,Brett Mahoney,Mansfield,4,90.0,20.8,10.5,10.2,7.2,4.0,2.5,4.5,0.5,0.8,7.5,2.0,3.0,0.8,0.0,0.0,5.0,0.8,4.2,0.5,0.0,4.0,0.0,0.5,0.5,0.8,1.2,0.8,1.0,0.2,0.0,1.0,0.0,0.0,1.0,1.2,5.5,0.5,0.0,0.2,0.0,1.2,1.8,0.0,1.8,40.0,75.0,62.0,88.0,56.0,80.0,100.0
99,Harry Murdoch,Tatura,16,89.2,21.2,11.5,9.8,10.0,5.4,5.6,2.4,0.5,0.4,2.8,2.6,1.9,0.2,0.0,0.0,7.4,2.6,4.8,0.5,0.1,5.2,0.2,0.5,1.6,2.4,1.6,1.6,0.5,0.4,0.1,0.7,0.0,0.3,2.7,0.8,3.9,0.6,0.0,0.1,0.1,0.4,1.3,0.2,0.4,53.0,67.0,59.0,76.0,53.0,58.0,48.0
100,Tom Maloney,Seymour,5,89.0,18.8,10.2,8.6,10.2,5.2,3.8,4.6,0.6,0.8,6.2,2.6,4.8,0.2,0.0,0.0,7.2,2.6,4.6,0.0,1.2,4.0,0.4,0.6,0.8,1.8,1.2,0.4,1.4,1.4,0.0,1.4,0.0,0.2,2.2,2.2,8.6,0.6,0.2,0.0,0.6,2.0,2.4,0.4,1.0,42.0,62.0,51.0,74.0,52.0,68.0,0.0
101,Mitchell Grumley,Shepparton Swans,1,89.0,21.0,12.0,9.0,12.0,4.0,6.0,5.0,0.0,0.0,5.0,3.0,4.0,1.0,0.0,0.0,6.0,2.0,4.0,1.0,1.0,3.0,0.0,1.0,2.0,3.0,1.0,2.0,3.0,3.0,0.0,2.0,0.0,0.0,5.0,2.0,12.0,0.0,2.0,0.0,0.0,0.0,3.0,1.0,1.0,0.0,71.0,58.0,89.0,60.0,67.0,50.0
102,Benjamin Reardon,Mansfield,10,88.8,19.9,14.5,5.4,6.9,5.7,1.3,2.5,1.4,0.9,4.2,4.2,2.1,0.4,0.0,0.0,4.7,0.8,3.9,0.7,0.9,4.8,1.0,1.3,0.0,0.5,0.8,2.7,0.9,0.7,0.1,1.4,0.0,0.3,1.9,1.5,5.8,0.2,0.6,0.1,0.3,0.1,1.4,0.6,0.3,60.0,60.0,54.0,76.0,32.0,23.0,56.0
103,Dom Gugliotti,Mooroopna,20,88.8,19.6,12.0,7.6,4.8,5.3,0.6,0.8,0.0,0.0,2.3,5.3,2.8,0.2,0.0,0.0,2.8,1.0,1.8,0.4,0.8,4.5,1.6,0.1,0.1,0.1,0.3,4.8,1.0,0.8,3.8,2.8,0.0,0.3,1.9,0.2,4.8,0.1,0.1,2.2,0.3,0.1,0.8,1.9,0.2,0.0,80.0,77.0,86.0,53.0,100.0,67.0
104,Jensen Dowling,Shepparton United,18,88.7,10.4,5.2,5.2,6.7,1.8,3.4,1.5,0.4,0.3,4.2,1.4,1.4,0.0,45.3,9.3,2.2,0.9,1.3,0.1,0.5,1.3,0.3,0.4,0.6,1.4,1.4,0.9,1.4,1.2,0.0,1.7,0.0,0.0,1.7,0.6,2.8,0.0,0.4,0.4,0.8,0.4,0.9,0.1,0.3,61.0,60.0,53.0,67.0,59.0,48.0,25.0
105,Seymour 49,Seymour,4,88.5,18.5,16.2,2.2,5.0,7.5,0.5,4.0,1.2,0.0,6.0,2.5,1.8,0.0,0.0,0.0,2.2,0.8,1.5,1.2,1.5,6.0,0.2,0.8,0.0,0.2,0.2,1.2,0.8,1.2,0.0,1.5,0.0,0.2,1.5,0.8,6.2,0.8,0.0,0.5,0.2,1.2,0.5,0.0,1.2,100.0,81.0,80.0,89.0,81.0,50.0,80.0
106,Hugh Hamilton,Rochester,12,88.4,16.8,12.4,4.4,8.2,3.8,3.0,4.0,2.4,1.8,6.5,1.3,3.0,0.0,0.0,0.0,4.4,1.8,2.6,0.2,1.2,2.6,0.2,2.1,0.8,1.2,1.0,0.2,1.8,0.8,0.0,0.8,0.0,0.1,0.8,1.8,5.1,0.2,0.1,0.2,0.2,1.2,1.7,0.1,0.6,56.0,55.0,50.0,68.0,50.0,47.0,50.0
107,Jesse Cucinotta,Shepparton United,17,88.2,22.1,16.3,5.8,6.1,6.1,2.3,3.6,0.1,0.1,4.4,4.9,3.0,0.2,0.0,0.0,4.2,1.1,3.2,0.5,0.2,5.9,0.8,0.4,0.4,1.0,0.9,2.0,1.0,0.9,0.4,2.4,0.0,0.4,2.9,0.9,7.1,1.2,0.2,0.6,0.2,0.2,1.9,0.9,0.7,50.0,65.0,62.0,72.0,53.0,51.0,53.0
108,Flynn Grumley,Shepparton Swans,4,87.8,20.5,11.5,9.0,8.5,3.5,2.2,3.0,0.0,0.0,2.8,6.5,3.8,0.2,0.0,0.0,7.0,2.5,4.5,0.0,0.0,3.5,0.5,0.0,0.2,1.5,0.5,3.5,0.5,0.5,0.2,2.2,0.0,0.8,2.2,1.0,10.5,0.5,0.0,1.2,0.2,0.2,2.5,1.0,0.2,0.0,60.0,50.0,72.0,50.0,78.0,64.0
109,Bohden Learmonth,Kyabram,19,87.5,20.9,11.9,9.0,6.4,7.2,2.0,1.8,0.1,0.3,4.7,3.6,2.2,0.1,0.0,0.0,4.6,1.4,3.3,0.4,0.8,6.4,0.9,0.4,0.3,0.8,0.9,1.3,0.6,0.6,0.0,1.8,0.0,0.1,1.4,0.7,5.1,0.7,0.4,0.4,0.2,0.3,1.7,0.3,0.7,16.0,78.0,73.0,85.0,65.0,63.0,88.0
110,Lachlan Hogan,Echuca,19,86.8,21.3,11.2,10.1,9.3,4.4,2.2,3.5,0.5,0.7,5.1,3.4,3.4,0.3,0.0,0.0,6.5,2.4,4.1,0.4,0.5,3.9,0.4,0.5,0.4,1.1,0.7,1.1,0.7,1.1,0.3,1.3,0.0,0.1,1.7,1.4,7.0,0.6,0.4,0.1,0.2,1.0,2.2,0.2,0.8,41.0,67.0,58.0,77.0,45.0,76.0,62.0
111,Adam Decicco,Shepparton Bears,7,86.6,19.0,9.6,9.4,10.3,3.9,4.0,3.6,0.1,0.1,3.4,3.7,6.3,0.0,0.0,0.0,6.4,3.0,3.4,0.6,0.4,3.4,0.1,0.0,1.4,1.4,1.1,1.0,1.9,1.4,0.0,1.1,0.0,0.1,2.1,1.3,10.4,0.3,0.1,0.3,0.4,1.1,4.4,0.7,0.7,50.0,60.0,48.0,73.0,28.0,54.0,43.0
112,Ben Christopher,Mansfield,1,86.0,11.0,8.0,3.0,5.0,6.0,1.0,1.0,2.0,4.0,8.0,1.0,3.0,0.0,11.0,1.0,3.0,0.0,3.0,0.0,1.0,5.0,1.0,5.0,0.0,1.0,0.0,0.0,1.0,3.0,0.0,1.0,0.0,0.0,0.0,0.0,6.0,0.0,1.0,0.0,0.0,1.0,2.0,0.0,2.0,33.0,45.0,25.0,100.0,0.0,0.0,0.0
113,Jack Marks,Mansfield,14,86.0,19.0,9.2,9.8,10.1,3.8,3.1,3.9,0.9,0.3,5.3,2.9,4.1,0.6,0.0,0.0,6.4,1.9,4.6,0.1,0.7,3.1,0.1,0.2,1.0,0.8,1.4,1.1,1.8,1.1,0.0,1.8,0.0,0.4,2.2,1.4,7.4,0.5,0.6,0.1,0.6,1.0,2.8,0.3,0.5,76.0,71.0,62.0,80.0,53.0,73.0,81.0
114,Aaron Hayes,Kyabram,19,85.6,20.3,14.4,5.9,4.2,7.1,0.6,1.1,0.1,0.0,2.5,4.7,1.3,0.1,0.0,0.0,3.0,1.1,1.9,0.5,0.5,6.6,1.6,0.1,0.1,0.4,0.2,4.4,0.2,0.5,2.0,1.8,0.0,0.3,1.8,0.1,3.0,0.5,0.2,0.8,0.3,0.1,0.8,0.4,0.1,100.0,75.0,73.0,82.0,38.0,73.0,64.0
115,Mitch Cricelli,Rochester,3,85.3,11.0,10.3,0.7,6.0,6.0,0.0,1.0,5.0,2.7,9.0,0.0,1.3,0.0,1.3,0.0,1.3,0.7,0.7,0.0,3.0,3.0,0.0,5.3,0.0,0.0,0.0,0.0,1.7,0.7,0.0,0.3,0.0,0.0,0.3,1.3,1.3,0.0,0.0,0.0,0.3,0.7,0.7,0.0,0.0,65.0,64.0,65.0,50.0,100.0,0.0,0.0
116,Zac Clohesy,Shepparton Swans,17,85.2,14.3,8.2,6.1,6.3,5.7,0.3,0.4,0.0,0.1,1.5,7.1,2.5,0.1,0.0,0.0,4.0,1.9,2.1,0.3,1.1,4.6,2.2,0.0,0.0,0.2,0.1,3.5,1.5,1.5,0.0,4.2,0.0,0.5,1.2,0.1,4.5,0.4,0.4,2.6,0.2,0.0,0.5,1.9,0.0,0.0,72.0,69.0,77.0,67.0,60.0,57.0
117,Dan Tuddenham,Mooroopna,18,85.1,19.2,13.6,5.6,6.7,3.9,3.1,4.5,1.8,1.2,6.4,2.4,2.9,0.2,0.1,0.1,4.1,1.2,2.9,0.7,0.2,3.7,0.2,0.4,0.6,1.5,0.9,1.4,1.4,1.4,0.0,1.4,0.0,0.2,2.0,1.7,6.2,0.7,0.0,0.3,0.3,1.2,1.3,0.4,0.7,58.0,61.0,53.0,82.0,62.0,44.0,69.0
118,Riley Ironside,Kyabram,21,84.9,16.0,9.3,6.7,8.9,3.1,2.4,3.0,1.4,1.4,5.2,3.3,5.6,0.0,0.0,0.0,6.9,3.0,3.9,0.2,0.3,2.8,0.4,0.8,0.3,1.0,1.0,0.3,1.0,1.0,0.0,2.6,0.0,0.0,1.6,1.5,10.6,1.0,0.4,0.6,0.4,1.7,3.3,0.6,0.5,50.0,59.0,50.0,70.0,46.0,66.0,71.0
119,Max Gleeson,Euroa,15,84.7,20.3,7.5,12.7,10.5,3.5,4.1,1.1,0.3,0.1,2.8,4.3,4.7,0.1,0.0,0.0,7.7,3.3,4.5,0.3,0.5,3.0,0.6,0.1,1.1,1.5,1.4,1.6,1.0,1.6,0.1,1.1,0.0,0.5,2.3,0.9,7.9,0.1,0.2,0.5,0.0,0.5,2.7,1.5,0.3,80.0,70.0,58.0,76.0,59.0,74.0,67.0
120,Daniel Meek,Shepparton Bears,20,84.5,19.8,14.0,5.8,4.6,5.8,0.2,2.1,0.0,0.1,2.9,5.3,2.2,0.1,0.1,0.0,3.4,0.8,2.5,1.9,0.2,5.6,0.9,0.1,0.0,0.1,0.1,3.1,0.8,0.7,1.6,2.0,0.0,0.2,1.4,0.5,4.7,0.2,0.3,1.3,0.1,0.1,1.1,1.1,0.3,0.0,74.0,74.0,74.0,50.0,80.0,67.0
121,Mitchell Brett,Shepparton Bears,21,84.4,22.6,18.2,4.4,3.8,4.1,0.5,1.4,0.2,0.0,2.7,5.4,1.6,0.1,0.1,0.0,3.1,0.8,2.3,1.2,0.3,3.9,1.5,0.1,0.2,0.1,0.2,5.3,0.2,0.4,6.5,2.9,0.0,0.2,2.5,0.3,4.5,0.5,0.3,1.5,0.5,0.0,1.0,0.5,0.1,100.0,73.0,73.0,74.0,50.0,82.0,61.0
122,Will Creevey,Euroa,14,83.9,20.8,12.2,8.6,7.9,5.2,2.8,3.4,0.6,0.1,4.3,3.4,2.6,0.1,0.0,0.0,4.9,1.5,3.4,1.0,0.6,4.6,0.1,0.4,0.6,1.0,1.2,1.9,1.5,0.6,0.0,1.4,0.0,0.2,2.9,1.0,5.0,0.4,0.1,0.2,0.6,0.2,2.0,0.4,0.7,80.0,69.0,65.0,75.0,70.0,59.0,85.0
123,Nick Mellington,Benalla,9,83.7,17.9,11.0,6.9,9.6,3.4,4.9,3.3,0.3,0.2,2.8,2.7,3.9,1.1,0.1,0.0,4.9,2.2,2.7,0.4,0.6,2.9,0.3,0.1,1.3,1.7,1.9,1.9,2.3,1.3,0.0,2.3,0.0,0.3,1.4,0.8,7.7,1.0,0.3,0.3,0.6,0.0,3.0,0.9,0.4,60.0,62.0,58.0,69.0,50.0,52.0,59.0
124,Lucas Rachele,Shepparton Swans,19,83.5,16.3,10.6,5.6,5.6,5.6,1.2,1.5,0.6,0.5,3.4,4.6,4.9,0.2,0.0,0.0,3.7,1.2,2.5,0.3,0.4,5.2,0.9,0.6,0.2,0.5,0.5,2.3,1.1,1.0,0.4,2.7,0.0,0.3,1.6,0.8,7.9,0.7,0.2,1.4,0.5,0.7,2.7,1.5,0.4,54.0,67.0,62.0,77.0,57.0,73.0,60.0
125,Curtis Townrow,Echuca,18,83.1,15.3,12.9,2.3,4.4,5.5,0.1,1.7,0.3,0.0,2.9,5.8,0.7,0.0,0.1,0.1,2.7,0.7,2.1,0.3,1.0,4.5,2.8,0.1,0.0,0.1,0.0,4.9,0.4,0.4,2.4,4.0,0.0,0.4,1.5,0.4,2.1,0.1,0.2,3.1,0.6,0.0,0.3,0.4,0.3,100.0,69.0,70.0,64.0,65.0,0.0,61.0
127,Max Brodie,Shepparton Bears,17,81.4,14.9,10.8,4.2,4.9,5.4,0.4,2.0,0.0,0.0,2.7,6.5,2.4,0.3,0.0,0.0,3.3,0.9,2.4,0.2,0.7,4.7,2.2,0.0,0.0,0.4,0.1,2.8,0.5,0.3,0.4,3.1,0.0,0.3,1.4,0.4,3.9,0.1,0.3,2.0,0.6,0.0,1.1,1.2,0.3,0.0,74.0,69.0,87.0,53.0,71.0,58.0
128,Joeve Cooper,Shepparton Swans,17,81.3,17.0,8.9,8.1,7.0,3.3,2.6,3.2,0.8,0.9,5.8,3.6,3.9,0.9,0.0,0.0,5.2,1.5,3.8,0.9,0.1,3.2,0.6,0.7,0.7,1.0,0.9,0.6,1.2,0.9,0.1,2.4,0.0,0.2,1.5,1.1,7.9,1.1,0.5,0.3,0.5,0.9,2.6,0.4,0.9,44.0,70.0,60.0,82.0,56.0,75.0,80.0
129,Cameron Valentine,Echuca,3,81.0,13.0,9.3,3.7,3.7,7.0,0.3,0.7,0.0,0.0,3.0,6.3,1.7,0.0,0.0,0.0,1.3,0.7,0.7,0.0,1.3,5.7,3.3,0.0,0.0,0.3,0.0,2.3,0.7,0.3,0.0,4.3,0.0,0.3,1.3,0.3,3.0,0.0,0.0,3.7,0.7,0.3,0.3,1.0,0.0,0.0,79.0,71.0,100.0,50.0,100.0,86.0
130,Jimmy Holding,Shepparton United,1,81.0,16.0,11.0,5.0,5.0,7.0,2.0,4.0,1.0,0.0,3.0,3.0,3.0,0.0,0.0,0.0,1.0,1.0,0.0,0.0,2.0,5.0,3.0,0.0,0.0,1.0,1.0,2.0,1.0,1.0,0.0,1.0,0.0,0.0,0.0,4.0,4.0,0.0,0.0,0.0,0.0,0.0,3.0,0.0,0.0,100.0,56.0,64.0,40.0,25.0,0.0,50.0
131,Quade Johnstone,Shepparton Swans,15,80.7,16.9,8.6,8.3,10.3,3.8,4.7,2.5,0.2,0.5,3.7,3.5,5.8,0.1,0.0,0.0,6.2,3.4,2.8,0.3,0.6,3.2,0.5,0.4,1.8,1.6,1.3,0.9,1.8,1.5,0.0,2.3,0.0,0.3,2.9,1.2,10.7,0.9,0.2,0.4,0.6,0.9,4.3,0.6,0.3,30.0,61.0,52.0,71.0,50.0,64.0,54.0
132,Cameron Johns,Tatura,1,80.0,20.0,13.0,7.0,9.0,4.0,0.0,1.0,1.0,0.0,2.0,5.0,3.0,0.0,0.0,0.0,5.0,1.0,4.0,1.0,3.0,1.0,0.0,1.0,0.0,0.0,0.0,7.0,0.0,2.0,5.0,6.0,0.0,3.0,4.0,0.0,8.0,2.0,1.0,2.0,0.0,1.0,2.0,0.0,0.0,100.0,65.0,62.0,71.0,100.0,0.0,71.0
133,Jesse Tuohey,Echuca,19,79.5,21.1,12.5,8.5,4.4,6.3,0.8,2.9,0.5,0.6,5.1,2.4,2.8,0.1,0.0,0.0,3.9,0.8,3.1,1.1,0.1,6.2,0.2,0.1,0.3,0.4,0.1,1.6,0.2,0.4,0.1,0.9,0.0,0.2,1.7,1.1,4.6,0.3,0.2,0.4,0.1,0.3,2.1,0.5,0.4,42.0,73.0,66.0,82.0,43.0,81.0,74.0
134,William Deutsher,Echuca,20,79.4,15.9,8.9,7.0,7.0,3.7,1.6,1.9,0.3,0.1,3.1,4.8,4.8,0.1,0.1,0.0,5.1,1.9,3.1,0.1,0.3,3.4,0.6,0.3,0.4,0.7,0.5,1.5,0.8,0.8,0.0,2.1,0.0,0.1,1.3,0.7,8.9,0.6,0.3,0.6,0.4,0.5,3.1,1.1,0.3,66.0,74.0,68.0,82.0,51.0,75.0,73.0
135,Ben Reardon,Mansfield,3,79.3,19.3,12.7,6.7,5.3,5.3,1.7,1.3,0.7,0.7,3.7,3.0,2.7,0.0,0.0,0.0,3.7,1.7,2.0,0.3,1.0,4.3,0.3,1.0,0.0,1.0,0.7,2.3,1.3,1.0,0.0,1.7,0.0,0.0,2.0,0.7,5.7,0.7,0.0,0.3,0.7,0.7,1.7,0.3,0.3,50.0,62.0,55.0,75.0,50.0,60.0,29.0
136,Ryley Ely,Benalla,17,79.2,19.6,14.2,5.5,8.1,5.0,4.4,3.4,0.1,0.2,2.9,2.5,3.4,0.1,0.0,0.0,5.9,2.0,3.9,0.6,0.5,4.5,0.4,0.3,1.2,1.5,1.6,1.7,0.7,0.9,0.1,1.5,0.0,0.1,3.2,1.3,6.5,0.7,0.1,0.4,0.3,0.6,2.4,0.4,0.7,40.0,57.0,52.0,71.0,54.0,51.0,55.0
137,Zac Metcalf,Shepparton Bears,22,77.9,12.0,8.4,3.5,4.6,6.0,0.4,0.6,0.5,0.3,2.4,5.0,2.0,0.0,1.7,0.7,2.3,0.7,1.5,0.0,1.4,4.6,2.3,0.5,0.0,0.3,0.0,2.1,0.6,1.1,0.1,4.5,0.0,0.3,1.1,0.5,3.9,0.5,0.1,3.5,0.4,0.4,0.6,1.0,0.1,62.0,72.0,72.0,72.0,29.0,33.0,59.0
138,Fletcher White,Rochester,18,77.8,19.5,14.0,5.5,5.2,5.7,1.1,1.8,0.1,0.0,2.1,4.8,1.9,1.7,0.0,0.0,3.4,0.8,2.7,1.6,0.8,4.9,1.0,0.1,0.1,0.7,0.3,4.2,0.3,0.9,2.0,2.4,0.0,0.5,2.9,0.6,4.6,0.6,0.2,1.2,0.4,0.2,1.2,0.6,0.3,100.0,71.0,68.0,80.0,58.0,60.0,72.0
139,Curtis Ryan,Tatura,6,77.8,18.2,14.5,3.7,4.7,4.8,0.8,1.7,0.3,0.0,2.2,3.3,3.0,0.2,0.2,0.2,3.0,0.5,2.5,0.8,0.7,4.2,1.0,0.0,0.0,0.3,0.5,4.8,0.3,1.0,3.3,2.0,0.0,0.5,2.7,0.3,5.5,0.3,0.0,1.3,0.2,0.7,1.3,1.0,0.0,100.0,72.0,69.0,86.0,70.0,40.0,72.0
140,Ryan O'Keefe,Rochester,16,77.4,17.6,10.2,7.4,3.0,5.0,0.2,0.8,0.2,0.2,2.1,4.2,1.1,0.1,0.0,0.0,2.4,0.2,2.2,0.9,0.4,4.6,1.1,0.3,0.0,0.1,0.1,3.5,0.1,0.2,3.6,4.5,0.0,0.3,1.5,0.2,2.9,0.1,0.3,3.8,0.2,0.0,0.2,0.9,0.1,57.0,81.0,77.0,87.0,33.0,33.0,63.0
141,Adam McPhee,Rochester,18,77.2,17.9,10.8,7.1,5.6,5.6,1.6,2.4,0.9,0.4,4.3,2.9,3.0,0.0,0.0,0.0,3.4,1.0,2.4,0.8,0.4,5.1,0.5,0.8,0.3,0.9,0.4,1.4,1.2,0.5,0.1,1.4,0.0,0.1,2.0,1.1,5.8,0.5,0.1,0.3,0.5,0.8,1.8,0.3,0.2,66.0,70.0,64.0,78.0,49.0,62.0,72.0
142,Mackenzie Calleja,Mooroopna,8,77.1,13.2,10.0,3.2,6.0,5.2,0.4,1.1,0.0,0.0,1.1,6.1,2.2,0.1,0.5,0.2,3.0,0.6,2.4,0.4,1.2,4.0,1.8,0.0,0.0,0.1,0.2,3.1,1.6,1.0,0.0,3.9,0.0,0.2,1.5,0.2,4.2,0.1,0.1,3.0,0.4,0.0,1.2,1.0,0.2,0.0,62.0,59.0,73.0,22.0,33.0,48.0
143,Dirk Koenen,Mansfield,2,77.0,10.5,6.0,4.5,5.5,4.5,0.0,0.5,0.0,0.0,1.0,7.0,5.0,0.0,0.0,0.0,2.5,2.0,0.5,0.0,1.0,3.5,3.0,0.0,0.0,0.0,0.0,2.0,1.5,0.5,0.5,5.0,0.0,0.5,1.5,0.5,6.5,0.0,0.0,4.0,1.0,0.0,4.0,1.0,0.0,0.0,71.0,67.0,78.0,0.0,0.0,75.0
144,Lincoln Brand,Shepparton Bears,3,77.0,19.7,11.7,8.0,8.7,5.0,2.3,4.0,0.7,1.0,4.7,2.0,2.0,0.3,0.3,0.3,6.0,2.7,3.3,0.3,0.3,4.7,0.0,0.7,1.0,1.0,0.3,1.0,1.3,1.0,0.0,0.0,0.0,0.0,3.0,1.3,4.7,0.0,0.0,0.0,0.0,0.0,1.7,0.3,0.3,40.0,64.0,57.0,75.0,33.0,57.0,100.0
145,Liam Broom,Shepparton Bears,21,76.7,11.3,5.7,5.7,6.0,3.6,1.9,2.0,1.0,0.9,4.8,2.1,2.0,0.0,15.4,3.0,3.0,1.1,1.9,0.0,1.3,2.3,0.6,1.5,0.4,0.6,0.9,0.1,0.8,0.7,0.0,2.4,0.0,0.0,0.7,0.9,3.6,0.3,0.3,1.0,0.7,0.7,1.0,0.2,0.7,52.0,63.0,45.0,82.0,40.0,56.0,67.0
146,Spencer Sharp,Shepparton Bears,5,76.6,16.8,11.4,5.4,4.8,6.8,1.4,2.8,0.6,0.2,3.6,4.0,1.4,0.2,0.0,0.0,4.0,1.2,2.8,0.2,0.6,6.2,1.4,0.8,0.2,0.4,0.8,2.0,0.2,0.4,0.0,1.0,0.0,0.0,1.6,1.2,3.8,0.2,0.0,0.4,0.0,0.2,1.2,0.0,0.0,75.0,68.0,63.0,78.0,50.0,57.0,70.0
147,Dylan Gordon,Rochester,13,76.5,15.2,12.7,2.5,3.8,3.8,0.2,0.9,0.1,0.1,1.2,4.8,1.5,0.0,0.7,0.1,2.5,0.8,1.7,0.6,0.7,3.2,2.0,0.1,0.0,0.2,0.0,6.2,0.3,0.8,4.8,5.8,0.0,0.4,2.2,0.3,3.5,0.4,0.2,4.2,0.8,0.1,0.6,0.8,0.0,50.0,68.0,67.0,70.0,67.0,50.0,60.0
148,Sheldon Bogdan,Shepparton United,18,76.1,18.1,8.0,10.1,9.0,3.3,4.1,2.6,0.0,0.2,3.8,3.0,5.3,0.1,0.1,0.0,6.3,3.7,2.6,0.4,0.1,3.2,0.2,0.3,0.9,2.0,1.2,0.7,1.1,1.9,0.0,1.1,0.0,0.2,1.9,1.4,8.7,0.5,0.2,0.3,0.1,0.8,3.7,0.8,0.4,0.0,68.0,53.0,79.0,47.0,75.0,62.0
149,Lachie Watson,Echuca,1,76.0,12.0,6.0,6.0,9.0,1.0,5.0,3.0,0.0,0.0,2.0,3.0,5.0,0.0,16.0,3.0,1.0,1.0,0.0,0.0,1.0,0.0,1.0,0.0,4.0,1.0,0.0,0.0,3.0,1.0,0.0,5.0,0.0,0.0,3.0,1.0,11.0,1.0,0.0,1.0,3.0,0.0,5.0,0.0,0.0,0.0,50.0,17.0,83.0,33.0,20.0,0.0
150,Andrew Bell,Euroa,13,76.0,19.3,9.5,9.8,7.6,4.5,3.2,2.5,0.2,0.1,2.8,3.4,2.5,0.1,0.1,0.1,5.2,2.2,3.1,0.1,0.3,4.2,0.7,0.2,0.4,1.5,1.3,1.3,0.9,0.4,0.1,0.5,0.0,0.4,1.9,0.9,4.1,0.1,0.0,0.1,0.4,0.2,1.8,0.5,0.2,75.0,68.0,55.0,80.0,38.0,56.0,76.0
151,Adam Boshevski,Mansfield,1,76.0,12.0,9.0,3.0,2.0,6.0,0.0,2.0,0.0,0.0,1.0,7.0,3.0,0.0,0.0,0.0,1.0,1.0,0.0,0.0,0.0,6.0,3.0,0.0,0.0,0.0,0.0,1.0,1.0,1.0,0.0,3.0,0.0,0.0,0.0,0.0,3.0,0.0,0.0,2.0,0.0,0.0,2.0,1.0,0.0,0.0,75.0,67.0,100.0,50.0,0.0,100.0
152,Charlie Barnett,Kyabram,20,76.0,14.3,10.4,3.9,6.7,5.4,0.2,4.0,1.2,1.5,5.7,1.7,2.1,0.1,0.6,0.1,4.0,1.2,2.7,0.2,1.7,3.7,0.3,1.6,0.0,0.1,0.1,0.2,0.8,0.6,0.0,1.9,0.0,0.0,0.8,1.1,5.5,0.9,0.1,0.4,0.3,1.2,0.8,0.1,0.9,45.0,60.0,57.0,69.0,54.0,60.0,60.0
153,Joshua Dillon,Kyabram,20,75.8,16.4,7.2,9.2,8.9,2.6,3.2,2.8,0.5,0.3,4.3,2.9,5.8,0.0,0.1,0.1,6.7,2.5,4.2,0.2,0.1,2.5,0.4,0.3,0.5,1.6,1.1,0.5,0.8,1.2,0.0,1.6,0.0,0.1,1.8,1.6,10.7,0.9,0.1,0.2,0.1,1.6,3.9,0.4,0.6,52.0,68.0,45.0,86.0,46.0,72.0,56.0
154,Jack Johnston,Mooroopna,9,75.7,12.8,9.0,3.8,6.3,5.1,1.1,1.7,1.9,1.0,5.4,1.9,2.0,0.0,4.3,1.3,2.6,0.9,1.7,0.0,1.3,3.8,0.7,2.0,0.0,0.7,0.4,0.6,1.8,1.1,0.0,1.2,0.0,0.0,1.7,1.1,3.7,0.3,0.0,0.9,0.0,0.7,0.9,0.4,1.0,65.0,58.0,52.0,74.0,53.0,50.0,0.0
155,Aiden Mills,Echuca,21,75.5,14.9,12.1,2.7,3.9,5.1,0.4,0.9,0.3,0.1,2.3,4.6,2.0,0.5,0.0,0.0,2.7,0.5,2.1,0.6,0.5,4.6,1.3,0.4,0.0,0.3,0.0,3.4,0.4,0.7,1.6,4.4,0.0,0.5,1.8,0.2,3.6,0.2,0.2,3.4,0.6,0.0,1.2,0.8,0.2,66.0,74.0,72.0,82.0,44.0,38.0,63.0
156,Cooper Barber,Echuca,7,75.3,15.0,9.0,6.0,6.1,4.4,2.4,2.1,1.3,0.4,6.7,1.4,3.1,0.0,0.0,0.0,3.4,1.4,2.0,0.1,0.9,3.6,0.4,1.7,0.4,1.4,0.6,0.3,0.7,0.9,0.0,1.0,0.0,0.0,0.6,1.4,6.7,0.0,0.1,0.3,0.4,0.9,2.3,0.0,0.7,75.0,70.0,59.0,88.0,60.0,59.0,50.0
157,William Kelly,Mansfield,6,75.2,13.0,8.2,4.8,6.5,4.5,1.2,2.0,2.0,1.2,5.8,1.3,3.0,0.0,1.7,0.0,3.3,1.2,2.2,0.5,1.5,3.0,0.3,2.0,0.0,0.5,0.7,0.2,0.8,1.0,0.0,2.0,0.0,0.0,0.7,1.5,4.2,0.5,0.5,1.0,0.0,2.2,0.7,0.2,0.8,63.0,63.0,57.0,72.0,42.0,57.0,100.0
158,William Hogan,Mansfield,12,74.6,12.3,9.2,3.1,6.2,4.5,1.4,1.2,2.4,1.8,7.5,1.1,2.2,0.0,0.2,0.0,3.4,0.9,2.5,0.2,1.1,3.4,0.2,3.3,0.1,1.0,0.3,0.7,0.9,0.9,0.0,0.5,0.0,0.1,0.8,1.4,3.4,0.2,0.0,0.2,0.1,1.5,0.8,0.0,1.7,58.0,58.0,50.0,84.0,50.0,47.0,50.0
159,Hamish Heine,Rochester,2,74.5,19.0,13.5,5.5,7.0,5.0,2.0,4.0,1.5,1.5,7.0,1.5,1.5,0.0,0.0,0.0,4.5,1.0,3.5,0.0,0.5,4.5,0.0,1.0,0.0,1.5,0.5,0.0,1.5,1.5,0.0,1.0,0.0,0.0,1.0,4.0,3.5,0.0,1.0,0.0,0.0,0.5,1.0,0.0,1.5,50.0,61.0,63.0,55.0,63.0,25.0,0.0
160,Hudson Kellett,Echuca,15,74.3,16.0,7.3,8.7,8.2,2.7,3.6,2.5,0.3,0.4,4.3,2.9,4.1,0.1,0.0,0.0,5.2,2.2,3.0,0.1,0.4,2.3,0.4,0.5,1.1,1.4,1.1,1.2,1.1,1.2,0.0,1.3,0.0,0.1,1.7,0.9,8.3,0.5,0.4,0.2,0.1,0.5,3.1,0.4,0.7,45.0,68.0,55.0,79.0,54.0,61.0,67.0
161,Tanner Madigan,Shepparton Bears,22,74.3,16.8,12.0,4.8,4.4,5.6,1.3,2.8,0.3,0.1,2.9,3.4,3.0,0.9,0.0,0.0,2.6,0.7,1.9,0.6,0.4,5.3,0.7,0.2,0.1,0.9,0.2,2.3,0.8,0.4,0.0,1.5,0.0,0.1,1.7,0.9,6.0,0.5,0.3,0.5,0.1,0.2,2.4,0.4,0.4,77.0,69.0,62.0,86.0,46.0,64.0,70.0
162,Lachlan Giles,Seymour,18,73.6,12.1,8.4,3.7,5.8,3.4,1.1,1.0,0.1,0.1,1.9,5.8,3.1,0.0,0.0,0.0,3.4,1.2,2.2,0.3,0.5,2.9,1.3,0.0,0.1,0.6,0.4,2.4,1.7,0.3,0.2,3.9,0.0,0.1,1.3,0.3,7.4,0.7,0.6,2.2,0.4,0.1,1.7,1.4,0.2,50.0,67.0,66.0,68.0,50.0,53.0,63.0
163,Jake Parkinson,Kyabram,9,73.4,15.0,11.1,3.9,3.9,3.8,0.9,2.2,0.2,0.0,2.7,4.7,2.6,0.3,0.0,0.0,3.1,1.3,1.8,1.1,0.1,3.7,1.0,0.0,0.2,0.4,0.2,2.3,0.3,0.7,0.3,2.3,0.0,0.0,1.6,0.6,5.6,0.1,0.1,1.7,0.2,0.1,1.7,0.8,0.3,100.0,76.0,71.0,91.0,60.0,50.0,81.0
164,Sam Bicknell,Shepparton Swans,16,73.1,15.5,9.9,5.6,6.4,6.4,0.4,2.1,0.5,0.8,3.4,2.9,2.9,0.0,0.4,0.0,4.1,1.9,2.2,0.1,1.4,5.1,1.0,0.8,0.0,0.2,0.1,1.2,1.0,0.2,0.1,2.1,0.0,0.0,2.0,1.2,5.6,0.9,0.1,0.7,0.3,0.6,1.9,0.4,0.2,40.0,63.0,54.0,77.0,39.0,67.0,50.0
165,Nate Trotter,Euroa,12,72.3,15.2,11.1,4.2,5.2,5.5,0.9,1.6,0.8,0.2,2.2,3.2,1.2,0.1,1.7,0.3,3.1,1.2,1.9,0.7,0.9,4.6,1.1,0.7,0.0,0.6,0.3,2.9,0.8,0.2,1.1,1.9,0.0,0.4,1.8,1.0,2.4,0.3,0.0,1.3,0.2,0.2,0.6,0.4,0.2,81.0,65.0,59.0,82.0,47.0,36.0,60.0
166,Ethan Maney,Benalla,6,72.2,15.8,9.7,6.2,5.7,5.3,1.0,4.3,0.3,1.0,3.0,2.2,3.5,0.0,0.2,0.2,3.8,1.7,2.2,0.7,0.7,4.7,0.3,0.3,0.0,0.8,0.2,1.0,1.0,1.3,0.0,0.8,0.0,0.2,1.5,1.0,5.8,0.2,0.0,0.3,0.3,1.3,2.2,0.0,0.7,25.0,69.0,60.0,84.0,58.0,50.0,33.0
167,Patrick McCarthy,Tatura,2,72.0,21.0,14.0,7.0,2.5,5.0,0.5,2.5,0.0,0.5,3.5,4.0,2.5,0.0,0.0,0.0,1.5,0.0,1.5,0.5,0.0,5.0,1.0,0.0,0.0,0.5,0.0,3.0,0.5,1.0,0.0,2.0,0.0,0.5,3.5,0.0,5.5,0.5,0.0,1.0,0.5,0.0,1.0,1.5,0.0,0.0,67.0,54.0,93.0,80.0,0.0,33.0
168,Angus Byrne,Echuca,5,71.6,12.0,9.0,3.0,7.4,6.6,0.0,2.4,1.8,1.2,6.2,0.4,1.2,0.0,0.4,0.0,2.2,0.4,1.8,0.0,3.8,2.8,0.0,3.8,0.0,0.0,0.0,0.0,1.0,1.0,0.0,1.0,0.0,0.0,0.8,1.2,3.0,0.6,0.0,0.2,0.2,0.8,0.4,0.0,1.2,56.0,68.0,60.0,93.0,75.0,0.0,0.0
169,David O'Dwyer,Shepparton United,4,71.0,8.0,4.5,3.5,6.8,0.5,5.0,2.0,0.0,0.0,2.5,2.0,1.5,0.0,25.2,6.5,1.0,0.5,0.5,0.0,0.0,0.5,0.2,0.0,0.8,2.2,2.0,0.2,1.2,0.5,0.0,0.5,0.0,0.0,0.8,0.2,2.5,0.0,0.0,0.2,0.2,0.0,1.2,0.2,0.5,0.0,69.0,61.0,79.0,75.0,70.0,100.0
170,Comanche Walls,Tatura,15,71.0,15.5,10.4,5.1,4.7,5.1,0.5,0.7,0.1,0.1,1.2,5.1,2.1,0.0,0.0,0.0,3.4,1.5,1.9,0.4,0.3,4.8,1.4,0.1,0.0,0.3,0.3,3.5,0.9,1.1,1.7,3.0,0.0,0.7,2.3,0.1,3.9,0.5,0.1,1.9,0.3,0.1,0.7,1.4,0.2,50.0,73.0,71.0,77.0,60.0,88.0,63.0
171,Samuel Guppy,Mansfield,14,70.7,13.0,8.1,4.9,5.9,4.4,0.5,1.6,0.7,0.9,3.4,4.0,2.6,0.2,4.0,1.3,3.8,1.2,2.6,0.1,0.9,3.6,0.6,1.1,0.2,0.2,0.1,1.6,1.3,0.6,0.4,2.1,0.0,0.4,1.2,0.8,4.3,0.1,0.1,1.1,0.6,0.7,1.2,0.7,0.3,43.0,62.0,53.0,75.0,39.0,57.0,52.0
172,Reuben Rode,Kyabram,10,70.4,14.5,7.7,6.8,6.6,3.1,1.5,2.0,0.9,0.3,5.0,2.6,3.4,0.1,0.1,0.1,4.5,0.8,3.7,0.3,0.5,2.6,0.1,0.6,0.2,1.0,0.3,0.7,1.2,0.2,0.0,1.5,0.0,0.1,1.2,0.8,6.7,1.0,0.2,0.1,0.2,1.1,2.1,0.2,1.3,75.0,72.0,65.0,79.0,55.0,80.0,86.0
173,Reeve Evans,Mooroopna,16,70.4,16.1,9.1,7.0,6.8,2.9,1.1,3.9,0.7,1.0,4.6,2.7,3.4,0.1,0.0,0.0,4.7,1.6,3.1,0.2,0.6,2.3,0.2,0.5,0.1,0.7,0.4,0.4,1.1,0.8,0.0,2.2,0.0,0.0,1.6,1.1,9.1,1.5,0.1,0.2,0.4,1.1,2.1,0.2,0.6,40.0,62.0,53.0,74.0,60.0,56.0,50.0
174,Rory Huggard,Mooroopna,19,70.4,14.5,10.6,3.9,2.4,6.4,0.1,0.4,0.0,0.0,1.3,3.6,1.2,0.6,0.0,0.0,1.2,0.4,0.8,1.0,0.6,5.8,1.5,0.0,0.0,0.1,0.0,3.9,0.5,0.9,1.6,3.0,0.0,0.4,0.9,0.2,2.5,0.2,0.3,2.4,0.1,0.0,0.6,0.6,0.1,0.0,80.0,77.0,86.0,50.0,100.0,66.0
175,Travis Young,Benalla,7,70.0,15.4,9.0,6.4,8.4,2.6,3.3,3.4,0.1,0.4,2.6,3.7,2.9,0.1,0.0,0.0,5.6,1.9,3.7,0.6,0.1,2.4,0.4,0.4,1.1,1.1,1.0,1.6,1.0,1.0,0.0,3.0,0.0,0.1,2.0,1.3,7.9,1.1,0.0,1.0,0.7,0.4,2.3,0.1,0.1,25.0,59.0,46.0,78.0,46.0,43.0,64.0
176,Ben Hicks,Mooroopna,18,69.9,14.1,10.1,4.0,3.4,4.3,0.3,0.5,0.1,0.0,1.3,4.4,1.8,0.5,0.0,0.0,2.2,0.5,1.7,0.9,0.6,3.7,1.7,0.2,0.1,0.1,0.1,3.2,0.5,0.4,1.7,2.7,0.0,0.2,0.9,0.1,3.7,0.2,0.3,2.0,0.2,0.0,0.7,1.2,0.1,100.0,79.0,75.0,90.0,67.0,60.0,55.0
177,Rory Kennedy,Seymour,6,69.8,14.5,10.8,3.7,6.3,4.3,1.8,2.2,1.7,1.0,4.3,1.7,3.3,0.2,0.0,0.0,4.2,1.3,2.8,0.2,0.8,3.5,0.0,1.3,0.0,1.3,0.5,0.5,0.5,1.0,0.0,0.3,0.0,0.0,1.2,1.5,6.0,0.0,0.3,0.0,0.0,1.8,1.5,0.0,0.7,62.0,52.0,49.0,59.0,38.0,64.0,33.0
178,Matthew Casey,Shepparton United,18,69.4,11.0,9.8,1.2,5.6,5.4,0.7,2.1,3.3,1.7,6.2,0.8,1.0,0.0,0.4,0.0,1.7,0.5,1.2,0.1,1.7,3.7,0.1,3.1,0.0,0.3,0.3,0.1,1.2,1.5,0.0,0.4,0.0,0.1,0.5,1.6,1.6,0.2,0.0,0.2,0.1,0.8,0.2,0.0,0.4,66.0,58.0,57.0,68.0,51.0,50.0,100.0
179,Will Russell,Tatura,11,69.4,15.7,13.7,2.0,3.3,5.9,0.3,1.2,0.6,0.4,1.9,3.1,1.8,0.4,0.0,0.0,1.8,0.4,1.5,0.1,0.7,5.2,1.6,0.5,0.0,0.2,0.1,4.4,0.7,1.0,4.2,2.0,0.0,0.5,2.2,0.5,3.6,0.8,0.0,1.0,0.1,0.4,1.1,0.4,0.2,63.0,68.0,65.0,86.0,46.0,67.0,69.0
180,James Martiniello,Benalla,16,69.2,19.1,8.6,10.5,7.4,4.3,3.2,2.0,0.1,0.0,3.4,3.2,2.9,0.0,0.1,0.0,5.2,2.1,3.2,0.2,0.1,4.2,0.2,0.1,0.9,1.7,0.7,1.0,0.8,0.9,0.0,1.1,0.0,0.2,2.2,1.1,5.2,0.1,0.2,0.2,0.6,0.5,2.2,0.2,0.2,100.0,68.0,61.0,73.0,38.0,63.0,56.0
181,Cooper Vick,Kyabram,21,69.0,15.4,8.7,6.7,4.9,3.5,1.0,1.6,0.0,0.0,2.4,4.8,3.6,0.6,0.4,0.0,4.0,1.3,2.8,0.9,0.1,3.4,0.7,0.0,0.1,0.7,0.2,2.3,0.6,1.0,0.2,3.0,0.0,0.3,1.7,0.6,6.8,0.6,0.2,1.4,0.6,0.1,2.1,1.4,0.3,0.0,69.0,60.0,82.0,44.0,71.0,57.0
182,Hamish Hooppell,Rochester,18,68.9,11.8,9.5,2.3,6.9,2.4,3.4,2.1,0.3,0.5,2.8,3.2,3.6,0.0,10.0,1.9,3.6,1.6,2.1,0.2,0.5,1.9,0.7,0.3,0.6,1.7,1.1,1.8,0.6,1.3,0.0,1.8,0.0,0.6,2.2,0.6,5.6,0.2,0.2,0.9,0.4,0.4,2.0,1.1,0.2,40.0,53.0,50.0,68.0,62.0,52.0,55.0
183,Lewis Lubeck,Seymour,18,68.7,11.1,8.6,2.5,5.0,4.9,0.4,1.4,0.6,0.3,2.7,4.5,0.8,0.2,1.6,0.3,3.0,1.0,2.0,0.3,1.2,3.7,1.8,0.6,0.2,0.1,0.2,2.6,0.8,0.5,0.1,3.5,0.0,0.3,1.4,0.3,2.5,0.3,0.3,2.3,0.7,0.2,0.3,0.3,0.3,66.0,64.0,63.0,64.0,54.0,71.0,49.0
184,Tom Bennett,Benalla,8,68.5,15.1,9.1,6.0,5.9,4.0,2.4,3.0,0.1,0.0,2.1,3.4,2.5,0.4,0.0,0.0,3.5,0.9,2.6,0.2,0.4,3.6,0.4,0.0,0.4,1.8,0.2,1.6,1.0,1.4,0.2,2.2,0.0,0.2,1.2,0.8,5.5,0.0,0.1,1.4,0.5,0.1,1.8,0.6,0.1,100.0,74.0,66.0,85.0,63.0,63.0,77.0
185,William Monahan,Echuca,16,68.4,15.4,9.6,5.9,5.5,4.6,1.7,1.7,0.4,0.3,3.9,3.2,2.4,0.1,0.1,0.0,3.5,0.9,2.6,0.2,0.4,4.1,1.0,0.8,0.4,0.6,0.6,1.4,0.4,0.9,0.2,1.6,0.0,0.3,1.7,0.7,4.9,0.6,0.2,0.8,0.1,0.4,1.3,0.8,0.5,54.0,66.0,61.0,74.0,56.0,56.0,55.0
186,Harrison Milburn,Echuca,21,68.0,14.2,8.0,6.1,5.6,3.9,0.8,1.0,0.0,0.0,2.1,4.4,3.6,0.0,0.0,0.0,4.5,1.0,3.5,0.3,0.2,3.7,0.6,0.1,0.0,0.5,0.2,1.8,0.9,0.9,0.0,2.5,0.0,0.2,1.4,0.3,7.2,0.7,0.3,1.4,0.0,0.0,2.3,1.2,0.1,0.0,78.0,73.0,85.0,65.0,63.0,53.0
187,Tyler Carter,Tatura,1,68.0,6.0,6.0,0.0,4.0,2.0,2.0,0.0,3.0,2.0,7.0,1.0,4.0,0.0,2.0,0.0,0.0,0.0,0.0,0.0,1.0,1.0,0.0,2.0,0.0,1.0,1.0,0.0,3.0,0.0,0.0,2.0,0.0,0.0,0.0,0.0,6.0,2.0,0.0,0.0,0.0,4.0,0.0,0.0,0.0,60.0,50.0,50.0,0.0,0.0,50.0,0.0
188,Luke Edwards,Echuca,17,67.9,11.0,7.4,3.6,4.5,4.5,1.0,1.1,0.6,0.5,3.4,3.1,2.1,0.1,5.1,1.4,2.2,0.7,1.5,0.1,0.9,3.6,1.3,1.0,0.0,0.5,0.5,1.7,0.6,1.4,0.1,3.8,0.0,0.4,1.6,0.5,3.8,0.3,0.1,3.1,0.3,0.5,0.9,0.7,0.3,55.0,66.0,60.0,77.0,53.0,53.0,55.0
189,Kade Anderson,Shepparton Swans,19,67.7,17.3,10.9,6.4,6.7,3.2,2.2,2.5,0.4,0.3,2.8,3.7,2.6,0.1,0.1,0.0,5.3,1.5,3.8,0.4,0.3,2.8,0.5,0.1,0.4,1.0,0.8,1.7,0.5,0.4,0.1,1.7,0.0,0.1,2.7,0.8,5.9,0.7,0.2,0.4,0.2,0.1,1.9,0.6,0.3,53.0,60.0,54.0,71.0,42.0,50.0,63.0
190,Nicholas Asquith,Euroa,17,67.7,11.4,8.5,2.9,3.2,4.5,0.2,0.3,0.2,0.1,1.5,3.7,2.8,0.1,0.1,0.0,1.7,0.6,1.1,0.2,0.7,3.8,1.5,0.1,0.0,0.1,0.1,2.5,0.8,0.5,0.4,3.3,0.0,0.3,0.8,0.2,5.2,0.4,0.1,2.4,0.3,0.3,0.7,1.8,0.1,75.0,79.0,76.0,88.0,40.0,75.0,67.0
191,Jordan Wiggins,Shepparton United,18,67.3,14.3,9.9,4.3,3.3,6.2,0.4,0.4,0.0,0.1,1.7,4.0,1.0,0.1,0.0,0.0,2.2,0.5,1.7,0.4,0.5,5.7,1.6,0.1,0.1,0.2,0.2,2.8,0.5,0.4,0.7,1.8,0.0,0.4,0.8,0.2,2.4,0.2,0.3,1.1,0.2,0.0,0.4,0.6,0.1,0.0,80.0,77.0,88.0,25.0,57.0,76.0
192,James Auld,Shepparton Swans,17,67.2,10.5,7.0,3.5,5.6,4.4,0.1,0.7,2.6,1.4,5.8,1.5,1.8,0.1,0.0,0.0,2.9,0.8,2.1,0.0,1.7,2.6,0.2,2.9,0.0,0.1,0.1,0.0,1.2,0.4,0.0,1.1,0.0,0.0,0.4,0.7,4.5,0.8,0.1,0.2,0.0,0.9,0.8,0.1,0.4,66.0,64.0,55.0,80.0,33.0,50.0,0.0
193,Tyler McGregor,Benalla,13,67.2,15.1,8.8,6.2,6.4,5.0,0.8,1.9,0.4,0.4,3.3,2.3,2.4,0.0,0.5,0.1,3.6,1.7,1.9,0.3,1.4,3.6,0.3,0.2,0.1,0.3,0.5,1.0,1.0,1.0,0.5,1.5,0.0,0.1,1.5,0.6,4.5,0.5,0.1,0.8,0.1,0.5,1.6,0.2,0.6,50.0,73.0,68.0,81.0,52.0,82.0,69.0
194,Angus Williams,Shepparton Bears,8,66.9,9.8,5.9,3.9,5.2,4.2,0.2,1.2,1.4,0.9,4.2,3.1,2.6,0.0,3.2,0.4,2.5,0.8,1.8,0.0,1.6,2.6,0.9,2.4,0.1,0.1,0.0,0.6,1.0,0.4,0.0,1.8,0.0,0.1,0.5,1.1,5.0,0.2,0.0,0.9,0.4,1.1,1.4,0.1,0.5,61.0,55.0,51.0,61.0,40.0,50.0,60.0
195,Jonty Wardle,Shepparton Bears,8,66.9,14.2,9.0,5.2,5.6,5.0,0.5,1.5,0.0,0.0,1.6,4.9,2.1,0.0,0.0,0.0,3.2,1.1,2.1,0.0,1.0,4.0,1.2,0.2,0.0,0.2,0.2,1.4,1.2,1.1,0.2,4.0,0.0,1.0,1.6,0.4,4.2,0.4,0.0,3.2,0.4,0.1,0.8,1.2,0.4,0.0,69.0,64.0,79.0,33.0,75.0,45.0
196,Brady Bartlett,Benalla,12,66.7,15.5,11.2,4.3,5.1,4.8,0.5,1.2,0.3,0.3,2.2,4.4,1.2,0.0,0.4,0.1,3.3,0.8,2.6,0.2,0.8,4.1,1.2,0.5,0.0,0.3,0.2,4.1,0.5,0.3,2.9,2.4,0.0,0.7,1.7,1.2,3.1,0.2,0.3,1.4,0.4,0.3,0.7,0.2,0.1,50.0,63.0,63.0,65.0,29.0,50.0,61.0
197,Xavier Dimasi,Seymour,14,66.6,15.1,9.0,6.1,6.5,4.4,2.5,1.9,0.2,0.2,4.0,3.4,2.0,0.1,0.1,0.0,4.6,1.4,3.3,0.6,0.6,3.8,0.8,0.5,0.8,1.1,0.6,1.0,0.8,0.7,0.2,1.2,0.0,0.2,1.7,0.8,4.3,0.3,0.0,0.4,0.4,0.4,1.4,0.2,0.8,50.0,66.0,57.0,80.0,44.0,57.0,36.0
198,Charlie Isaac,Kyabram,15,66.5,10.9,6.1,4.8,5.3,4.4,0.6,1.7,0.8,0.5,4.1,2.3,2.9,0.0,4.6,1.1,3.2,0.9,2.3,0.0,1.3,3.1,0.3,1.2,0.1,0.1,0.4,0.7,0.7,0.5,0.0,1.8,0.0,0.0,0.9,0.9,5.9,0.6,0.1,0.7,0.4,1.2,1.5,0.3,0.8,63.0,68.0,59.0,79.0,60.0,56.0,50.0
199,Cody George,Mansfield,11,66.3,14.1,6.1,8.0,6.7,2.2,2.5,2.6,0.4,0.2,5.4,2.5,4.1,0.2,0.0,0.0,4.5,1.0,3.5,0.0,0.5,1.7,0.2,0.5,0.5,1.4,0.5,0.2,1.2,1.0,0.0,2.0,0.0,0.1,1.3,0.8,8.5,0.3,0.1,0.3,0.7,1.1,2.5,0.5,0.8,66.0,74.0,61.0,84.0,52.0,81.0,100.0
200,Ben Woods,Mooroopna,20,66.0,15.7,8.3,7.3,5.5,3.5,1.4,1.8,0.2,0.2,3.4,3.1,5.2,0.3,0.1,0.0,3.9,1.5,2.4,0.4,0.2,3.2,0.6,0.1,0.2,0.8,0.3,1.1,0.8,1.2,0.1,1.6,0.0,0.1,1.9,0.6,9.1,0.7,0.2,0.3,0.3,0.7,3.4,1.2,0.2,50.0,67.0,52.0,84.0,49.0,79.0,64.0
201,Andrew Riordan,Shepparton Swans,4,65.0,10.2,5.0,5.2,4.2,4.0,0.2,3.0,1.2,0.2,5.0,1.5,2.5,0.0,0.0,0.0,3.2,0.8,2.5,0.0,0.5,3.5,0.2,1.8,0.0,0.0,0.2,0.0,0.5,0.0,0.0,0.8,0.0,0.0,0.0,0.5,3.8,0.2,0.0,0.5,0.0,1.5,1.0,0.0,1.5,83.0,80.0,80.0,81.0,83.0,100.0,0.0
202,Grant Fuller,Rochester,18,64.9,11.2,7.4,3.8,5.0,3.7,0.4,1.5,0.1,0.2,1.6,5.1,3.9,0.1,0.0,0.0,3.3,1.7,1.7,0.4,0.7,3.1,1.7,0.2,0.1,0.2,0.2,2.4,0.7,0.7,0.1,3.8,0.0,0.4,2.4,0.7,6.2,0.5,0.1,2.9,0.2,0.2,1.9,1.8,0.3,40.0,58.0,53.0,70.0,30.0,38.0,56.0
203,Christopher Ryan,Tatura,13,64.6,12.2,9.5,2.8,4.8,5.5,0.8,1.0,0.2,0.2,1.2,4.3,0.9,0.1,4.5,0.8,1.8,0.7,1.1,0.1,1.7,3.8,2.5,0.2,0.1,0.3,0.4,2.5,0.8,0.5,0.7,1.2,0.0,0.6,2.0,0.4,1.9,0.2,0.0,0.8,0.2,0.2,0.5,0.2,0.2,40.0,65.0,63.0,72.0,62.0,30.0,56.0
204,Gus Van der Heyden,Mansfield,8,64.5,5.2,3.5,1.8,4.6,1.0,1.9,1.8,0.0,0.1,2.0,1.5,4.5,0.0,29.8,8.0,1.8,0.9,0.9,0.0,0.2,0.8,0.2,0.0,0.5,0.5,0.9,0.4,1.4,1.6,0.0,1.8,0.0,0.1,2.0,0.2,7.5,0.0,0.4,0.5,0.5,0.9,2.8,0.9,0.5,0.0,45.0,39.0,57.0,29.0,53.0,67.0
205,Ricky Schraven,Seymour,18,64.5,14.2,10.6,3.6,4.4,4.8,0.8,3.0,1.1,1.0,4.5,2.1,2.8,0.2,0.0,0.0,3.3,1.1,2.2,0.6,0.2,4.7,0.2,0.7,0.0,0.5,0.3,0.6,0.6,0.7,0.0,1.3,0.0,0.0,1.4,1.1,6.3,0.7,0.1,0.1,0.4,1.1,1.4,0.3,0.4,50.0,63.0,60.0,74.0,46.0,43.0,82.0
206,Sam Edgar,Echuca,18,64.4,14.5,9.1,5.4,6.2,3.8,1.4,2.7,0.6,0.3,3.8,2.6,2.4,0.0,0.0,0.0,4.3,1.6,2.7,0.1,0.2,3.6,0.2,0.4,0.4,0.7,0.3,0.9,0.8,0.9,0.0,1.6,0.0,0.1,1.2,1.3,6.0,0.9,0.1,0.2,0.3,0.7,1.4,0.2,0.7,62.0,70.0,66.0,76.0,52.0,69.0,59.0
207,Coby Dunlop,Rochester,2,64.0,16.5,7.5,9.0,7.0,3.5,0.5,1.5,0.0,0.0,0.5,6.5,3.5,0.0,0.0,0.0,6.0,2.0,4.0,0.0,0.5,3.0,1.0,0.0,0.0,0.5,0.0,3.0,0.0,1.0,0.0,3.0,0.0,1.0,3.0,1.5,7.0,1.5,0.5,1.0,0.0,0.0,2.5,1.0,0.0,0.0,64.0,53.0,72.0,0.0,100.0,83.0
208,Darcy Giles,Seymour,14,63.8,11.4,5.6,5.7,7.1,1.1,1.4,2.1,0.4,0.4,3.6,4.5,5.7,0.0,0.0,0.0,4.9,2.0,2.9,0.0,0.3,0.8,0.2,0.1,0.1,1.0,0.3,0.4,1.8,0.8,0.0,3.1,0.0,0.1,0.7,0.9,14.0,2.1,0.6,0.2,0.2,1.4,4.1,0.3,0.6,41.0,67.0,51.0,84.0,55.0,74.0,67.0
209,Jai Milligan,Echuca,4,63.2,12.5,6.8,5.8,6.2,2.5,0.5,1.2,0.0,0.0,2.0,5.0,2.5,0.0,0.8,0.2,4.5,1.2,3.2,0.8,0.8,1.8,1.5,0.0,0.0,0.5,0.0,1.0,0.8,0.5,0.0,3.5,0.0,0.5,1.0,0.5,4.2,0.2,0.8,2.0,0.5,0.2,1.5,0.8,0.2,0.0,68.0,67.0,70.0,20.0,50.0,100.0
210,Mitchell Fleming,Shepparton Bears,21,63.1,13.2,7.9,5.4,4.5,4.0,0.5,1.8,0.4,0.4,3.0,2.9,2.8,0.3,0.4,0.1,3.1,1.0,2.2,0.6,0.5,3.5,0.8,0.8,0.1,0.2,0.1,1.1,0.2,0.8,0.0,1.8,0.0,0.1,1.0,0.7,5.1,0.4,0.1,0.8,0.3,0.7,1.4,0.6,0.3,50.0,71.0,69.0,74.0,59.0,70.0,65.0
211,Henry Hill,Benalla,16,62.7,11.4,7.8,3.6,3.9,4.6,0.3,0.2,0.0,0.0,0.9,4.8,1.2,0.1,0.0,0.0,2.4,0.4,2.0,0.1,0.6,4.0,1.6,0.0,0.0,0.2,0.1,2.6,0.5,0.4,0.8,3.4,0.0,0.5,0.9,0.1,2.9,0.1,0.2,2.8,0.4,0.1,0.4,0.7,0.0,0.0,73.0,73.0,72.0,0.0,60.0,73.0
212,Mitchell Trevaskis,Shepparton United,17,62.4,14.7,9.3,5.4,3.6,6.0,0.5,1.1,0.1,0.1,2.3,3.6,1.6,0.0,0.1,0.0,2.8,0.7,2.1,0.2,0.4,5.6,1.3,0.2,0.0,0.4,0.2,1.9,0.2,0.6,0.2,1.3,0.0,0.4,1.5,0.4,3.1,0.1,0.2,0.8,0.2,0.0,0.6,0.9,0.1,33.0,72.0,67.0,82.0,53.0,33.0,63.0
213,Campbell McElhinney,Mooroopna,19,62.2,11.4,6.4,5.1,4.9,3.2,0.6,0.7,0.0,0.1,1.4,4.6,4.2,0.0,0.0,0.0,3.1,1.2,1.9,0.0,0.6,2.6,1.4,0.0,0.2,0.3,0.1,2.0,1.1,0.7,0.3,1.7,0.0,0.3,1.2,0.1,6.7,0.4,0.5,0.7,0.2,0.2,2.3,1.6,0.1,0.0,74.0,69.0,80.0,54.0,73.0,55.0
214,Cooper Gracie,Benalla,16,61.7,14.6,8.1,6.5,7.1,3.2,1.8,2.5,0.2,0.4,2.6,2.7,4.1,0.1,0.0,0.0,4.4,1.9,2.5,0.2,0.2,2.9,0.2,0.2,0.5,0.6,0.7,0.3,1.8,1.2,0.0,1.0,0.0,0.1,1.4,1.3,7.4,0.8,0.0,0.1,0.1,0.7,2.9,0.5,0.4,36.0,64.0,52.0,80.0,45.0,61.0,80.0
215,Trent Herbert,Shepparton Bears,16,61.6,11.2,7.6,3.6,4.3,4.4,0.7,1.8,1.6,1.6,5.2,0.9,2.2,0.0,1.3,0.1,2.0,1.1,0.9,0.1,1.1,3.3,0.0,2.5,0.1,0.4,0.2,0.2,0.8,1.0,0.0,1.2,0.0,0.0,0.8,1.3,5.4,0.4,0.1,0.3,0.3,1.4,0.8,0.0,0.9,50.0,54.0,50.0,64.0,50.0,36.0,50.0
216,Sam O'Brien,Shepparton Bears,17,61.2,12.8,7.0,5.8,5.0,2.6,0.6,2.1,0.2,0.2,4.1,3.2,4.5,0.0,0.1,0.0,3.4,1.2,2.1,0.0,0.3,2.3,0.2,0.2,0.0,0.5,0.2,0.5,1.1,0.5,0.0,2.4,0.0,0.0,0.8,1.0,8.5,1.4,0.3,0.2,0.5,1.1,3.2,0.2,0.7,57.0,70.0,65.0,77.0,54.0,73.0,56.0
217,Ryan Ash,Shepparton Bears,7,61.1,13.6,8.7,4.9,6.6,2.3,1.1,2.6,0.3,0.3,2.6,4.3,3.0,0.0,0.0,0.0,5.3,1.7,3.6,0.4,0.1,2.1,0.7,0.0,0.0,0.9,0.3,2.0,0.7,0.7,0.6,1.7,0.0,0.1,2.3,0.7,7.1,0.6,0.1,0.7,0.1,0.3,2.3,0.4,0.0,50.0,62.0,54.0,76.0,44.0,63.0,64.0
218,Fraser Hicks,Shepparton United,14,61.1,16.8,11.1,5.6,3.4,4.0,0.4,0.8,0.0,0.0,2.1,3.9,1.9,0.0,0.0,0.0,2.5,0.7,1.8,0.2,0.5,3.5,0.9,0.1,0.0,0.3,0.1,3.0,0.1,0.4,3.4,0.9,0.0,0.3,1.5,0.4,3.2,0.2,0.1,0.6,0.0,0.0,1.2,0.7,0.1,0.0,76.0,73.0,82.0,64.0,60.0,69.0
219,Noah Muir,Shepparton Bears,10,60.8,15.7,8.3,7.4,5.7,3.1,1.4,2.7,0.8,0.3,4.9,1.8,2.7,0.0,0.0,0.0,4.3,2.1,2.2,0.4,0.1,3.0,0.1,0.7,0.2,0.8,0.4,0.2,0.3,0.6,0.0,1.1,0.0,0.0,1.9,1.6,4.8,0.6,0.1,0.1,0.3,0.7,1.9,0.1,1.1,72.0,63.0,54.0,73.0,52.0,57.0,100.0
220,Marcus Varley,Euroa,12,60.7,14.4,8.8,5.7,4.8,3.2,1.8,1.1,0.0,0.0,1.3,2.3,4.3,0.0,0.0,0.0,3.5,1.0,2.5,0.7,0.2,3.1,0.4,0.1,0.3,0.9,0.6,1.3,0.6,0.9,0.2,2.6,0.0,0.2,2.0,0.6,8.9,0.8,0.2,0.9,0.2,0.5,2.2,1.7,0.1,0.0,61.0,50.0,79.0,23.0,50.0,63.0
221,Jack Sinclair,Kyabram,18,60.6,14.9,9.4,5.5,4.6,4.0,1.4,2.2,0.3,0.2,2.9,3.2,1.8,0.0,0.0,0.0,3.6,0.6,2.9,0.2,0.2,3.8,0.5,0.1,0.3,0.6,0.6,1.4,0.2,0.3,0.1,1.7,0.0,0.1,1.3,0.8,4.3,0.9,0.3,0.3,0.2,0.2,1.2,0.4,0.3,62.0,67.0,56.0,86.0,41.0,60.0,60.0
222,Lachlan Ludeman,Shepparton Bears,14,60.2,12.7,6.5,6.2,6.9,2.7,2.9,3.1,0.5,0.4,3.9,1.9,2.6,0.2,0.0,0.0,5.0,2.1,2.9,0.3,0.4,2.3,0.4,0.3,0.6,1.1,1.1,0.9,0.4,1.2,0.0,1.4,0.0,0.3,1.2,1.2,5.5,0.6,0.2,0.3,0.3,0.6,1.9,0.1,0.6,58.0,69.0,54.0,85.0,58.0,75.0,58.0
223,Josh Porter,Seymour,6,60.2,15.3,8.8,6.5,5.5,4.0,0.2,1.0,0.0,0.0,3.3,4.2,1.7,0.3,0.0,0.0,4.3,1.3,3.0,1.2,0.2,3.8,0.5,0.0,0.0,0.2,0.0,1.8,0.7,0.7,0.2,1.8,0.0,0.3,1.5,0.5,4.2,1.0,0.0,0.8,0.0,0.0,1.3,0.3,0.0,0.0,77.0,75.0,79.0,33.0,100.0,45.0
224,Kale Gibson,Shepparton United,17,60.0,14.6,10.6,4.0,2.8,5.2,0.4,1.5,0.3,0.3,3.1,2.1,1.7,0.4,0.0,0.0,1.9,0.4,1.5,0.7,0.2,5.1,0.2,0.5,0.1,0.2,0.1,1.9,0.8,0.6,0.9,1.8,0.0,0.2,1.1,0.7,5.8,1.2,0.1,0.3,0.1,0.3,1.3,0.1,0.4,50.0,76.0,76.0,76.0,58.0,71.0,76.0
225,Sam Begley,Benalla,17,59.9,13.8,7.9,5.8,5.6,3.1,1.1,1.8,0.4,0.7,2.8,2.8,2.7,0.4,0.0,0.0,4.1,1.4,2.7,0.1,0.5,2.6,0.4,0.6,0.1,0.4,0.5,1.1,0.8,1.0,0.1,2.3,0.0,0.3,1.2,0.8,7.5,1.6,0.2,0.4,0.1,0.6,1.6,0.5,0.2,36.0,65.0,53.0,82.0,53.0,61.0,53.0
226,Jack Walters,Euroa,8,59.8,11.0,6.5,4.5,4.0,4.0,0.6,0.5,0.0,0.1,2.1,4.6,2.8,0.1,0.0,0.0,3.1,1.6,1.5,0.1,0.4,3.6,0.9,0.2,0.2,0.2,0.1,2.1,0.2,0.1,0.0,2.2,0.0,0.1,0.9,0.4,5.4,0.6,0.4,0.6,0.5,0.0,1.8,1.0,0.1,0.0,75.0,75.0,75.0,25.0,80.0,82.0
227,Sean Johns,Tatura,8,59.8,12.2,8.0,4.2,6.8,3.4,2.0,0.9,0.9,0.8,3.6,2.1,2.5,0.2,0.1,0.0,3.9,1.5,2.4,0.6,0.5,2.9,0.2,1.0,0.4,0.8,0.9,1.1,1.1,1.4,0.0,0.9,0.0,0.0,1.5,0.8,3.8,0.5,0.1,0.0,0.2,0.5,1.6,0.4,0.5,53.0,71.0,67.0,79.0,43.0,56.0,67.0
228,Xavier Hutchison,Tatura,9,59.7,12.8,9.9,2.9,4.4,4.3,0.8,1.0,0.0,0.0,0.6,3.2,2.8,0.6,0.0,0.0,2.4,0.3,2.1,0.2,0.7,3.7,1.1,0.0,0.1,0.6,0.1,3.8,0.9,0.1,1.9,2.3,0.0,0.4,2.1,0.6,5.3,1.1,0.1,0.9,0.2,0.0,1.9,0.9,0.0,0.0,63.0,58.0,81.0,33.0,43.0,65.0
229,Ty Sutherland,Shepparton Swans,18,59.4,7.8,4.8,3.1,4.1,1.6,2.4,1.2,0.1,0.2,2.2,1.2,3.7,0.0,20.8,3.9,2.1,0.7,1.3,0.1,0.2,1.3,0.1,0.2,1.0,0.7,0.7,0.8,1.3,1.2,0.0,2.9,0.0,0.1,1.4,0.3,7.7,0.4,0.1,0.6,1.0,0.3,2.5,0.9,0.2,20.0,65.0,52.0,84.0,45.0,63.0,29.0
230,Echuca 24,Echuca,4,59.2,12.2,7.5,4.8,4.5,4.0,0.0,1.0,0.2,0.2,1.8,4.0,1.8,0.0,2.2,0.5,3.8,1.5,2.2,1.2,0.5,3.5,0.8,0.2,0.0,0.0,0.0,1.5,0.2,1.0,0.2,3.8,0.0,0.5,1.5,0.8,4.5,0.5,0.5,2.2,0.2,0.2,0.5,1.0,0.0,50.0,78.0,67.0,95.0,50.0,0.0,67.0
231,Mitchell Bell,Echuca,15,59.2,13.6,8.5,5.1,5.3,3.8,0.6,1.9,0.7,0.7,4.1,3.1,1.5,0.5,0.1,0.0,3.7,1.1,2.7,0.2,0.5,3.3,0.4,0.7,0.2,0.2,0.2,1.3,0.6,0.7,0.1,1.5,0.0,0.1,1.2,0.7,4.7,0.5,0.2,0.5,0.1,0.2,1.3,0.1,0.4,50.0,68.0,59.0,83.0,55.0,56.0,74.0
232,Nash Ramage,Rochester,4,59.0,9.8,2.5,7.2,4.2,2.5,0.5,0.8,0.0,0.0,1.8,2.2,1.8,0.0,15.5,4.2,2.2,1.2,1.0,0.0,1.0,1.5,0.8,0.0,0.2,0.2,0.0,1.5,0.5,0.2,0.0,2.8,0.0,0.2,1.0,0.5,3.8,0.5,0.2,1.2,0.8,0.0,1.5,0.2,0.2,0.0,74.0,50.0,83.0,0.0,100.0,50.0
233,Kaleb Gilmour,Shepparton Bears,1,59.0,12.0,6.0,6.0,5.0,5.0,0.0,2.0,1.0,0.0,1.0,4.0,2.0,0.0,0.0,0.0,5.0,2.0,3.0,0.0,0.0,5.0,0.0,1.0,0.0,0.0,0.0,1.0,0.0,1.0,0.0,5.0,0.0,0.0,2.0,1.0,7.0,3.0,0.0,2.0,0.0,0.0,2.0,0.0,0.0,100.0,58.0,67.0,50.0,0.0,0.0,100.0
234,Anthony Andronaco,Shepparton Bears,12,58.8,12.2,8.4,3.8,5.7,3.8,1.4,3.2,1.3,0.8,4.8,1.7,1.3,0.0,0.0,0.0,3.3,1.0,2.3,0.1,0.8,3.0,0.2,1.1,0.3,0.8,0.2,0.4,1.0,1.0,0.0,0.7,0.0,0.0,1.3,1.2,3.5,0.2,0.2,0.1,0.2,0.4,0.9,0.0,0.7,64.0,58.0,57.0,60.0,59.0,47.0,60.0
235,Makai Cronin,Echuca,13,58.5,12.0,8.5,3.5,4.7,3.2,0.4,3.3,0.9,1.0,4.6,2.2,2.4,0.2,0.0,0.0,3.3,0.7,2.6,0.1,0.7,2.5,0.2,0.8,0.0,0.2,0.2,0.2,0.4,0.4,0.0,1.2,0.0,0.1,0.7,1.2,5.5,0.7,0.2,0.1,0.2,1.2,1.2,0.0,0.7,48.0,67.0,62.0,80.0,72.0,40.0,100.0
236,Mitchell Vasterink,Benalla,17,58.5,8.6,6.9,1.8,5.5,3.0,1.6,1.7,0.9,0.8,3.6,1.2,1.3,0.0,9.7,2.5,2.2,1.4,0.9,0.0,1.2,1.8,0.4,1.0,0.1,1.0,0.5,0.5,1.1,0.7,0.0,1.7,0.0,0.1,0.4,1.8,3.6,0.4,0.2,0.8,0.3,0.6,0.6,0.0,0.6,50.0,56.0,54.0,67.0,38.0,39.0,63.0
237,Mitchell Walters,Euroa,16,58.4,11.8,6.1,5.7,6.6,2.5,1.4,2.0,1.1,0.4,3.2,2.2,2.3,0.0,0.0,0.0,4.8,1.9,2.9,0.1,0.8,1.8,0.1,0.8,0.6,0.4,0.4,0.8,0.8,0.9,0.0,1.1,0.0,0.1,1.1,1.0,5.5,0.7,0.2,0.2,0.1,0.6,1.3,0.4,0.3,70.0,68.0,58.0,79.0,59.0,73.0,58.0
238,Adam Giobbi,Euroa,10,58.4,13.0,10.8,2.2,4.3,4.9,0.0,1.1,0.6,0.9,2.5,3.7,0.6,0.0,0.1,0.0,2.4,0.5,1.9,1.0,1.2,3.7,1.6,1.2,0.0,0.0,0.0,4.2,0.2,1.0,1.0,1.4,0.0,0.2,2.5,0.7,2.3,0.3,0.2,0.7,0.2,0.1,0.1,0.4,0.3,40.0,55.0,54.0,64.0,55.0,0.0,50.0
239,Bryce Stephenson,Shepparton Bears,21,58.4,10.0,6.0,4.0,4.7,3.8,0.1,0.6,0.0,0.0,0.8,4.8,1.5,0.0,0.1,0.0,3.0,1.0,1.9,0.0,1.0,2.8,1.8,0.0,0.0,0.1,0.0,2.2,0.5,1.1,0.0,4.4,0.0,0.5,1.3,0.0,3.5,0.2,0.1,3.6,0.2,0.0,0.3,1.2,0.0,0.0,62.0,58.0,69.0,33.0,67.0,52.0
240,Jess Petherick,Tatura,16,58.3,13.2,8.4,4.8,4.8,5.3,0.4,2.2,0.2,0.2,2.6,1.9,2.2,0.0,0.1,0.0,3.2,1.2,2.1,0.0,0.5,4.8,0.7,0.7,0.0,0.2,0.2,0.8,0.5,0.5,0.0,1.9,0.0,0.1,1.4,1.0,5.5,1.1,0.1,0.5,0.2,0.7,1.3,0.2,0.6,42.0,66.0,55.0,84.0,50.0,57.0,38.0
241,Liam Duguid,Shepparton Bears,19,58.3,10.2,6.2,3.9,4.2,2.5,0.5,1.3,0.1,0.2,1.9,3.9,3.7,0.1,0.0,0.0,3.1,0.9,2.2,0.1,0.4,2.2,0.7,0.2,0.0,0.4,0.1,1.7,0.4,0.6,0.0,3.8,0.0,0.2,1.1,0.3,8.0,0.6,0.5,1.8,0.7,0.4,2.0,1.4,0.1,40.0,69.0,65.0,75.0,54.0,70.0,64.0
242,Logan Hyland,Benalla,1,58.0,12.0,6.0,6.0,3.0,3.0,1.0,0.0,0.0,0.0,0.0,6.0,2.0,0.0,0.0,0.0,0.0,0.0,0.0,0.0,1.0,2.0,2.0,0.0,0.0,0.0,1.0,2.0,1.0,0.0,0.0,2.0,0.0,2.0,0.0,0.0,3.0,0.0,0.0,2.0,0.0,0.0,0.0,2.0,0.0,0.0,50.0,50.0,50.0,0.0,0.0,100.0
243,Jay Canterbury,Mansfield,10,58.0,8.3,4.6,3.7,3.8,3.7,0.4,0.5,0.2,0.0,1.3,3.8,2.2,0.1,0.6,0.2,1.9,0.7,1.2,0.1,1.0,2.7,1.9,0.0,0.0,0.4,0.0,1.5,0.5,0.7,0.0,3.4,0.0,0.4,0.8,0.0,3.7,0.2,0.2,2.8,0.2,0.4,0.7,1.1,0.2,100.0,77.0,76.0,78.0,60.0,100.0,80.0
244,Thomas Burnett,Kyabram,17,57.8,14.2,7.3,6.9,5.0,4.1,1.1,2.1,0.7,0.3,4.1,1.4,2.6,0.2,0.0,0.0,3.9,1.5,2.5,0.1,0.4,3.7,0.0,0.4,0.4,0.3,0.5,0.3,0.5,1.3,0.0,2.2,0.0,0.0,1.5,1.2,6.5,1.1,0.2,0.2,0.3,0.8,1.8,0.0,0.6,70.0,67.0,57.0,78.0,50.0,74.0,80.0
245,Jack Christopher,Mansfield,12,57.8,6.0,2.7,3.3,4.0,1.3,1.7,0.8,0.0,0.0,1.6,1.8,4.0,0.0,15.9,3.3,2.2,0.7,1.5,0.0,0.3,1.0,0.5,0.2,0.6,0.9,0.2,0.8,0.7,0.5,0.0,2.8,0.0,0.1,0.4,0.2,5.2,0.2,0.1,1.8,0.4,0.4,3.0,0.6,0.2,0.0,74.0,53.0,90.0,50.0,75.0,56.0
246,Nathan McCarty,Rochester,17,57.7,14.0,7.2,6.8,5.2,3.8,0.9,2.6,0.2,0.3,2.6,3.5,2.2,0.1,0.0,0.0,3.9,1.8,2.1,0.2,0.4,3.4,0.6,0.2,0.2,0.5,0.2,0.9,0.4,1.1,0.0,1.4,0.0,0.1,1.7,0.8,4.2,0.2,0.1,0.8,0.2,0.1,1.4,0.8,0.5,37.0,69.0,55.0,84.0,48.0,67.0,53.0
247,Michael Archer,Tatura,5,57.6,15.4,11.0,4.4,2.6,5.6,0.8,1.4,0.0,0.2,1.0,2.6,1.4,0.2,0.0,0.0,2.2,0.4,1.8,0.8,0.0,5.6,0.8,0.2,0.2,0.0,0.6,3.6,0.2,0.2,1.6,1.2,0.0,0.6,2.0,0.6,2.8,0.2,0.0,0.8,0.0,0.0,1.2,0.2,0.0,0.0,61.0,56.0,73.0,29.0,25.0,50.0
248,Owain Boyle,Benalla,7,57.6,15.3,10.9,4.4,5.1,5.9,1.4,2.0,0.3,0.3,3.0,2.4,2.6,0.3,0.0,0.0,3.1,1.0,2.1,0.1,1.0,4.9,0.3,0.3,0.3,0.7,0.4,1.6,0.7,1.7,0.0,2.0,0.0,0.0,3.0,1.7,7.0,0.9,0.1,0.9,0.1,0.4,1.7,0.4,0.4,50.0,57.0,50.0,74.0,29.0,50.0,18.0
249,Kade Dwyer,Shepparton Swans,17,57.4,12.9,7.3,5.6,5.2,3.6,1.1,1.6,0.2,0.2,2.8,3.4,3.2,0.1,0.1,0.1,4.4,1.6,2.8,0.2,0.0,3.6,0.4,0.1,0.2,0.6,0.3,0.9,0.6,1.1,0.0,2.4,0.0,0.1,1.4,0.8,7.9,1.1,0.2,0.5,0.5,0.7,2.1,0.4,0.3,42.0,67.0,59.0,78.0,43.0,79.0,73.0
250,Harrison Bell,Mooroopna,9,57.3,11.9,7.1,4.8,4.9,3.4,0.9,1.7,1.6,0.7,4.0,1.3,1.6,0.0,0.0,0.0,3.0,1.3,1.7,0.1,0.8,2.7,0.1,1.9,0.1,0.3,0.4,0.2,0.6,0.8,0.0,1.3,0.0,0.0,1.0,1.0,4.6,0.9,0.3,0.1,0.0,0.7,0.9,0.0,0.4,70.0,64.0,56.0,74.0,53.0,88.0,100.0
251,Will Foster,Mansfield,17,57.3,12.4,8.5,3.9,4.9,2.6,1.6,2.6,1.1,0.6,3.6,2.2,2.6,0.2,0.0,0.0,3.5,0.9,2.6,0.1,0.2,2.4,0.3,0.6,0.0,1.0,0.6,0.5,0.6,0.6,0.0,2.4,0.0,0.0,1.5,1.4,6.9,0.9,0.4,0.2,0.8,1.2,1.4,0.1,0.6,62.0,56.0,48.0,73.0,45.0,50.0,25.0
252,Tom Jeffrey,Seymour,15,57.1,12.3,8.3,4.0,4.4,4.8,0.7,2.1,0.3,0.2,2.9,3.3,1.7,0.0,0.1,0.0,3.1,0.9,2.3,0.2,0.7,4.1,1.2,0.5,0.0,0.7,0.1,1.1,0.3,0.5,0.0,1.5,0.0,0.4,1.5,0.7,3.6,0.4,0.1,0.8,0.1,0.0,1.2,0.5,0.1,62.0,65.0,62.0,73.0,50.0,36.0,69.0
253,Echuca 26,Echuca,7,57.0,11.3,8.1,3.1,4.7,3.6,0.4,1.4,0.0,0.0,1.7,4.7,3.0,0.0,0.0,0.0,3.0,1.7,1.3,0.1,0.6,3.0,1.4,0.0,0.0,0.4,0.0,1.3,0.3,1.0,0.0,1.7,0.0,0.3,1.6,0.1,5.3,0.4,0.4,0.3,0.1,0.0,1.7,1.3,0.0,0.0,76.0,72.0,86.0,70.0,100.0,56.0
254,Jack Mellington,Shepparton Bears,2,57.0,14.5,9.5,5.0,3.0,7.0,0.0,2.5,0.0,0.0,2.0,1.0,2.5,0.5,0.0,0.0,3.0,1.5,1.5,0.5,0.0,7.0,0.5,0.0,0.0,0.0,0.0,1.0,0.0,1.5,0.0,1.0,0.0,0.0,2.0,0.5,7.0,0.5,0.0,0.5,0.0,0.5,2.0,0.0,1.0,0.0,76.0,84.0,60.0,60.0,0.0,100.0
255,Xavier Lewis,Shepparton Bears,7,56.6,15.1,8.9,6.3,5.6,3.1,1.7,2.4,0.3,1.0,5.0,2.1,1.7,0.1,0.0,0.0,4.4,1.1,3.3,0.1,0.0,3.1,0.0,0.6,0.1,1.4,0.1,0.6,0.4,0.9,0.0,2.3,0.0,0.1,1.4,1.1,4.3,0.6,0.3,0.4,1.0,0.4,1.1,0.1,0.6,22.0,58.0,50.0,68.0,35.0,67.0,75.0
256,Nic Burke,Euroa,17,56.1,15.3,7.6,7.6,4.9,4.1,0.6,1.5,0.1,0.2,1.7,2.9,1.6,0.5,0.0,0.0,4.1,0.8,3.2,0.3,0.1,4.1,0.3,0.2,0.1,0.2,0.3,1.6,0.6,0.2,0.0,0.8,0.0,0.1,1.7,0.7,3.6,0.5,0.1,0.2,0.0,0.1,1.1,0.5,0.2,33.0,71.0,54.0,88.0,42.0,64.0,63.0
257,Mitchell Bright,Rochester,16,56.1,15.1,9.4,5.8,5.1,3.9,0.8,2.6,0.1,0.2,2.8,4.6,1.8,0.1,0.0,0.0,3.4,1.2,2.2,0.4,0.6,3.4,0.9,0.1,0.1,0.6,0.1,1.3,0.4,1.4,0.0,1.2,0.0,0.2,2.3,1.1,4.2,0.3,0.2,0.4,0.2,0.0,1.1,0.7,0.3,20.0,67.0,59.0,79.0,46.0,62.0,62.0
258,Michael Mummery,Benalla,13,56.0,8.7,7.4,1.3,3.6,3.9,0.2,1.0,2.8,1.2,5.7,0.6,0.3,0.1,0.1,0.0,1.9,0.4,1.5,0.1,1.0,2.9,0.1,2.8,0.0,0.1,0.1,0.1,0.5,0.3,0.0,0.3,0.0,0.0,0.2,0.6,0.9,0.2,0.0,0.1,0.1,0.2,0.1,0.0,0.3,68.0,64.0,63.0,71.0,62.0,50.0,100.0
259,Jack Frewen,Euroa,12,56.0,10.7,4.9,5.8,6.0,2.6,1.2,1.2,0.2,0.1,2.4,2.9,4.4,0.0,0.0,0.0,4.2,2.1,2.1,0.1,0.3,2.2,0.3,0.2,0.2,0.4,0.6,0.6,1.2,0.8,0.1,1.8,0.0,0.2,1.2,0.6,8.3,1.1,0.0,0.3,0.2,0.5,2.9,1.0,0.4,75.0,72.0,68.0,75.0,50.0,67.0,71.0
260,Christian Georgiou,Shepparton Swans,17,55.9,12.5,8.3,4.2,4.6,3.0,1.6,2.5,0.4,0.4,2.8,1.8,4.1,0.2,0.0,0.0,3.2,0.7,2.5,0.1,0.0,3.0,0.1,0.5,0.2,1.0,0.5,0.3,0.9,0.6,0.0,2.0,0.0,0.2,1.4,0.9,8.9,1.4,0.0,0.4,0.1,0.9,2.9,0.2,0.5,50.0,59.0,52.0,75.0,55.0,61.0,80.0
261,Cade Dealy,Tatura,10,55.8,13.8,10.7,3.1,2.5,6.2,0.2,0.7,0.2,0.0,1.0,1.6,1.2,0.1,0.0,0.0,1.6,0.4,1.2,0.2,0.5,5.7,0.4,0.2,0.0,0.1,0.1,2.0,0.0,0.1,1.3,1.4,0.0,0.3,1.2,0.3,4.0,0.7,0.1,0.5,0.1,0.1,0.7,0.4,0.0,100.0,77.0,79.0,71.0,29.0,0.0,80.0
262,Lachlan Rumbiolo,Shepparton Bears,19,55.4,13.2,7.5,5.7,3.9,3.4,0.8,1.2,0.2,0.4,2.8,3.1,1.9,0.1,0.0,0.0,3.0,0.6,2.4,0.2,0.2,3.2,0.4,0.4,0.0,0.5,0.3,1.0,0.4,0.2,0.0,1.4,0.0,0.1,1.1,0.5,4.4,0.5,0.2,0.5,0.0,0.3,1.5,0.1,0.3,36.0,73.0,69.0,80.0,65.0,50.0,68.0
263,Bailey Boyack,Rochester,7,55.3,14.3,5.1,9.1,6.0,2.9,3.4,2.3,0.0,0.0,2.7,1.4,1.7,0.0,0.0,0.0,4.1,1.3,2.9,0.1,0.1,2.7,0.0,0.3,1.3,1.0,1.1,0.1,0.4,0.7,0.0,1.4,0.0,0.1,1.1,0.9,5.3,0.6,0.4,0.0,0.1,0.4,1.0,0.3,0.4,0.0,77.0,50.0,92.0,50.0,83.0,0.0
264,Jhett Cooper,Shepparton Bears,4,55.2,12.2,7.8,4.5,3.5,4.5,0.2,0.2,0.5,0.0,2.2,3.2,1.2,0.2,0.0,0.0,2.0,0.5,1.5,0.5,0.8,3.8,0.2,0.8,0.0,0.0,0.2,1.2,0.5,0.2,0.0,1.8,0.0,0.0,1.2,0.0,4.2,1.0,0.0,0.2,0.2,0.0,1.0,0.2,0.5,100.0,78.0,71.0,89.0,100.0,100.0,40.0
265,Xavier Chandler,Mooroopna,20,54.6,13.9,10.2,3.7,4.0,4.2,0.7,1.8,0.2,0.2,2.4,2.7,1.9,0.1,0.1,0.0,3.0,1.0,2.0,0.7,0.2,4.0,0.6,0.1,0.0,0.6,0.1,2.4,0.5,0.5,0.1,0.9,0.0,0.4,2.2,0.4,4.2,0.5,0.1,0.3,0.1,0.1,1.1,0.7,0.3,50.0,60.0,53.0,78.0,53.0,43.0,62.0
266,Harper Simpson,Shepparton Swans,15,54.6,9.3,7.5,1.8,3.8,3.5,0.9,2.5,1.7,1.0,4.7,1.1,2.6,0.1,0.6,0.0,1.8,0.7,1.1,0.0,0.6,2.9,0.0,1.6,0.2,0.4,0.3,0.0,1.3,0.7,0.0,2.0,0.0,0.0,0.3,1.5,5.5,1.1,0.1,0.3,0.5,1.2,1.3,0.1,0.4,59.0,58.0,53.0,78.0,50.0,54.0,0.0
267,Mackinley Ayton,Kyabram,17,54.4,11.1,6.2,4.9,5.1,2.6,0.8,1.7,0.6,0.4,3.2,2.8,2.5,0.0,0.0,0.0,4.2,1.4,2.8,0.1,0.2,2.5,0.4,0.2,0.1,0.6,0.1,0.7,0.6,0.5,0.0,1.4,0.0,0.2,0.5,0.8,5.6,0.9,0.1,0.3,0.1,0.9,1.2,0.4,0.4,58.0,70.0,62.0,80.0,55.0,77.0,67.0
268,Liam Gronow,Echuca,18,54.3,11.6,7.6,4.0,4.7,2.7,0.6,2.2,1.5,1.1,4.9,1.3,2.1,0.2,0.0,0.0,3.3,0.8,2.5,0.1,0.4,2.2,0.2,0.9,0.1,0.3,0.2,0.2,0.9,1.1,0.0,1.8,0.0,0.0,0.6,1.5,5.1,0.8,0.3,0.1,0.6,1.1,0.9,0.1,0.7,57.0,63.0,53.0,81.0,48.0,60.0,75.0
269,Mitchell Serra,Shepparton United,13,54.2,12.2,7.2,5.0,3.1,4.2,0.4,2.2,0.2,0.1,2.8,2.2,1.5,0.2,0.0,0.0,1.8,0.4,1.5,0.4,0.5,3.7,0.5,0.2,0.1,0.1,0.2,0.8,0.5,0.2,0.1,1.4,0.0,0.0,0.9,0.5,3.5,0.8,0.1,0.1,0.3,0.3,1.0,0.2,0.6,75.0,78.0,72.0,86.0,79.0,60.0,70.0
270,Fraser Cleary,Rochester,7,54.1,14.3,9.6,4.7,5.6,4.1,0.9,2.6,0.3,0.0,2.1,4.0,1.7,0.4,0.0,0.0,4.0,1.1,2.9,0.7,0.1,4.0,0.9,0.1,0.0,0.4,0.4,1.4,0.6,1.4,0.1,1.3,0.0,0.3,2.9,1.4,3.4,0.3,0.0,0.7,0.3,0.3,1.0,0.4,0.1,100.0,64.0,61.0,70.0,44.0,50.0,70.0
271,Charlie Murdoch,Tatura,9,54.1,14.7,8.9,5.8,5.1,4.1,1.0,0.8,0.0,0.1,1.3,3.9,2.1,0.2,0.0,0.0,4.2,0.8,3.4,0.0,0.1,4.0,0.8,0.1,0.0,0.7,0.3,1.7,0.7,1.2,0.1,1.6,0.0,0.4,2.4,0.4,5.3,0.7,0.3,0.1,0.4,0.1,1.4,0.6,0.2,0.0,64.0,59.0,71.0,43.0,56.0,47.0
272,Steele Simpson,Shepparton Swans,5,54.0,10.2,8.6,1.6,3.2,5.4,0.0,2.4,1.4,1.2,5.2,0.8,1.0,0.8,0.6,0.0,1.4,0.4,1.0,0.0,1.0,4.4,0.2,2.8,0.0,0.0,0.0,0.0,0.4,0.6,0.0,1.6,0.0,0.0,0.2,2.4,2.6,0.6,0.4,0.2,0.0,0.4,0.6,0.0,1.0,53.0,59.0,58.0,63.0,75.0,0.0,0.0
273,Andrew Ciavarella,Tatura,8,54.0,14.1,7.6,6.5,5.1,3.8,2.0,1.1,0.0,0.4,2.0,2.4,2.0,0.0,0.0,0.0,3.4,1.5,1.9,0.1,0.5,3.2,0.2,0.5,0.8,0.6,0.6,1.2,0.6,0.9,0.0,1.2,0.0,0.2,1.8,0.6,4.9,0.2,0.5,0.1,0.4,0.6,1.2,0.1,0.4,0.0,65.0,57.0,73.0,67.0,56.0,40.0
274,Jordan Loverso,Shepparton United,17,53.6,10.9,7.5,3.4,4.4,4.0,0.5,2.6,0.7,0.9,4.0,1.5,4.4,0.1,0.1,0.0,3.2,0.8,2.4,0.1,0.5,3.5,0.3,1.1,0.0,0.5,0.0,0.0,0.5,1.8,0.0,1.5,0.0,0.1,1.0,1.5,7.5,0.7,0.1,0.4,0.4,1.5,2.8,0.1,0.6,44.0,64.0,59.0,76.0,50.0,78.0,0.0
275,,Euroa,1,53.0,9.0,2.0,7.0,7.0,0.0,1.0,0.0,0.0,0.0,1.0,5.0,4.0,0.0,0.0,0.0,5.0,2.0,3.0,0.0,0.0,0.0,0.0,0.0,0.0,0.0,1.0,1.0,2.0,0.0,0.0,2.0,0.0,0.0,0.0,0.0,5.0,1.0,0.0,0.0,1.0,0.0,2.0,2.0,0.0,0.0,100.0,100.0,100.0,0.0,100.0,100.0
276,Caiden Phillips,Shepparton United,11,53.0,10.3,6.7,3.5,2.7,3.4,0.3,0.7,0.0,0.1,2.1,3.4,2.1,0.1,0.0,0.0,1.9,0.4,1.5,0.3,0.3,3.1,0.8,0.1,0.0,0.3,0.0,1.3,0.7,0.4,0.2,3.8,0.0,0.4,0.7,0.2,4.1,0.5,0.3,2.3,0.6,0.0,0.9,1.2,0.1,0.0,75.0,80.0,67.0,75.0,67.0,57.0
277,Kyabram 20,Kyabram,2,52.5,9.5,6.0,3.5,4.0,3.5,0.0,2.5,1.0,0.0,2.5,1.5,0.5,0.0,0.5,0.5,3.0,0.5,2.5,0.5,0.0,3.5,0.0,0.5,0.0,0.0,0.0,1.0,1.0,0.5,0.0,3.0,0.0,0.0,0.5,1.0,5.5,1.5,1.0,0.5,0.0,0.5,0.0,0.0,1.0,100.0,74.0,75.0,71.0,80.0,0.0,100.0
278,Benjamin Cooney,Seymour,13,52.4,8.8,5.7,3.2,4.2,3.0,0.2,0.5,0.2,0.2,1.9,4.5,1.8,0.0,0.1,0.0,2.3,1.0,1.3,0.2,1.1,1.9,1.8,0.3,0.0,0.1,0.2,0.9,0.6,0.8,0.0,1.8,0.0,0.5,0.3,0.2,3.8,0.5,0.1,1.2,0.0,0.1,1.1,0.7,0.0,60.0,76.0,72.0,83.0,50.0,67.0,75.0
279,Connor Fleming,Shepparton Bears,18,52.3,10.8,7.3,3.6,4.4,3.3,0.9,1.1,0.7,0.4,2.4,2.7,2.6,0.0,0.1,0.1,2.8,1.1,1.7,0.1,0.7,2.7,0.7,0.8,0.1,0.4,0.4,1.1,0.9,1.1,0.0,1.7,0.0,0.4,1.3,1.1,5.7,0.6,0.3,0.6,0.2,0.7,1.4,0.5,0.2,65.0,63.0,60.0,67.0,58.0,47.0,63.0
280,Jesse Brock,Seymour,16,52.1,6.5,2.7,3.8,3.6,1.9,1.3,0.7,0.2,0.2,2.9,1.4,0.8,0.0,22.8,5.1,1.9,1.1,0.9,0.0,0.6,1.3,0.6,0.5,0.2,0.6,0.5,0.2,0.6,0.7,0.0,2.0,0.0,0.2,0.8,0.4,2.0,0.2,0.0,0.9,0.8,0.1,0.5,0.2,0.1,42.0,66.0,42.0,84.0,36.0,67.0,100.0
281,Patrick Kennedy,Echuca,17,51.6,10.5,5.9,4.6,3.9,3.6,0.4,0.6,0.0,0.0,1.6,3.1,2.9,0.0,0.0,0.0,2.9,1.4,1.6,0.0,0.4,3.3,0.5,0.0,0.0,0.1,0.2,1.3,0.5,0.8,0.0,1.8,0.0,0.2,0.8,0.4,4.8,0.2,0.2,1.2,0.2,0.0,1.2,1.6,0.1,0.0,79.0,73.0,87.0,30.0,67.0,73.0
282,Xavier Janke,Shepparton Swans,19,51.6,12.8,6.9,5.9,3.5,3.8,0.6,0.2,0.0,0.0,1.3,3.3,1.5,0.0,0.0,0.0,2.7,0.7,2.0,0.7,0.2,3.7,0.5,0.0,0.1,0.4,0.2,2.0,0.4,0.5,0.0,1.4,0.0,0.3,1.4,0.1,3.8,0.4,0.3,0.5,0.2,0.0,0.7,0.8,0.0,0.0,80.0,73.0,88.0,33.0,83.0,63.0
283,Sam McInneny,Shepparton United,18,51.4,10.7,7.6,3.2,3.2,4.8,0.2,1.7,0.8,0.3,3.1,1.6,1.5,0.0,0.0,0.0,1.7,0.7,1.0,0.1,0.7,4.1,0.5,1.2,0.0,0.2,0.1,0.6,0.5,0.2,0.1,0.7,0.0,0.2,0.7,0.9,2.6,0.3,0.0,0.2,0.1,0.7,0.5,0.3,0.6,70.0,68.0,60.0,86.0,37.0,50.0,50.0
284,Kitt McCamley,Tatura,17,51.4,12.8,5.9,6.9,3.4,5.0,0.3,0.9,0.0,0.1,1.6,2.4,3.6,0.1,0.0,0.0,2.5,0.8,1.7,0.1,0.2,4.8,0.5,0.1,0.0,0.1,0.2,0.6,0.6,1.2,0.0,1.9,0.0,0.0,2.0,0.3,8.2,0.9,0.3,0.1,0.3,0.4,3.0,0.2,0.2,0.0,74.0,60.0,85.0,53.0,100.0,55.0
285,Luke Menhenett,Mansfield,18,51.3,11.2,6.0,5.2,4.8,2.9,0.5,0.7,0.0,0.0,1.6,4.5,3.1,0.1,0.0,0.0,3.2,1.3,1.9,0.2,0.4,2.6,1.1,0.1,0.0,0.3,0.2,2.1,1.1,0.9,0.1,1.3,0.0,0.6,1.8,0.3,5.0,0.3,0.0,0.6,0.1,0.1,1.8,1.3,0.1,0.0,67.0,63.0,71.0,42.0,78.0,57.0
286,Jessie Johnstone,Echuca,7,51.0,11.1,8.0,3.1,3.6,3.3,0.9,3.1,0.4,0.1,3.1,2.3,2.1,0.0,0.0,0.0,2.9,0.7,2.1,0.4,0.1,3.1,0.6,0.6,0.0,0.6,0.3,0.4,0.3,0.6,0.1,1.9,0.0,0.4,0.7,1.6,5.6,0.7,0.6,0.6,0.0,0.4,1.3,0.4,0.9,75.0,64.0,59.0,77.0,41.0,33.0,67.0
287,James Herridge,Mansfield,1,51.0,9.0,5.0,4.0,2.0,1.0,1.0,2.0,0.0,1.0,3.0,3.0,4.0,0.0,0.0,0.0,2.0,0.0,2.0,1.0,0.0,1.0,1.0,0.0,0.0,0.0,1.0,1.0,0.0,0.0,0.0,0.0,0.0,0.0,0.0,0.0,7.0,0.0,0.0,0.0,0.0,0.0,3.0,1.0,0.0,0.0,78.0,60.0,100.0,0.0,0.0,100.0
288,Adam Zimmermann,Euroa,6,50.8,5.8,3.2,2.7,2.7,1.3,1.0,0.7,0.0,0.3,2.7,1.0,2.5,0.0,19.2,5.8,1.3,0.2,1.2,0.0,0.7,0.7,0.3,0.3,0.3,0.3,0.3,0.3,0.8,0.5,0.0,2.2,0.0,0.2,0.5,0.7,5.2,0.8,0.2,0.5,0.5,0.7,0.8,1.0,0.0,0.0,54.0,42.0,69.0,25.0,50.0,100.0
289,Liam Rachele,Shepparton Swans,12,50.8,9.9,6.0,3.9,4.4,3.4,0.8,1.8,0.6,0.6,2.7,2.0,3.4,0.1,0.0,0.0,3.2,1.3,1.9,0.1,0.5,2.9,0.7,0.5,0.0,0.4,0.4,0.2,0.8,0.5,0.0,1.2,0.0,0.0,1.4,0.8,6.2,0.7,0.0,0.1,0.4,1.0,2.2,0.2,0.5,50.0,63.0,56.0,74.0,55.0,70.0,50.0
290,Archie Wilson,Euroa,6,50.7,8.8,4.7,4.2,3.0,2.8,0.7,1.8,0.5,0.0,3.0,1.5,4.0,0.3,0.0,0.0,2.0,1.2,0.8,0.2,0.2,2.7,0.8,0.7,0.2,0.3,0.2,0.2,0.7,0.8,0.0,2.3,0.0,0.0,1.2,0.7,8.7,1.5,0.5,0.0,0.0,1.5,2.2,0.3,0.8,100.0,77.0,75.0,80.0,64.0,75.0,0.0
291,Declan Newbound,Shepparton United,17,50.6,10.6,7.0,3.6,2.9,4.4,0.1,0.6,0.0,0.1,1.4,3.9,1.6,0.1,0.1,0.0,1.5,0.5,0.9,0.5,0.7,3.6,1.1,0.0,0.0,0.1,0.0,1.4,0.5,0.9,0.7,2.2,0.0,0.4,0.9,0.1,2.8,0.2,0.1,1.5,0.4,0.0,0.6,0.9,0.0,0.0,76.0,72.0,82.0,45.0,100.0,79.0
292,Miller Griffiths,Kyabram,18,50.4,12.4,6.7,5.7,4.3,3.7,0.6,1.5,0.1,0.0,1.4,3.2,1.6,0.0,0.0,0.0,3.0,1.3,1.7,0.2,0.4,3.3,0.6,0.2,0.0,0.4,0.2,1.1,0.4,0.3,0.0,0.7,0.0,0.4,0.7,0.7,3.2,0.2,0.1,0.3,0.1,0.1,1.2,0.3,0.0,100.0,67.0,60.0,76.0,33.0,64.0,70.0
293,Kobie Issell,Mooroopna,8,50.4,9.9,6.5,3.4,3.8,3.5,0.4,2.2,0.9,1.1,4.8,1.1,1.2,0.4,0.0,0.0,2.9,0.6,2.2,0.0,0.2,3.2,0.2,1.5,0.0,0.2,0.1,0.0,0.4,0.4,0.0,2.1,0.0,0.0,0.1,1.1,4.2,1.0,0.1,0.5,0.5,0.5,0.8,0.0,0.6,43.0,65.0,56.0,81.0,50.0,33.0,0.0
294,William Brooks,Mansfield,6,50.3,7.8,3.7,4.2,4.5,1.5,0.0,0.2,0.0,0.0,0.5,5.3,1.7,0.0,0.3,0.0,3.5,1.2,2.3,0.0,0.5,1.0,0.8,0.0,0.0,0.0,0.0,2.2,0.7,0.7,0.2,3.8,0.0,0.2,0.8,0.0,3.5,0.0,0.3,3.0,0.0,0.2,0.3,1.2,0.0,0.0,66.0,50.0,80.0,100.0,0.0,54.0
295,Campbell Smedley,Mansfield,10,50.3,9.1,5.4,3.7,5.0,1.7,1.8,1.3,0.2,0.1,1.4,2.9,3.4,0.0,0.6,0.2,2.7,1.1,1.6,0.1,0.7,1.0,1.0,0.1,0.5,0.9,0.4,0.9,1.0,0.8,0.1,1.8,0.0,0.2,1.4,0.5,5.3,0.1,0.5,1.0,0.2,0.5,1.6,1.3,0.0,66.0,68.0,61.0,78.0,62.0,72.0,56.0
296,Nicholas Loverso,Shepparton United,12,50.1,11.6,7.7,3.9,3.6,4.2,0.5,1.9,0.0,0.0,2.2,2.8,2.6,0.0,0.0,0.0,2.5,1.1,1.4,0.7,0.2,4.1,0.5,0.4,0.0,0.4,0.1,0.8,0.6,0.8,0.0,1.2,0.0,0.1,0.7,1.1,5.2,0.9,0.1,0.1,0.2,0.5,1.9,0.2,0.2,0.0,70.0,63.0,83.0,52.0,83.0,56.0
297,Jack Osborne,Mooroopna,16,50.0,7.0,5.9,1.1,4.6,4.4,0.0,1.1,1.4,1.9,4.4,0.6,2.0,0.0,0.1,0.0,0.9,0.3,0.6,0.1,2.8,1.6,0.1,3.3,0.0,0.0,0.0,0.0,0.8,0.7,0.0,1.5,0.0,0.0,0.3,1.0,4.4,1.0,0.0,0.5,0.0,0.9,1.1,0.0,0.3,40.0,48.0,44.0,71.0,44.0,0.0,0.0
298,Tom Sparks,Rochester,13,50.0,13.0,9.4,3.6,4.2,3.6,0.7,1.7,0.0,0.2,1.4,4.5,1.8,0.2,0.0,0.0,3.2,1.0,2.2,0.6,0.4,3.2,0.8,0.1,0.2,0.2,0.2,2.3,0.5,1.0,1.3,1.1,0.0,0.6,2.2,0.8,3.9,0.2,0.2,0.6,0.1,0.2,0.8,0.9,0.0,0.0,66.0,62.0,74.0,32.0,78.0,57.0
299,Jack Supple,Shepparton United,5,50.0,13.4,8.2,5.2,4.8,3.2,1.2,1.8,0.4,0.0,2.2,2.6,2.4,0.0,0.2,0.0,4.0,0.6,3.4,0.2,0.0,3.2,0.0,0.0,0.0,0.6,0.6,1.2,0.2,1.0,0.0,1.8,0.0,0.6,1.8,0.4,5.0,0.8,0.0,0.2,0.6,0.2,1.8,0.4,0.0,100.0,67.0,59.0,81.0,67.0,50.0,50.0
300,Oscar Emanuelli,Mooroopna,20,49.5,11.9,5.8,6.1,4.3,2.0,0.8,1.6,0.4,0.2,2.1,2.8,3.4,0.2,0.0,0.0,2.9,1.2,1.6,0.1,0.2,1.8,0.2,0.3,0.0,0.5,0.4,0.5,0.8,0.8,0.0,1.8,0.0,0.1,1.1,0.7,7.2,1.2,0.2,0.2,0.0,0.8,2.2,0.4,0.2,61.0,63.0,52.0,74.0,36.0,71.0,60.0
301,Mitchell Elliott,Tatura,10,49.1,13.7,7.5,6.2,4.9,3.4,2.7,1.5,0.0,0.0,1.3,2.0,2.7,0.0,0.0,0.0,3.4,0.2,3.2,0.4,0.1,3.3,0.2,0.2,0.9,0.8,1.0,1.1,0.4,0.3,0.0,1.0,0.0,0.1,2.0,1.3,4.9,0.3,0.1,0.1,0.5,0.5,1.8,0.4,0.2,0.0,59.0,51.0,69.0,47.0,52.0,64.0
302,Matt Kellett,Rochester,16,49.1,8.9,6.3,2.6,3.8,2.5,0.7,1.1,0.0,0.0,1.1,3.4,2.7,0.1,0.0,0.0,2.4,1.2,1.2,0.4,0.3,2.2,0.6,0.1,0.0,0.6,0.1,1.6,0.9,0.8,0.1,2.9,0.0,0.1,1.1,0.6,5.3,0.6,0.0,1.9,0.2,0.1,1.2,1.4,0.0,0.0,70.0,63.0,86.0,35.0,91.0,69.0
303,Kade Alper,Shepparton Swans,12,48.6,11.0,8.1,2.9,2.7,5.2,0.5,1.5,0.2,0.1,1.8,2.1,1.2,0.0,0.6,0.2,1.5,0.8,0.8,0.3,0.8,4.4,0.5,0.8,0.2,0.1,0.2,1.3,0.4,0.4,0.1,1.8,0.0,0.1,1.8,1.0,3.8,0.4,0.2,0.9,0.2,0.2,0.8,0.2,0.4,75.0,64.0,61.0,74.0,39.0,33.0,63.0
304,Connor Armstrong,Echuca,2,48.5,6.5,5.0,1.5,1.0,4.5,0.0,0.0,0.0,0.0,0.5,3.0,1.0,0.0,0.0,0.0,1.0,0.0,1.0,0.0,0.0,4.5,2.0,0.0,0.0,0.0,0.0,1.0,0.0,0.0,0.0,4.0,0.0,0.0,1.0,0.0,4.0,0.0,0.0,3.5,0.5,0.0,0.5,0.5,0.0,0.0,85.0,80.0,100.0,0.0,0.0,50.0
305,Ned Byrne,Shepparton Bears,3,48.3,13.7,6.7,7.0,7.3,3.0,1.0,1.3,0.0,0.3,1.3,3.0,4.0,0.0,0.0,0.0,6.3,0.3,6.0,0.7,0.7,2.3,0.0,0.0,0.0,0.3,0.7,0.7,0.3,2.3,0.0,0.0,0.0,1.0,1.7,1.0,5.7,0.0,0.0,0.0,0.0,1.0,1.7,1.3,0.7,0.0,66.0,65.0,67.0,75.0,33.0,0.0
306,Will Wood,Mooroopna,10,48.3,5.7,3.1,2.6,3.7,1.6,1.4,0.2,0.8,0.2,1.9,1.4,1.7,0.0,15.7,2.4,1.9,0.7,1.2,0.0,0.6,1.0,0.2,0.8,0.2,0.9,0.3,0.6,0.5,0.6,0.0,0.6,0.0,0.2,0.4,0.2,3.6,0.3,0.1,0.2,0.0,0.2,0.8,0.7,0.3,80.0,70.0,71.0,69.0,100.0,71.0,83.0
307,William Emanuelli,Mooroopna,20,48.2,8.1,4.6,3.5,3.9,2.8,0.5,1.8,0.8,0.7,3.3,1.1,1.8,0.0,4.6,0.8,1.9,0.8,1.1,0.1,1.0,1.8,0.4,1.1,0.1,0.1,0.3,0.5,0.8,0.7,0.0,1.6,0.0,0.0,0.7,0.8,3.9,0.4,0.1,0.5,0.5,0.9,0.8,0.1,0.5,54.0,59.0,45.0,78.0,51.0,80.0,30.0
308,Fergus Schier,Mansfield,12,48.2,6.1,1.4,4.7,4.0,0.9,1.8,0.2,0.1,0.0,2.3,1.3,1.4,0.0,19.5,5.3,2.5,0.8,1.7,0.0,0.2,0.8,0.2,0.2,0.8,0.6,0.5,0.4,1.0,1.1,0.0,1.8,0.0,0.2,0.8,0.1,2.4,0.0,0.2,0.7,0.8,0.3,0.8,0.2,0.2,100.0,73.0,41.0,82.0,33.0,73.0,60.0
309,Harry Kelly,Seymour,2,48.0,10.0,4.5,5.5,5.5,1.5,0.5,1.5,0.5,0.0,4.0,1.5,2.5,0.0,0.0,0.0,3.0,1.0,2.0,0.5,0.0,1.5,0.0,0.5,0.0,0.0,0.5,0.0,2.0,0.0,0.0,3.0,0.0,0.0,0.5,1.5,10.0,2.5,0.5,0.0,0.0,1.0,1.5,0.0,1.0,100.0,60.0,67.0,55.0,33.0,100.0,0.0
310,Isaiah Scoble,Kyabram,10,47.8,9.6,6.8,2.8,4.2,2.8,0.5,1.8,1.0,0.5,3.6,1.7,2.2,0.3,0.0,0.0,3.1,0.9,2.2,0.4,0.3,2.5,0.1,0.2,0.1,0.4,0.0,0.6,0.7,0.7,0.0,1.1,0.0,0.0,0.8,0.5,3.5,0.2,0.1,0.1,0.6,0.6,1.4,0.2,0.3,66.0,72.0,69.0,79.0,61.0,80.0,67.0
311,Rory Duffy,Shepparton Swans,12,47.5,11.3,7.1,4.2,2.9,3.5,0.7,1.9,0.3,0.2,1.6,2.4,1.2,0.3,0.0,0.0,2.5,0.8,1.7,0.2,0.0,3.5,0.3,0.4,0.1,0.3,0.2,0.8,0.2,0.2,0.2,1.2,0.0,0.1,1.0,0.7,3.8,0.5,0.1,0.2,0.4,0.5,0.8,0.0,0.2,66.0,76.0,68.0,88.0,57.0,75.0,80.0
312,Nathan Ferrier,Shepparton United,2,47.5,12.0,8.0,4.0,3.0,6.0,0.0,0.5,0.5,0.0,2.0,3.0,0.0,0.0,0.0,0.0,2.5,0.0,2.5,0.5,0.0,6.0,0.0,0.5,0.0,0.0,0.0,1.0,0.0,1.0,0.0,0.0,0.0,0.0,1.0,0.0,0.5,0.0,0.0,0.0,0.0,0.0,0.0,0.0,0.0,100.0,79.0,81.0,75.0,0.0,0.0,50.0
313,Christian Corso,Tatura,5,47.4,11.2,4.6,6.6,4.2,3.4,0.4,0.2,0.0,0.0,0.8,4.0,1.8,0.0,0.0,0.0,3.8,0.6,3.2,0.0,0.0,3.4,0.4,0.0,0.0,0.0,0.4,0.6,0.4,0.6,0.0,2.6,0.0,0.2,1.0,0.0,5.0,1.6,0.0,0.6,0.4,0.0,0.8,1.0,0.0,0.0,84.0,70.0,94.0,100.0,50.0,67.0
314,Kyle Waters,Rochester,18,47.3,11.0,5.9,5.1,6.4,1.9,0.5,1.4,0.9,1.1,4.1,1.2,1.5,0.1,0.0,0.0,5.1,2.8,2.3,0.2,0.5,1.4,0.1,0.9,0.1,0.3,0.2,0.1,0.7,0.5,0.0,0.9,0.0,0.0,0.6,1.5,3.9,0.7,0.1,0.0,0.2,0.7,0.8,0.1,0.7,44.0,58.0,45.0,72.0,40.0,44.0,0.0
315,Jayden Gagliardi,Shepparton Bears,3,47.3,8.3,5.7,2.7,4.0,3.0,0.3,3.0,0.7,0.0,2.3,2.3,2.0,0.3,0.0,0.0,2.0,1.0,1.0,0.0,0.7,2.3,0.7,0.7,0.0,0.0,0.3,0.0,1.0,0.7,0.0,2.3,0.0,0.0,0.0,2.0,4.7,0.7,0.3,0.7,0.7,0.7,1.3,0.0,0.7,100.0,64.0,59.0,75.0,44.0,100.0,0.0
316,Harrison Keating,Rochester,8,47.1,11.0,6.5,4.5,4.1,2.4,0.9,1.9,0.8,0.5,3.9,1.2,0.9,0.0,0.0,0.0,3.5,0.5,3.0,0.1,0.2,2.1,0.1,0.6,0.0,0.8,0.1,0.1,0.1,0.0,0.0,1.4,0.0,0.0,1.1,0.2,3.2,0.4,0.0,0.1,0.8,0.0,0.8,0.1,0.8,60.0,72.0,67.0,78.0,80.0,71.0,100.0
317,Benalla 15,Benalla,1,47.0,9.0,7.0,2.0,3.0,2.0,0.0,1.0,0.0,0.0,0.0,2.0,1.0,0.0,0.0,0.0,2.0,1.0,1.0,0.0,1.0,1.0,0.0,0.0,0.0,0.0,0.0,6.0,0.0,0.0,2.0,3.0,0.0,0.0,1.0,0.0,3.0,1.0,1.0,1.0,0.0,0.0,0.0,1.0,0.0,0.0,67.0,57.0,100.0,100.0,0.0,67.0
318,Connor Breheny,Benalla,1,47.0,9.0,7.0,2.0,2.0,6.0,0.0,2.0,0.0,1.0,2.0,1.0,1.0,0.0,0.0,0.0,0.0,0.0,0.0,0.0,1.0,5.0,0.0,1.0,0.0,0.0,0.0,2.0,1.0,0.0,0.0,1.0,0.0,0.0,1.0,0.0,5.0,1.0,0.0,0.0,0.0,0.0,1.0,0.0,1.0,0.0,67.0,57.0,100.0,50.0,0.0,50.0
319,Josh Hart,Benalla,1,47.0,8.0,5.0,3.0,8.0,1.0,1.0,1.0,1.0,0.0,2.0,2.0,2.0,0.0,0.0,0.0,6.0,2.0,4.0,0.0,0.0,1.0,0.0,1.0,0.0,1.0,0.0,0.0,2.0,0.0,0.0,1.0,0.0,0.0,0.0,0.0,4.0,0.0,0.0,0.0,1.0,0.0,2.0,0.0,0.0,100.0,50.0,40.0,67.0,0.0,100.0,0.0
320,Oscar Dixon,Kyabram,18,47.0,8.8,5.1,3.7,2.8,2.9,0.1,0.2,0.0,0.0,1.4,3.1,2.3,0.0,0.1,0.0,1.9,0.9,1.1,0.2,0.3,2.7,0.4,0.0,0.0,0.0,0.1,1.4,0.4,0.7,0.0,4.4,0.0,0.4,1.2,0.0,4.8,0.5,0.3,3.4,0.1,0.2,1.0,1.2,0.1,0.0,72.0,71.0,75.0,50.0,100.0,65.0
321,Felix Fogarty,Rochester,17,47.0,10.0,6.2,3.8,4.3,3.3,0.2,1.6,1.4,0.8,3.6,1.2,1.6,0.0,0.5,0.1,2.5,0.9,1.6,0.1,0.9,2.4,0.1,1.5,0.0,0.1,0.1,0.2,0.6,0.7,0.1,1.2,0.0,0.1,1.1,1.2,3.8,0.4,0.1,0.4,0.2,0.8,0.8,0.1,0.2,62.0,59.0,50.0,72.0,52.0,100.0,25.0
322,Nate Yze,Shepparton United,1,47.0,8.0,4.0,4.0,5.0,1.0,0.0,2.0,1.0,1.0,3.0,1.0,4.0,0.0,0.0,0.0,1.0,0.0,1.0,0.0,1.0,0.0,0.0,1.0,0.0,0.0,0.0,0.0,1.0,0.0,0.0,0.0,0.0,0.0,0.0,1.0,4.0,0.0,0.0,0.0,0.0,1.0,2.0,1.0,0.0,50.0,63.0,50.0,75.0,50.0,0.0,0.0
323,Hugo Cornell,Benalla,7,46.7,12.6,6.9,5.7,2.7,4.0,0.3,1.4,0.0,0.1,1.4,2.1,1.4,0.0,0.0,0.0,2.3,0.7,1.6,0.0,0.1,3.9,0.4,0.0,0.0,0.1,0.1,1.4,0.6,0.1,0.0,1.3,0.0,0.0,1.6,0.4,4.4,0.9,0.0,0.3,0.1,0.0,1.3,0.1,0.3,0.0,72.0,58.0,88.0,60.0,100.0,70.0
324,Sam Sheldon,Kyabram,8,46.2,11.9,8.0,3.9,3.5,3.0,0.8,1.4,0.0,0.2,1.6,3.8,1.8,0.0,0.0,0.0,2.8,1.4,1.4,0.4,0.1,2.9,0.8,0.0,0.0,0.5,0.2,1.9,0.5,0.5,0.4,1.1,0.0,0.5,1.4,0.4,3.2,0.2,0.1,0.5,0.2,0.1,1.1,0.5,0.0,0.0,60.0,52.0,77.0,27.0,50.0,40.0
325,Angus Bolitho,Mansfield,9,45.6,7.7,3.4,4.2,3.3,2.9,0.3,0.3,0.0,0.0,0.8,3.8,2.7,0.0,0.0,0.0,2.4,0.8,1.7,0.0,0.8,2.1,1.6,0.0,0.0,0.2,0.1,0.8,0.3,0.6,0.0,3.0,0.0,0.7,0.8,0.1,5.8,0.7,0.1,2.0,0.0,0.0,1.7,1.0,0.0,0.0,67.0,71.0,63.0,67.0,67.0,29.0
326,Tom Riley,Benalla,14,45.2,9.6,7.6,1.9,3.0,3.4,0.5,1.9,1.2,0.9,3.3,1.0,1.6,0.0,0.1,0.1,1.8,0.2,1.6,0.2,0.2,3.1,0.0,1.4,0.0,0.4,0.1,0.2,0.6,0.2,0.0,2.1,0.0,0.0,0.9,1.4,5.9,1.4,0.0,0.4,0.4,0.7,0.9,0.0,0.1,56.0,48.0,42.0,70.0,42.0,43.0,100.0
327,Nathan Fowler,Seymour,16,45.2,8.2,5.0,3.2,4.8,2.9,0.6,1.7,0.6,0.4,3.2,1.6,2.4,0.0,1.8,0.6,2.2,1.2,1.1,0.1,1.1,1.8,0.3,1.1,0.1,0.3,0.2,0.4,0.8,1.1,0.0,1.7,0.0,0.1,1.0,0.9,5.6,0.6,0.0,0.6,0.5,0.9,1.1,0.4,0.4,58.0,61.0,50.0,78.0,56.0,56.0,17.0
328,William Dunstan,Mansfield,17,45.0,9.6,5.5,4.2,4.3,2.5,0.2,2.1,0.4,0.3,2.4,1.9,2.8,0.0,0.0,0.0,3.2,0.8,2.4,0.1,0.2,2.2,0.0,0.5,0.1,0.1,0.1,0.3,1.2,0.6,0.0,2.5,0.0,0.0,0.8,1.2,7.5,1.2,0.4,0.4,0.4,0.5,2.0,0.3,0.6,54.0,62.0,52.0,76.0,44.0,100.0,60.0
329,Zac Gleeson,Euroa,17,44.9,8.8,5.8,3.1,3.1,4.4,0.2,1.1,1.1,0.4,3.6,0.6,1.4,0.0,0.0,0.0,1.8,0.8,1.1,0.1,0.5,3.8,0.1,1.5,0.1,0.1,0.1,0.1,0.4,0.4,0.0,0.8,0.0,0.0,0.8,0.7,2.9,0.2,0.2,0.2,0.1,0.9,0.5,0.1,0.2,73.0,70.0,64.0,81.0,79.0,67.0,50.0
330,Blake Sofra,Shepparton United,4,44.5,11.0,5.8,5.2,6.0,2.2,1.2,1.5,0.2,0.8,3.0,1.2,2.0,0.0,0.0,0.0,5.0,0.5,4.5,0.0,0.0,2.2,0.0,0.8,0.0,1.0,0.2,0.2,0.8,0.5,0.0,1.5,0.0,0.0,1.5,1.0,5.2,1.0,0.2,0.2,0.0,1.2,0.8,0.0,1.0,25.0,57.0,48.0,67.0,33.0,80.0,100.0
331,Will Dwyer,Shepparton Swans,13,44.5,9.9,6.4,3.5,4.8,2.2,2.2,1.9,0.5,0.3,3.7,1.3,2.7,0.0,2.4,0.3,3.2,1.4,1.8,0.1,0.2,2.0,0.1,0.5,0.5,1.3,0.5,0.5,0.3,1.5,0.0,1.5,0.0,0.0,1.3,1.3,5.7,0.5,0.2,0.1,0.5,0.8,1.8,0.2,0.5,54.0,66.0,58.0,80.0,48.0,52.0,100.0
332,Toby Williams,Mooroopna,20,44.4,9.2,4.4,4.8,4.2,1.6,0.8,1.4,0.5,0.3,3.5,1.4,2.4,0.0,0.0,0.0,3.2,1.2,1.9,0.0,0.2,1.4,0.1,0.2,0.1,0.6,0.2,0.2,0.7,0.2,0.0,1.9,0.0,0.0,0.8,0.3,6.8,1.2,0.2,0.2,0.1,0.8,1.5,0.1,0.6,56.0,74.0,61.0,86.0,63.0,81.0,25.0
333,Noah Brodie,Shepparton Bears,5,44.2,10.0,5.2,4.8,3.8,2.2,0.4,2.2,0.2,0.4,1.6,2.8,2.0,0.0,0.0,0.0,3.2,0.4,2.8,0.2,0.2,2.0,0.4,0.0,0.0,0.2,0.2,0.4,0.2,0.6,0.0,3.2,0.0,0.2,1.2,0.8,6.2,1.0,0.2,1.2,0.8,1.2,0.6,0.2,0.6,33.0,60.0,50.0,71.0,45.0,100.0,100.0
334,Harrison Mazzella,Shepparton Swans,11,44.2,9.4,5.5,3.9,4.0,3.0,0.7,2.3,0.4,0.3,2.5,1.2,2.9,0.0,0.1,0.0,3.3,0.8,2.5,0.1,0.0,3.0,0.0,0.5,0.1,0.4,0.3,0.0,0.8,0.5,0.0,0.6,0.0,0.0,0.6,1.1,4.7,0.4,0.0,0.0,0.3,1.4,1.5,0.0,0.7,57.0,65.0,57.0,77.0,68.0,38.0,0.0
335,Nicholas Dundon,Seymour,12,43.9,10.6,7.0,3.6,3.2,3.8,0.4,1.2,0.2,0.0,1.5,2.4,1.2,0.2,0.0,0.0,2.4,1.1,1.3,0.5,0.2,3.6,0.5,0.2,0.2,0.1,0.2,1.0,0.2,0.2,0.0,1.1,0.0,0.1,1.4,0.6,3.2,0.4,0.1,0.6,0.0,0.0,0.8,0.4,0.0,100.0,66.0,60.0,79.0,40.0,80.0,67.0
336,Oscar Willis,Tatura,6,43.8,10.0,7.5,2.5,3.2,2.3,0.7,0.7,0.2,0.2,0.5,3.0,2.7,0.2,0.0,0.0,2.5,0.2,2.3,0.0,0.0,2.3,0.2,0.0,0.2,0.3,0.2,2.3,0.7,0.8,0.5,3.0,0.0,0.2,1.5,0.7,4.5,1.2,0.0,1.7,0.2,0.2,1.0,1.5,0.0,50.0,60.0,56.0,73.0,25.0,75.0,43.0
337,Darby Wileman,Rochester,10,43.7,9.6,6.2,3.4,4.0,3.0,0.6,2.1,0.6,0.2,2.1,1.5,2.8,0.6,0.0,0.0,3.0,1.4,1.6,0.2,0.3,2.7,0.1,0.4,0.1,0.2,0.3,0.5,0.6,0.9,0.0,2.0,0.0,0.2,1.2,1.3,6.4,1.1,0.3,0.2,0.2,0.3,2.4,0.1,0.3,75.0,66.0,63.0,71.0,43.0,100.0,80.0
338,Cooper Holdsworth-Rose,Seymour,12,43.6,8.1,6.0,2.1,2.2,3.9,0.2,0.6,0.0,0.0,0.9,2.2,2.2,0.0,0.1,0.0,1.3,0.7,0.7,0.0,0.2,3.7,0.6,0.0,0.0,0.2,0.0,1.8,0.5,0.7,0.2,3.2,0.0,0.4,1.0,0.4,4.8,0.6,0.2,2.3,0.1,0.0,0.8,1.3,0.0,0.0,69.0,65.0,80.0,14.0,50.0,62.0
339,Liam Smith,Mansfield,10,43.4,11.0,6.4,4.6,4.3,2.0,0.7,1.6,0.5,0.6,2.7,2.2,2.6,0.0,0.0,0.0,3.3,0.6,2.7,0.3,0.0,2.0,0.1,0.4,0.2,0.4,0.1,0.5,0.7,0.3,0.0,2.7,0.0,0.1,1.7,1.3,5.1,0.6,0.2,0.7,0.8,0.3,2.2,0.1,0.3,45.0,54.0,39.0,74.0,44.0,57.0,20.0
340,Timothy Looby,Shepparton United,16,43.2,7.7,6.1,1.6,2.9,3.8,0.3,1.1,1.1,1.4,4.5,0.3,0.4,0.0,0.3,0.0,1.2,0.4,0.8,0.0,1.2,2.6,0.1,2.8,0.1,0.2,0.1,0.0,0.4,0.1,0.0,0.4,0.0,0.0,0.2,0.9,1.1,0.4,0.0,0.0,0.1,0.3,0.1,0.0,0.9,42.0,53.0,50.0,64.0,59.0,20.0,0.0
341,Cooper Fawcett,Kyabram,5,43.0,10.2,7.4,2.8,4.0,2.0,1.4,2.4,0.2,0.0,2.4,2.4,2.2,0.2,0.0,0.0,3.0,0.8,2.2,0.2,0.2,1.8,0.4,0.0,0.2,0.6,0.6,0.4,0.4,0.6,0.0,1.2,0.0,0.0,1.2,1.0,4.4,0.8,0.0,0.0,0.4,1.2,0.8,0.2,0.6,100.0,63.0,54.0,86.0,58.0,29.0,50.0
342,Nicholas Davey,Seymour,3,42.7,9.3,7.3,2.0,3.0,2.7,0.7,1.0,0.3,0.3,2.7,1.0,1.7,0.0,0.0,0.0,2.0,0.7,1.3,0.3,0.0,2.7,0.0,0.3,0.0,0.3,0.3,0.7,0.3,0.7,0.0,1.7,0.0,0.0,0.3,0.0,5.3,1.0,0.0,0.3,0.3,0.3,1.3,0.0,0.0,50.0,75.0,73.0,83.0,33.0,0.0,100.0
343,Noah Williams,Mooroopna,12,42.6,9.3,4.7,4.7,3.2,2.0,0.3,1.8,1.1,0.8,3.9,0.8,1.6,1.2,0.0,0.0,2.1,0.5,1.6,0.6,0.3,1.7,0.0,0.8,0.0,0.2,0.1,0.0,0.5,0.4,0.0,1.4,0.0,0.0,0.7,0.6,4.2,0.5,0.0,0.4,0.4,0.7,0.8,0.1,0.5,56.0,65.0,50.0,80.0,55.0,50.0,0.0
344,Jack Fullager,Benalla,17,42.1,9.1,3.8,5.4,3.5,2.6,0.5,0.2,0.0,0.0,0.6,3.3,1.4,0.0,0.0,0.0,2.2,0.7,1.5,0.0,0.2,2.4,0.5,0.0,0.0,0.4,0.1,1.3,0.8,0.4,0.4,1.7,0.0,0.2,0.6,0.1,2.8,0.2,0.1,0.9,0.4,0.0,0.5,0.8,0.0,0.0,80.0,80.0,80.0,50.0,88.0,68.0
345,Thomas Martin,Seymour,14,42.1,8.0,4.3,3.7,3.5,2.7,0.4,0.6,0.1,0.1,1.4,3.6,1.4,0.0,0.1,0.0,2.6,1.0,1.6,0.1,0.3,2.4,0.7,0.0,0.0,0.3,0.1,1.6,0.2,0.7,0.4,2.1,0.0,0.4,0.6,0.3,3.2,0.4,0.1,1.3,0.2,0.2,0.3,0.9,0.1,33.0,79.0,75.0,85.0,63.0,80.0,68.0
346,Solly Fleming,Echuca,1,42.0,10.0,9.0,1.0,1.0,5.0,0.0,1.0,0.0,0.0,3.0,1.0,1.0,0.0,0.0,0.0,1.0,0.0,1.0,0.0,0.0,5.0,0.0,0.0,0.0,0.0,0.0,2.0,0.0,0.0,2.0,1.0,0.0,0.0,1.0,0.0,3.0,0.0,0.0,0.0,1.0,0.0,0.0,1.0,0.0,0.0,90.0,89.0,100.0,100.0,0.0,100.0
347,Tom Wallis,Euroa,1,42.0,13.0,5.0,8.0,8.0,1.0,3.0,2.0,0.0,0.0,1.0,2.0,2.0,0.0,0.0,0.0,6.0,2.0,4.0,1.0,0.0,1.0,0.0,0.0,0.0,2.0,1.0,1.0,1.0,2.0,0.0,0.0,0.0,1.0,3.0,0.0,2.0,0.0,0.0,0.0,0.0,0.0,1.0,1.0,1.0,0.0,62.0,40.0,75.0,50.0,0.0,0.0
348,Jake Penman,Euroa,6,41.8,7.7,5.5,2.2,2.2,3.0,0.3,0.5,0.0,0.2,1.2,2.5,1.7,0.0,0.0,0.0,1.0,0.2,0.8,0.2,0.5,2.5,1.2,0.2,0.2,0.2,0.0,1.3,0.2,0.2,0.0,3.0,0.0,0.3,1.2,0.2,2.2,0.0,0.0,2.7,0.3,0.2,0.8,0.7,0.0,0.0,65.0,64.0,69.0,67.0,50.0,38.0
349,Baxter Cowley,Echuca,2,41.5,11.0,7.5,3.5,3.5,3.5,0.5,2.5,0.5,1.0,4.5,0.5,1.5,0.0,0.0,0.0,2.0,0.5,1.5,0.5,0.0,3.5,0.0,0.0,0.0,0.5,0.0,1.0,0.0,1.0,0.0,2.5,0.0,0.0,1.5,1.5,5.5,0.5,0.5,1.0,0.0,0.5,1.0,0.0,0.5,33.0,50.0,40.0,71.0,20.0,0.0,50.0
350,Nate Warrin,Shepparton United,3,41.3,6.3,4.3,2.0,3.3,2.7,0.3,1.7,0.7,0.7,3.3,1.0,2.3,0.0,0.0,0.0,2.0,0.3,1.7,0.0,1.0,1.7,0.0,1.3,0.0,0.3,0.0,0.7,0.0,0.7,0.0,2.0,0.0,0.3,0.0,0.3,5.0,1.3,0.3,0.0,0.3,1.0,0.7,0.7,0.3,50.0,68.0,54.0,100.0,40.0,100.0,50.0
351,Ollie Day,Euroa,1,41.0,8.0,4.0,4.0,5.0,2.0,0.0,2.0,1.0,0.0,2.0,2.0,4.0,0.0,0.0,0.0,2.0,1.0,1.0,0.0,0.0,2.0,0.0,0.0,0.0,0.0,0.0,0.0,2.0,0.0,0.0,0.0,0.0,0.0,2.0,0.0,7.0,0.0,0.0,0.0,0.0,2.0,2.0,0.0,0.0,100.0,75.0,75.0,75.0,100.0,0.0,0.0
352,Benjamin McCarthy,Seymour,7,41.0,10.4,7.0,3.4,3.6,3.4,0.3,1.9,0.1,0.3,2.4,1.7,2.4,0.0,0.0,0.0,2.6,0.7,1.9,0.1,0.3,3.1,0.0,0.4,0.0,0.1,0.1,0.9,0.6,0.6,0.0,1.6,0.0,0.3,0.9,1.0,5.7,1.3,0.3,0.0,0.0,0.7,1.4,0.3,0.1,33.0,63.0,53.0,83.0,54.0,50.0,100.0
353,Ben Railton,Kyabram,5,40.8,9.2,4.8,4.4,3.4,2.6,0.2,0.2,0.0,0.0,1.6,3.4,3.6,0.0,0.0,0.0,2.6,1.0,1.6,0.4,0.0,2.6,0.4,0.0,0.0,0.2,0.0,0.8,0.6,1.8,0.0,1.2,0.0,0.4,0.8,0.0,6.8,1.0,0.2,0.0,0.0,0.4,2.4,0.8,0.2,0.0,85.0,79.0,91.0,100.0,0.0,50.0
354,Colby Mathieson,Benalla,16,40.4,6.6,2.9,3.7,3.3,1.1,1.0,0.2,0.0,0.0,0.6,2.0,4.1,0.0,0.0,0.0,2.2,0.7,1.5,0.0,0.1,1.0,0.1,0.0,0.4,0.2,0.4,1.4,0.9,0.4,0.0,3.6,0.0,0.3,0.9,0.1,6.4,0.6,0.2,2.1,0.3,0.2,2.6,1.2,0.0,0.0,69.0,66.0,71.0,50.0,63.0,45.0
355,Logan Orr,Echuca,3,40.3,11.3,6.0,5.3,4.0,2.3,0.0,2.3,0.3,0.0,1.7,2.3,2.7,0.0,0.0,0.0,3.0,1.0,2.0,1.0,0.3,2.0,0.3,0.3,0.0,0.0,0.0,0.0,0.0,0.3,0.0,1.0,0.0,0.0,1.3,1.7,5.0,0.3,0.0,0.3,0.3,0.7,1.3,0.7,0.7,100.0,65.0,56.0,75.0,57.0,0.0,0.0
356,Liam Scopelliti,Tatura,10,40.2,7.6,5.8,1.8,4.3,1.8,0.9,1.1,0.5,0.3,1.8,2.4,2.7,0.0,0.0,0.0,1.9,0.2,1.7,0.0,0.6,1.2,0.2,0.5,0.2,0.4,0.3,0.6,1.4,0.8,0.0,1.0,0.0,0.0,0.8,0.7,4.5,0.4,0.2,0.4,0.0,0.6,1.5,0.6,0.0,55.0,67.0,64.0,78.0,27.0,44.0,50.0
357,Campbell Flanagan,Shepparton Swans,3,40.0,9.7,5.0,4.7,4.7,2.0,0.3,2.3,0.0,0.3,1.7,2.7,2.7,0.0,0.0,0.0,4.0,1.0,3.0,0.3,0.3,1.7,0.3,0.3,0.0,0.0,0.3,0.7,0.3,0.3,0.0,0.7,0.0,0.0,1.7,1.0,4.7,0.0,0.0,0.7,0.0,0.3,2.3,0.0,0.0,0.0,55.0,60.0,50.0,71.0,0.0,50.0
358,Jack Sheldon,Kyabram,12,39.9,8.8,5.0,3.8,3.1,2.2,0.7,0.8,0.1,0.0,1.7,2.9,1.8,0.0,0.0,0.0,2.5,0.3,2.2,0.2,0.3,1.8,0.4,0.0,0.0,0.6,0.1,1.2,0.1,0.8,0.0,2.9,0.0,0.1,1.3,0.2,3.1,0.2,0.2,2.0,0.5,0.0,0.7,1.2,0.1,100.0,71.0,62.0,84.0,40.0,75.0,40.0
359,Hunter Wileman,Rochester,12,39.8,8.4,4.5,3.9,2.9,2.7,0.7,1.3,0.6,0.3,2.5,1.2,3.1,0.1,0.0,0.0,2.5,0.4,2.1,0.1,0.1,2.6,0.0,0.5,0.1,0.5,0.1,0.2,0.4,0.4,0.0,0.8,0.0,0.0,1.0,0.8,5.8,0.4,0.0,0.0,0.2,1.0,1.8,0.2,0.5,63.0,64.0,54.0,77.0,38.0,63.0,67.0
360,Nicholas Watt,Tatura,8,39.8,8.6,3.8,4.9,4.4,3.0,1.2,0.5,0.1,0.1,1.0,0.9,2.5,0.0,0.0,0.0,3.2,0.9,2.4,0.1,0.0,3.0,0.2,0.2,0.0,0.9,0.4,0.2,0.2,0.6,0.0,1.6,0.0,0.0,0.5,0.8,6.2,1.5,0.0,0.0,0.1,0.6,1.4,0.5,0.1,50.0,70.0,57.0,79.0,50.0,80.0,50.0
361,Kye Jeffery,Shepparton United,9,39.6,7.8,3.7,4.1,4.2,1.8,0.7,1.1,0.6,0.1,3.1,1.0,2.2,0.0,0.0,0.0,3.2,1.2,2.0,0.1,0.3,1.4,0.0,0.3,0.1,0.2,0.3,0.2,0.6,0.4,0.0,2.1,0.0,0.0,0.4,0.8,4.8,1.4,0.0,0.1,0.0,0.9,1.2,0.1,0.7,83.0,69.0,61.0,76.0,50.0,83.0,50.0
362,Noah Ryan,Kyabram,4,39.5,10.0,5.5,4.5,2.8,3.5,0.2,1.5,0.0,0.8,3.5,0.0,2.0,0.0,0.0,0.0,1.0,0.5,0.5,0.2,0.8,2.8,0.0,0.2,0.0,0.2,0.0,0.8,0.5,0.5,0.0,1.0,0.0,0.0,0.8,0.2,4.2,1.0,0.0,0.0,0.0,0.8,1.2,0.0,0.8,0.0,73.0,64.0,83.0,83.0,0.0,100.0
363,Jude Palmer,Rochester,8,39.1,6.5,3.9,2.6,3.4,3.1,0.6,1.0,0.4,0.8,2.0,1.1,1.6,0.0,2.8,0.5,1.5,0.6,0.9,0.0,1.1,2.0,0.4,1.2,0.0,0.2,0.4,0.2,0.2,0.6,0.0,1.8,0.0,0.0,0.2,0.8,4.8,1.1,0.2,0.4,0.0,1.2,0.4,0.0,0.1,33.0,60.0,48.0,76.0,38.0,60.0,100.0
364,Darby Martin,Rochester,1,39.0,8.0,4.0,4.0,4.0,1.0,0.0,0.0,0.0,0.0,3.0,3.0,2.0,0.0,0.0,0.0,3.0,0.0,3.0,1.0,0.0,1.0,0.0,0.0,0.0,0.0,0.0,0.0,1.0,0.0,0.0,1.0,0.0,0.0,0.0,0.0,4.0,0.0,0.0,0.0,0.0,0.0,2.0,0.0,0.0,0.0,100.0,100.0,100.0,0.0,0.0,0.0
365,Nate Sutherland,Shepparton Swans,8,39.0,6.1,2.0,4.1,3.4,0.8,1.8,0.4,0.0,0.1,1.9,1.2,2.2,0.0,17.9,3.1,2.0,0.8,1.2,0.0,0.0,0.8,0.2,0.0,0.2,1.4,0.1,0.4,0.6,0.9,0.0,1.0,0.0,0.1,1.2,0.1,4.9,0.1,0.1,0.1,0.4,0.0,1.8,0.5,0.1,0.0,57.0,31.0,70.0,33.0,71.0,0.0
366,Bailey Archer,Tatura,3,39.0,8.7,4.0,4.7,2.7,3.3,0.7,0.7,0.0,0.0,0.3,2.0,1.7,0.0,0.0,0.0,2.3,0.7,1.7,0.0,0.0,3.3,0.3,0.0,0.0,0.0,0.7,0.7,0.0,0.0,0.0,1.3,0.0,0.3,0.3,0.0,4.3,0.3,0.0,0.3,0.3,0.0,0.7,1.0,0.0,0.0,69.0,42.0,93.0,0.0,50.0,0.0
367,Jobe Jakobs,Mooroopna,12,38.5,8.6,5.0,3.6,2.2,2.9,0.2,0.2,0.0,0.1,1.1,2.6,1.9,0.6,0.0,0.0,1.3,0.2,1.2,0.4,0.1,2.8,0.4,0.1,0.1,0.2,0.0,1.5,0.9,0.5,0.1,1.6,0.0,0.2,0.8,0.2,3.8,0.4,0.0,0.9,0.2,0.0,0.8,1.1,0.0,0.0,69.0,60.0,81.0,0.0,67.0,61.0
368,Jordan Anderson,Mooroopna,10,38.3,10.2,5.8,4.4,4.0,1.9,0.6,1.2,0.1,0.0,1.6,2.1,2.7,0.0,0.0,0.0,2.2,0.5,1.7,0.1,0.2,1.7,0.1,0.1,0.0,0.5,0.1,0.4,1.0,0.5,0.0,1.9,0.0,0.2,1.5,0.7,6.2,1.1,0.4,0.3,0.1,0.2,2.0,0.5,0.4,100.0,63.0,50.0,80.0,42.0,67.0,75.0
369,Al Bennett,Mansfield,7,38.3,6.7,5.0,1.7,2.6,3.0,0.3,0.6,1.6,1.0,4.3,0.9,1.4,0.0,0.0,0.0,1.7,0.6,1.1,0.0,0.3,2.7,0.3,0.9,0.0,0.1,0.1,0.0,0.9,0.6,0.0,0.3,0.0,0.1,0.4,0.6,2.3,0.1,0.0,0.0,0.1,0.7,0.7,0.0,0.3,61.0,66.0,60.0,83.0,75.0,50.0,0.0
370,Charlie McCarthy,Benalla,13,38.2,8.7,4.8,3.8,3.9,1.5,0.5,0.8,0.0,0.0,0.8,3.8,2.8,0.1,0.2,0.1,2.7,1.2,1.5,0.1,0.0,1.5,0.2,0.1,0.0,0.3,0.2,1.3,1.1,0.8,0.0,1.4,0.0,0.6,1.3,0.4,5.2,0.8,0.1,0.4,0.1,0.0,1.8,0.9,0.2,0.0,69.0,63.0,76.0,50.0,67.0,65.0
371,Ryan Butler,Tatura,8,38.1,9.2,6.0,3.2,3.8,2.6,1.0,2.1,0.8,0.0,1.9,1.0,1.1,0.0,0.0,0.0,2.5,1.2,1.2,0.1,0.2,2.4,0.0,0.6,0.4,0.4,0.2,0.2,0.6,0.5,0.0,0.6,0.0,0.0,1.1,1.5,2.6,0.4,0.0,0.0,0.1,0.4,0.8,0.0,0.6,100.0,64.0,54.0,81.0,47.0,50.0,50.0
372,Adam Pulsoni,Kyabram,7,38.0,9.7,5.4,4.3,2.0,3.0,0.4,0.7,0.1,0.1,2.7,1.9,1.6,0.0,0.0,0.0,1.7,0.4,1.3,0.0,0.0,3.0,0.4,0.1,0.0,0.3,0.1,0.6,0.4,0.9,0.0,1.3,0.0,0.1,0.7,0.3,3.7,0.3,0.0,0.6,0.4,0.1,1.1,0.3,0.0,50.0,82.0,84.0,80.0,80.0,100.0,100.0
373,Lucas O'Hara,Shepparton United,1,38.0,9.0,7.0,2.0,2.0,3.0,0.0,3.0,0.0,0.0,2.0,1.0,1.0,0.0,0.0,0.0,1.0,0.0,1.0,0.0,1.0,2.0,0.0,0.0,0.0,0.0,0.0,0.0,0.0,0.0,0.0,1.0,0.0,0.0,0.0,1.0,5.0,1.0,0.0,0.0,0.0,0.0,1.0,0.0,1.0,0.0,67.0,57.0,100.0,33.0,0.0,0.0
374,Keily Jager,Euroa,14,37.4,6.9,3.8,3.1,3.4,2.0,0.2,0.9,0.4,0.4,1.6,1.8,3.1,0.1,0.0,0.0,2.2,0.9,1.3,0.0,0.2,1.8,0.5,0.4,0.0,0.1,0.1,0.4,0.9,0.8,0.0,1.5,0.0,0.0,0.7,0.5,6.4,1.2,0.1,0.1,0.1,0.9,2.0,0.1,0.2,50.0,70.0,53.0,91.0,46.0,67.0,80.0
375,Ciaran Hubble,Tatura,5,37.4,7.8,4.6,3.2,1.8,3.0,0.2,0.0,0.0,0.0,0.4,1.8,0.8,0.0,0.0,0.0,1.4,0.4,1.0,0.0,0.0,3.0,0.8,0.0,0.0,0.2,0.0,1.2,0.0,0.0,0.0,2.8,0.0,0.4,1.2,0.0,3.0,0.2,0.8,1.8,0.0,0.0,0.4,0.4,0.0,0.0,69.0,70.0,69.0,0.0,0.0,50.0
376,Rory Sammon,Benalla,6,37.3,9.2,3.8,5.3,4.5,1.3,0.3,0.8,0.3,0.2,1.2,2.7,1.3,0.0,0.0,0.0,3.0,1.0,2.0,0.0,0.3,1.0,0.3,0.3,0.0,0.2,0.2,0.7,0.7,1.0,0.0,0.8,0.0,0.5,0.5,0.3,3.8,0.5,0.0,0.3,0.0,0.2,0.7,0.5,0.0,66.0,69.0,52.0,81.0,40.0,100.0,50.0
377,Mick Mattingly,Kyabram,1,37.0,10.0,6.0,4.0,3.0,3.0,0.0,2.0,0.0,1.0,5.0,0.0,0.0,0.0,0.0,0.0,3.0,1.0,2.0,0.0,0.0,3.0,0.0,0.0,0.0,0.0,0.0,0.0,0.0,1.0,0.0,1.0,0.0,0.0,0.0,0.0,1.0,0.0,0.0,0.0,0.0,0.0,0.0,0.0,1.0,0.0,70.0,50.0,100.0,100.0,0.0,0.0
378,Mitchell Gugliotti,Kyabram,2,37.0,9.5,4.5,5.0,5.0,1.5,0.5,2.0,0.0,0.0,1.0,1.0,4.0,0.0,0.0,0.0,4.0,1.5,2.5,0.0,0.0,1.5,0.5,0.5,0.0,0.5,0.0,0.0,0.5,0.0,0.0,1.5,0.0,0.0,1.0,1.5,7.5,1.0,0.0,0.5,0.0,1.5,2.5,0.0,0.0,0.0,53.0,22.0,80.0,0.0,100.0,0.0
379,Ben Butts,Mooroopna,3,37.0,7.3,6.0,1.3,2.3,2.7,0.0,1.3,0.3,0.3,1.0,2.3,1.0,0.0,0.0,0.0,1.3,0.3,1.0,0.0,0.3,2.3,0.3,0.3,0.0,0.0,0.0,1.3,0.7,0.7,0.0,1.0,0.0,0.0,0.7,0.7,2.7,0.0,0.0,0.3,0.3,0.0,0.3,0.7,0.0,50.0,64.0,61.0,75.0,25.0,0.0,75.0
380,Sam Thomson,Seymour,7,36.9,7.7,5.1,2.6,3.4,2.9,0.0,1.1,0.1,0.6,2.1,2.6,1.7,0.1,0.0,0.0,2.0,0.7,1.3,0.0,0.7,2.1,0.7,0.6,0.0,0.0,0.0,0.6,0.6,0.3,0.0,0.9,0.0,0.0,1.4,0.3,3.9,0.1,0.0,0.4,0.1,0.3,1.4,0.0,0.3,20.0,63.0,56.0,78.0,50.0,0.0,50.0
381,Caelan Templeton,Rochester,10,36.8,8.9,6.2,2.7,3.3,2.8,0.3,2.2,0.3,0.1,2.0,1.9,1.9,0.0,0.0,0.0,2.6,1.0,1.6,0.1,0.3,2.5,0.6,0.4,0.0,0.1,0.2,0.2,0.3,0.7,0.0,1.3,0.0,0.0,1.4,1.6,5.1,0.7,0.3,0.1,0.2,0.6,1.3,0.0,0.3,75.0,60.0,53.0,74.0,36.0,67.0,50.0
382,Patrick Warner,Benalla,14,36.8,8.7,4.8,3.9,3.1,2.1,0.4,1.8,0.3,0.1,2.6,2.0,1.2,0.0,0.0,0.0,2.3,0.5,1.8,0.4,0.0,2.1,0.2,0.4,0.1,0.1,0.2,0.3,0.9,0.1,0.0,1.5,0.0,0.1,1.1,0.8,3.8,0.6,0.1,0.2,0.2,0.4,0.6,0.2,0.5,66.0,65.0,57.0,75.0,40.0,60.0,50.0
383,Ethan Howard,Rochester,3,36.7,8.7,5.7,3.0,2.7,2.3,0.3,0.7,0.3,0.3,3.3,1.0,2.3,0.0,0.0,0.0,1.3,0.3,1.0,0.0,0.3,2.0,0.0,0.0,0.0,0.3,0.0,0.0,1.0,0.0,0.0,2.0,0.0,0.0,1.3,0.3,6.0,1.3,0.0,0.7,0.0,1.0,1.3,0.0,0.3,50.0,69.0,59.0,89.0,50.0,100.0,0.0
384,Max Smyth,Benalla,1,36.0,6.0,4.0,2.0,2.0,2.0,2.0,2.0,1.0,0.0,3.0,1.0,1.0,0.0,0.0,0.0,2.0,1.0,1.0,0.0,0.0,2.0,0.0,1.0,0.0,0.0,2.0,0.0,0.0,1.0,0.0,1.0,0.0,0.0,0.0,0.0,3.0,0.0,0.0,0.0,1.0,1.0,0.0,0.0,0.0,100.0,50.0,25.0,100.0,50.0,50.0,0.0
385,Lachlan Beattie,Seymour,1,36.0,8.0,2.0,6.0,2.0,1.0,0.0,0.0,0.0,0.0,2.0,2.0,1.0,0.0,0.0,0.0,2.0,1.0,1.0,0.0,0.0,1.0,0.0,0.0,0.0,0.0,0.0,0.0,0.0,0.0,0.0,3.0,0.0,0.0,0.0,0.0,1.0,0.0,0.0,3.0,0.0,0.0,0.0,1.0,0.0,0.0,100.0,100.0,100.0,0.0,0.0,0.0
386,Seamus Feery,Seymour,11,35.8,7.6,3.6,4.0,2.8,2.9,0.7,0.7,0.3,0.1,1.5,1.7,2.0,0.0,1.2,0.2,1.7,0.7,1.0,0.0,0.5,2.5,0.4,0.5,0.1,0.6,0.0,0.5,0.4,1.2,0.0,1.2,0.0,0.3,0.7,0.3,4.5,0.2,0.2,0.3,0.3,0.4,1.4,0.3,0.1,75.0,75.0,55.0,93.0,25.0,75.0,40.0
387,Lincoln Mckernan,Euroa,12,35.7,7.2,3.4,3.8,2.3,2.6,0.4,0.1,0.0,0.0,0.8,1.7,1.2,0.1,1.2,0.3,1.7,0.3,1.3,0.0,0.1,2.5,0.4,0.0,0.0,0.2,0.2,0.7,0.6,0.3,0.0,2.4,0.0,0.2,0.8,0.0,2.2,0.1,0.1,1.6,0.6,0.4,0.2,0.5,0.1,0.0,74.0,73.0,76.0,100.0,40.0,25.0
388,Jaxson McMinn,Echuca,5,35.6,9.6,6.4,3.2,3.4,2.2,0.4,0.6,0.0,0.0,1.6,2.0,2.0,0.0,0.0,0.0,2.4,0.2,2.2,0.4,0.2,2.0,0.6,0.0,0.0,0.2,0.2,2.2,0.2,1.0,0.2,2.0,0.0,0.2,2.4,0.4,3.6,0.8,0.0,0.6,0.4,0.0,1.6,0.4,0.2,0.0,65.0,59.0,75.0,33.0,0.0,45.0
389,Jaidyn Chee,Benalla,2,35.5,5.5,3.5,2.0,3.5,1.5,0.0,0.5,0.5,0.0,2.5,1.5,2.0,0.0,0.0,0.0,1.5,0.5,1.0,0.0,0.5,1.0,0.5,0.5,0.0,0.0,0.0,0.0,1.5,0.5,0.0,1.0,0.0,0.0,0.5,0.5,6.0,1.0,0.0,0.0,0.0,1.0,1.0,0.0,1.0,100.0,91.0,100.0,75.0,100.0,0.0,0.0
390,Tim Wilson,Tatura,2,35.5,4.0,1.5,2.5,2.5,1.5,1.0,0.5,0.5,0.0,1.0,0.5,2.0,0.0,6.5,1.5,1.0,0.5,0.5,0.0,0.0,1.5,0.5,0.0,0.5,0.5,0.0,0.5,1.0,0.5,0.0,0.5,0.0,0.0,0.0,0.0,5.0,0.0,0.0,0.5,0.0,0.5,1.0,0.5,0.0,100.0,100.0,100.0,100.0,100.0,100.0,100.0
391,Jayedon Hexter,Shepparton United,4,35.2,6.0,4.2,1.8,3.5,2.5,0.2,0.5,1.0,0.5,2.0,0.5,2.0,0.0,0.0,0.0,1.0,0.0,1.0,0.0,1.0,1.5,0.0,1.8,0.0,0.2,0.0,0.0,1.2,1.0,0.0,1.8,0.0,0.0,0.5,0.8,4.5,1.0,0.0,0.2,0.2,1.0,1.0,0.0,0.2,66.0,58.0,53.0,71.0,50.0,100.0,0.0
392,Jack Smith,Euroa,1,35.0,2.0,1.0,1.0,2.0,0.0,1.0,0.0,0.0,0.0,0.0,0.0,3.0,0.0,11.0,4.0,1.0,1.0,0.0,0.0,0.0,0.0,0.0,0.0,0.0,1.0,0.0,1.0,1.0,1.0,0.0,2.0,0.0,0.0,0.0,0.0,4.0,1.0,0.0,1.0,0.0,0.0,2.0,1.0,0.0,0.0,100.0,100.0,100.0,0.0,100.0,100.0
393,Tanner Miller,Tatura,1,35.0,9.0,4.0,5.0,2.0,2.0,1.0,1.0,0.0,0.0,2.0,1.0,1.0,0.0,0.0,0.0,2.0,1.0,1.0,0.0,0.0,2.0,0.0,1.0,0.0,0.0,1.0,0.0,0.0,0.0,0.0,2.0,0.0,0.0,0.0,1.0,12.0,1.0,0.0,0.0,1.0,0.0,1.0,0.0,0.0,0.0,67.0,25.0,100.0,0.0,100.0,0.0
394,Henry Thomas,Euroa,8,34.9,8.4,2.9,5.5,2.9,2.2,0.5,0.6,0.0,0.1,1.6,1.1,2.6,0.0,0.0,0.0,2.1,0.8,1.4,0.1,0.2,2.0,0.1,0.0,0.0,0.4,0.1,0.1,0.5,0.6,0.0,1.1,0.0,0.1,0.4,0.4,5.6,0.2,0.2,0.2,0.0,0.5,1.9,0.2,0.1,0.0,79.0,65.0,86.0,40.0,100.0,100.0
395,William Christopher,Mansfield,7,34.6,5.0,3.3,1.7,2.4,1.1,0.4,0.1,0.0,0.0,0.3,3.6,3.1,0.0,0.0,0.0,1.4,0.6,0.9,0.0,0.1,1.0,1.1,0.0,0.0,0.3,0.1,1.3,0.6,0.6,0.0,3.0,0.0,0.7,1.1,0.1,5.4,0.1,0.4,2.4,0.0,0.0,0.4,2.7,0.0,0.0,46.0,22.0,92.0,0.0,0.0,22.0
396,Archer Hueston,Shepparton Bears,1,34.0,8.0,5.0,3.0,1.0,2.0,0.0,1.0,3.0,0.0,5.0,0.0,0.0,0.0,0.0,0.0,1.0,0.0,1.0,0.0,0.0,2.0,0.0,1.0,0.0,0.0,0.0,0.0,0.0,1.0,0.0,0.0,0.0,0.0,2.0,1.0,3.0,0.0,0.0,0.0,0.0,0.0,0.0,0.0,0.0,100.0,75.0,60.0,100.0,0.0,0.0,0.0
397,Jackson Mansfield,Seymour,5,33.8,6.4,4.6,1.8,1.4,3.2,0.0,1.4,0.4,0.4,1.2,1.2,0.6,0.0,0.0,0.0,0.6,0.4,0.2,0.0,0.6,2.6,0.4,0.8,0.0,0.0,0.0,1.0,0.2,0.2,0.0,1.8,0.0,0.0,0.6,0.2,2.0,0.6,0.2,1.0,0.0,0.4,0.2,0.0,0.2,50.0,53.0,52.0,56.0,29.0,0.0,80.0
398,Adam Storer,Mansfield,8,33.8,6.5,3.8,2.8,2.2,2.5,0.0,1.1,0.9,0.2,2.0,0.6,1.2,0.0,0.1,0.0,1.5,0.4,1.1,0.0,0.4,2.1,0.1,0.6,0.0,0.0,0.0,0.8,0.4,0.4,0.1,1.4,0.0,0.0,0.8,0.5,3.0,0.1,0.2,0.5,0.1,0.6,0.5,0.1,0.2,77.0,56.0,53.0,59.0,56.0,0.0,17.0
399,Andrew Thomson,Mansfield,4,33.5,8.0,5.2,2.8,3.2,1.5,0.0,0.2,0.2,0.0,1.0,2.8,1.2,0.0,0.0,0.0,2.5,0.2,2.2,0.8,0.0,1.5,0.0,0.0,0.0,0.0,0.0,0.8,0.0,0.8,0.0,1.8,0.0,0.2,0.5,0.0,2.8,0.2,0.0,1.0,0.0,0.0,0.8,0.5,0.0,100.0,78.0,76.0,82.0,0.0,0.0,100.0
400,Riley Northcott,Mansfield,10,33.5,7.8,3.7,4.1,3.7,1.2,0.6,1.6,0.5,0.4,3.0,1.4,2.1,0.3,0.0,0.0,2.7,0.5,2.2,0.1,0.2,1.0,0.1,0.2,0.0,0.2,0.4,0.1,0.6,0.6,0.0,1.3,0.0,0.0,0.6,1.5,4.2,0.8,0.0,0.2,0.2,0.4,1.7,0.0,0.6,55.0,68.0,54.0,80.0,31.0,67.0,100.0
401,Max Bicknell,Shepparton Swans,4,33.5,4.8,3.0,1.8,2.0,2.2,1.0,0.5,0.2,0.5,1.8,0.5,0.5,0.0,7.8,2.8,1.0,0.2,0.8,0.0,0.2,2.0,0.2,0.8,0.0,0.5,0.5,0.5,0.2,0.0,0.0,0.2,0.0,0.0,0.2,0.2,1.8,0.0,0.0,0.0,0.2,0.2,0.0,0.2,0.0,33.0,68.0,58.0,86.0,50.0,75.0,50.0
402,James Martin,Benalla,3,33.3,8.7,5.0,3.7,4.0,2.0,0.3,1.7,0.3,0.0,3.3,0.7,2.3,0.0,0.0,0.0,2.3,0.7,1.7,0.0,0.3,1.7,0.0,0.7,0.0,0.3,0.0,0.3,1.0,0.3,0.0,1.3,0.0,0.0,1.3,1.7,4.7,1.3,0.0,0.0,0.0,0.7,1.7,0.0,1.0,100.0,54.0,40.0,73.0,40.0,0.0,0.0
403,Hamish Willett,Benalla,14,33.3,9.1,4.7,4.4,2.8,2.7,0.5,1.0,0.1,0.1,1.5,1.1,1.3,0.5,0.0,0.0,2.1,0.6,1.5,0.6,0.2,2.5,0.1,0.1,0.0,0.4,0.1,0.6,0.1,0.3,0.1,1.2,0.0,0.1,1.0,0.2,3.1,0.6,0.1,0.2,0.1,0.2,0.9,0.1,0.1,33.0,66.0,62.0,70.0,57.0,57.0,56.0
404,Cale James,Rochester,2,33.0,6.0,3.0,3.0,2.0,2.0,0.5,0.5,0.0,1.0,3.0,0.5,3.0,0.0,0.0,0.0,2.0,2.0,0.0,0.0,0.0,2.0,0.0,0.5,0.0,0.5,0.0,0.0,0.0,0.5,0.0,2.0,0.0,0.0,0.0,1.0,7.0,1.0,0.0,1.0,0.0,1.5,1.5,0.0,1.0,0.0,58.0,50.0,67.0,0.0,100.0,0.0
405,Jed Dargan,Echuca,4,32.8,7.2,5.0,2.2,4.0,1.2,0.0,1.0,0.0,0.0,1.2,1.5,2.0,0.0,0.0,0.0,2.0,1.0,1.0,0.0,0.2,1.0,0.2,0.0,0.0,0.0,0.0,0.5,1.5,0.5,0.0,3.8,0.0,0.0,1.2,1.2,4.5,1.5,0.0,1.8,0.2,0.5,1.0,0.5,0.0,0.0,69.0,70.0,67.0,50.0,0.0,50.0
406,Dylan Davis,Seymour,11,32.5,6.5,3.6,2.8,3.0,1.4,0.5,1.0,0.0,0.0,1.4,2.3,1.9,0.0,0.0,0.0,2.2,1.0,1.2,0.3,0.1,1.3,0.3,0.0,0.0,0.2,0.4,0.7,0.4,0.2,0.0,1.5,0.0,0.0,1.1,0.2,4.4,0.1,0.4,0.9,0.1,0.2,1.1,0.6,0.4,0.0,70.0,65.0,77.0,55.0,67.0,75.0
407,Ryan Storer,Benalla,1,32.0,8.0,5.0,3.0,1.0,3.0,0.0,0.0,0.0,0.0,0.0,2.0,4.0,0.0,0.0,0.0,1.0,0.0,1.0,0.0,0.0,3.0,0.0,0.0,0.0,0.0,0.0,1.0,0.0,1.0,0.0,2.0,0.0,0.0,1.0,0.0,9.0,1.0,0.0,0.0,1.0,0.0,2.0,2.0,0.0,0.0,63.0,60.0,67.0,0.0,0.0,100.0
408,Nicholas McCabe,Euroa,11,32.0,7.5,4.1,3.4,2.1,2.4,0.1,0.5,0.0,0.0,0.5,1.5,1.4,0.1,0.0,0.0,1.5,0.5,0.9,0.1,0.3,2.1,0.5,0.0,0.0,0.1,0.0,1.7,0.5,0.4,0.2,1.5,0.0,0.1,1.2,0.4,2.9,0.2,0.0,1.2,0.1,0.1,0.7,0.5,0.0,0.0,72.0,67.0,78.0,60.0,100.0,63.0
409,James Wooster,Seymour,1,32.0,6.0,3.0,3.0,5.0,0.0,2.0,1.0,0.0,0.0,1.0,2.0,1.0,0.0,0.0,0.0,3.0,2.0,1.0,0.0,0.0,0.0,0.0,0.0,0.0,1.0,1.0,1.0,2.0,1.0,0.0,3.0,0.0,0.0,2.0,0.0,9.0,1.0,0.0,2.0,0.0,1.0,0.0,0.0,0.0,0.0,33.0,33.0,33.0,0.0,50.0,0.0
410,Hugh Bailey,Euroa,5,31.8,4.2,2.0,2.2,2.6,0.4,1.6,0.2,0.0,0.0,0.4,0.6,1.6,0.0,15.4,3.8,1.0,0.0,1.0,0.0,0.2,0.2,0.0,0.0,0.6,1.0,0.0,0.0,0.8,0.4,0.0,1.2,0.0,0.0,1.0,0.2,2.0,0.0,0.0,0.0,0.8,0.0,1.0,0.6,0.0,0.0,52.0,10.0,91.0,0.0,25.0,0.0
411,Brayden Van Winden,Mansfield,15,31.1,3.3,1.7,1.5,1.9,0.4,0.1,0.0,0.0,0.1,0.4,2.0,4.3,0.0,0.0,0.0,1.3,0.3,1.0,0.0,0.0,0.4,0.1,0.0,0.0,0.1,0.0,0.7,0.5,0.5,0.0,3.9,0.0,0.2,0.7,0.0,7.0,0.3,0.3,2.5,0.5,0.1,1.9,2.3,0.0,0.0,55.0,46.0,65.0,0.0,0.0,55.0
412,Dublin Anderson,Benalla,6,30.8,8.3,3.2,5.2,3.5,1.7,0.5,0.5,0.0,0.0,0.5,2.5,0.3,0.0,0.0,0.0,2.7,0.7,2.0,0.0,0.5,1.2,0.7,0.3,0.0,0.3,0.2,1.0,0.2,0.2,0.0,1.2,0.0,0.2,1.0,0.7,3.8,1.2,0.0,0.0,0.0,0.0,0.3,0.0,0.2,0.0,68.0,47.0,81.0,100.0,33.0,33.0
413,Mitchell Pentony,Mansfield,2,30.5,7.0,4.5,2.5,2.0,2.5,0.0,0.0,0.0,0.0,1.0,1.5,2.0,0.0,0.0,0.0,1.0,0.0,1.0,0.0,0.5,2.0,0.5,0.0,0.0,0.0,0.0,1.0,0.5,1.0,0.0,2.0,0.0,0.0,1.5,0.0,3.0,0.5,0.0,1.5,0.0,0.0,0.5,1.5,0.0,0.0,71.0,56.0,100.0,0.0,0.0,0.0
414,Liam Adams,Mooroopna,4,30.5,7.8,5.0,2.8,2.8,3.2,0.5,1.0,0.5,0.5,3.0,0.8,1.0,0.0,0.0,0.0,1.8,0.2,1.5,0.0,0.2,3.0,0.2,1.5,0.0,0.0,0.5,0.0,0.8,0.8,0.0,0.0,0.0,0.0,1.2,1.0,1.0,0.0,0.0,0.0,0.0,0.2,0.8,0.0,0.8,50.0,61.0,50.0,82.0,50.0,100.0,0.0
415,Jack Nation,Mansfield,3,30.3,8.3,4.7,3.7,5.7,1.7,0.3,0.7,0.0,0.3,1.3,1.0,3.0,0.0,0.0,0.0,3.7,1.3,2.3,0.0,1.3,0.3,0.0,0.3,0.0,0.3,0.0,0.0,0.3,1.3,0.0,1.0,0.0,0.0,0.3,2.3,6.0,0.3,0.0,0.3,0.3,1.3,1.3,0.3,0.0,0.0,56.0,36.0,82.0,0.0,100.0,0.0
416,Joshua Reid,Tatura,3,30.3,5.3,2.7,2.7,2.3,1.3,0.0,0.0,0.0,0.0,0.3,3.0,0.3,0.3,0.0,0.0,2.3,0.3,2.0,0.0,0.0,1.3,0.3,0.0,0.0,0.0,0.0,1.3,0.0,0.0,0.0,1.7,0.0,0.3,0.3,0.0,1.3,0.0,0.0,1.7,0.0,0.0,0.0,0.3,0.0,0.0,88.0,75.0,100.0,0.0,0.0,50.0
417,Riley Gallivan,Kyabram,8,29.9,5.9,4.1,1.8,2.1,2.0,0.2,1.2,0.5,0.5,2.0,1.0,1.1,0.1,0.0,0.0,1.6,0.2,1.4,0.1,0.2,1.8,0.2,0.6,0.1,0.0,0.1,0.2,0.2,0.1,0.0,1.8,0.0,0.0,0.6,0.6,3.8,0.8,0.0,0.6,0.2,0.5,0.6,0.0,0.1,50.0,60.0,55.0,71.0,40.0,50.0,100.0
418,Rielly Old,Seymour,8,29.6,5.0,2.4,2.6,2.9,1.1,0.8,0.8,0.0,0.1,0.8,1.1,4.4,0.0,0.0,0.0,1.2,0.6,0.6,0.1,0.4,0.8,0.2,0.1,0.1,0.6,0.0,0.2,0.6,0.9,0.0,0.9,0.0,0.0,0.2,0.6,6.9,0.5,0.0,0.2,0.1,1.0,2.9,0.5,0.1,0.0,65.0,58.0,71.0,33.0,67.0,50.0
419,Daniel Bruno,Mansfield,9,29.6,6.9,3.8,3.1,3.1,1.3,0.4,1.2,0.0,0.0,0.6,3.3,0.7,0.0,0.0,0.0,2.3,0.9,1.4,0.2,0.2,1.1,0.8,0.0,0.0,0.2,0.2,0.6,0.8,0.7,0.0,1.3,0.0,0.2,0.6,0.6,2.6,0.3,0.0,0.7,0.3,0.0,0.6,0.1,0.0,0.0,61.0,41.0,86.0,18.0,100.0,60.0
420,Maxwell Miller,Euroa,8,28.9,4.5,2.1,2.4,2.1,0.9,0.5,0.2,0.0,0.0,0.1,2.4,2.0,0.0,0.1,0.0,1.6,0.5,1.1,0.0,0.1,0.8,0.6,0.0,0.0,0.4,0.1,0.6,0.5,0.4,0.0,2.6,0.0,0.1,0.4,0.1,5.5,0.8,0.2,0.9,0.4,0.1,1.0,0.9,0.0,0.0,64.0,41.0,84.0,0.0,75.0,20.0
421,Thomas Corso,Tatura,6,28.8,7.0,3.3,3.7,3.2,1.0,0.7,0.5,0.0,0.2,0.3,1.8,1.5,0.0,0.0,0.0,2.2,0.2,2.0,0.2,0.0,1.0,0.0,0.2,0.0,0.2,0.5,1.2,0.7,0.3,0.0,1.7,0.0,0.2,0.5,0.3,4.8,1.3,0.0,0.2,0.2,0.2,1.0,0.3,0.0,0.0,62.0,50.0,73.0,33.0,25.0,43.0
422,Jake Cirillo,Shepparton Swans,4,28.5,7.0,2.5,4.5,3.8,1.2,1.2,0.5,0.0,0.0,0.5,1.0,2.8,0.0,0.0,0.0,3.0,0.8,2.2,0.0,0.5,0.8,0.0,0.0,0.0,0.5,0.8,0.8,0.2,0.2,0.0,1.2,0.0,0.0,1.0,0.2,5.0,0.2,0.0,0.0,0.8,0.2,2.0,0.5,0.0,0.0,50.0,40.0,56.0,0.0,40.0,67.0
423,Connor Hayes,Shepparton United,4,28.2,7.8,4.0,3.8,3.2,2.0,0.0,0.5,0.0,0.0,1.0,2.0,0.8,0.0,0.0,0.0,2.0,1.0,1.0,0.0,0.5,1.5,0.5,0.2,0.0,0.0,0.0,0.8,0.5,0.0,0.0,0.5,0.0,0.0,1.0,0.5,1.2,0.0,0.2,0.2,0.0,0.0,0.5,0.2,0.0,0.0,55.0,50.0,60.0,50.0,0.0,0.0
424,Cooper Woods,Benalla,1,28.0,6.0,1.0,5.0,5.0,0.0,1.0,0.0,0.0,0.0,0.0,1.0,1.0,0.0,0.0,0.0,4.0,0.0,4.0,0.0,0.0,0.0,0.0,0.0,0.0,1.0,0.0,0.0,1.0,0.0,0.0,0.0,0.0,0.0,0.0,0.0,3.0,0.0,0.0,0.0,0.0,0.0,0.0,1.0,0.0,0.0,100.0,100.0,100.0,0.0,100.0,0.0
425,Jayden Armstrong,Tatura,7,27.6,6.6,4.1,2.4,3.6,2.0,0.0,1.0,0.3,0.6,1.6,1.3,0.7,0.0,0.0,0.0,2.4,0.7,1.7,0.0,0.4,1.6,0.3,0.4,0.0,0.0,0.0,0.0,0.7,0.1,0.0,0.4,0.0,0.0,0.4,0.7,1.7,0.3,0.0,0.1,0.0,0.3,0.4,0.0,0.3,33.0,52.0,52.0,53.0,29.0,0.0,0.0
426,SS 16,Shepparton Swans,1,27.0,7.0,5.0,2.0,1.0,3.0,2.0,0.0,0.0,0.0,0.0,1.0,0.0,1.0,0.0,0.0,1.0,0.0,1.0,0.0,0.0,3.0,0.0,0.0,0.0,2.0,0.0,1.0,0.0,0.0,1.0,0.0,0.0,0.0,0.0,0.0,1.0,0.0,0.0,0.0,0.0,0.0,0.0,0.0,0.0,0.0,71.0,60.0,100.0,0.0,0.0,100.0
427,Blake Armstrong,Tatura,13,26.8,5.5,4.2,1.3,1.6,2.7,0.1,1.2,0.5,0.4,1.5,0.5,1.5,0.0,0.0,0.0,0.8,0.2,0.6,0.0,0.2,2.5,0.2,0.8,0.0,0.1,0.0,0.1,0.4,0.4,0.0,1.2,0.0,0.2,0.5,0.8,4.1,0.8,0.0,0.3,0.0,0.5,0.9,0.2,0.2,58.0,51.0,45.0,71.0,44.0,0.0,0.0
428,Danny Miller,Kyabram,3,26.3,7.0,3.3,3.7,3.0,1.3,0.0,1.7,0.0,0.0,1.3,1.3,1.7,0.0,0.0,0.0,1.7,1.0,0.7,0.3,1.0,0.3,0.3,0.0,0.0,0.0,0.0,0.0,0.3,0.7,0.0,1.0,0.0,0.0,0.3,1.0,4.3,1.0,0.0,0.0,0.0,0.3,1.0,0.3,0.0,0.0,62.0,40.0,82.0,0.0,0.0,0.0
429,Kade James,Mooroopna,7,26.0,5.6,3.7,1.9,2.3,3.0,0.3,0.7,0.1,0.0,1.0,1.4,1.1,0.0,0.0,0.0,1.1,0.6,0.6,0.0,0.6,2.4,0.4,0.0,0.0,0.1,0.1,0.1,0.6,0.7,0.0,1.4,0.0,0.1,0.9,0.1,2.7,0.9,0.0,0.3,0.1,0.1,0.9,0.1,0.0,100.0,72.0,65.0,85.0,60.0,100.0,100.0
430,Cameron Osmond,Seymour,3,26.0,4.3,2.7,1.7,1.7,2.3,0.0,0.0,0.3,0.0,1.3,0.3,3.0,0.0,0.0,0.0,1.0,1.0,0.0,0.0,0.3,2.0,0.3,1.3,0.0,0.0,0.0,0.3,0.0,0.0,0.0,1.0,0.0,0.0,1.0,0.3,4.7,0.3,0.0,0.3,0.3,1.7,1.3,0.0,0.0,100.0,46.0,38.0,60.0,0.0,0.0,0.0
431,Izaak Rossignuolo,Shepparton Swans,2,25.5,5.0,3.5,1.5,1.5,1.0,0.0,1.5,0.5,0.0,1.5,1.0,1.5,0.0,0.0,0.0,1.0,1.0,0.0,0.5,0.0,1.0,0.5,0.0,0.0,0.0,0.0,0.0,0.0,0.5,0.0,1.0,0.0,0.0,1.0,0.0,2.5,0.5,0.0,0.0,0.0,1.0,0.5,0.0,0.5,100.0,70.0,57.0,100.0,33.0,0.0,0.0
432,Cole Freeman,Tatura,5,25.0,6.8,5.2,1.6,1.8,2.4,0.2,1.0,0.2,0.0,0.6,0.8,1.4,0.0,0.0,0.0,1.6,0.6,1.0,0.0,0.0,2.4,0.2,0.0,0.0,0.0,0.2,1.2,0.6,0.8,0.0,1.4,0.0,0.4,1.0,0.6,5.6,1.2,0.0,0.0,0.2,0.2,0.6,0.6,0.2,100.0,56.0,54.0,63.0,0.0,100.0,50.0
433,Hugh Kerlin,Rochester,4,24.8,5.8,3.0,2.8,1.5,2.0,0.0,0.5,0.0,0.0,0.8,1.8,1.8,0.0,0.0,0.0,1.2,0.2,1.0,0.2,0.2,1.8,0.5,0.2,0.0,0.0,0.0,0.5,0.0,0.8,0.0,1.5,0.0,0.2,0.8,0.2,2.8,0.2,0.0,1.2,0.0,0.0,1.2,0.5,0.2,0.0,48.0,42.0,55.0,0.0,0.0,100.0
434,Jack Davey,Seymour,5,24.2,5.0,2.6,2.4,2.4,1.2,0.2,0.2,0.0,0.2,1.0,2.0,2.2,0.0,0.0,0.0,1.4,0.2,1.2,0.0,0.2,1.0,0.2,0.2,0.0,0.2,0.0,0.6,0.6,0.4,0.0,1.4,0.0,0.0,1.0,0.4,4.0,0.4,0.2,0.8,0.0,0.2,1.2,0.8,0.0,0.0,60.0,38.0,83.0,100.0,100.0,33.0
436,Jack Radford,Seymour,1,24.0,5.0,3.0,2.0,5.0,0.0,2.0,0.0,1.0,0.0,1.0,0.0,2.0,0.0,1.0,0.0,3.0,1.0,2.0,0.0,0.0,0.0,0.0,0.0,0.0,1.0,1.0,0.0,1.0,0.0,0.0,0.0,0.0,0.0,0.0,2.0,2.0,0.0,0.0,0.0,0.0,1.0,1.0,0.0,0.0,100.0,40.0,33.0,50.0,0.0,50.0,0.0
437,Lucca Pena,Tatura,1,24.0,4.0,3.0,1.0,1.0,2.0,0.0,1.0,0.0,1.0,1.0,1.0,5.0,0.0,0.0,0.0,0.0,0.0,0.0,0.0,0.0,2.0,0.0,0.0,0.0,0.0,0.0,0.0,1.0,0.0,0.0,2.0,0.0,0.0,2.0,1.0,8.0,1.0,0.0,1.0,0.0,2.0,3.0,0.0,0.0,0.0,0.0,0.0,0.0,0.0,0.0,0.0
438,Joshua Robertson,Euroa,2,23.5,6.5,3.5,3.0,3.0,2.0,0.5,1.0,0.0,0.0,1.0,1.0,1.5,0.0,0.0,0.0,2.0,1.5,0.5,0.0,0.5,1.5,0.0,0.0,0.0,0.0,0.5,0.0,0.0,0.5,0.0,0.0,0.0,0.0,0.0,1.0,2.0,0.0,0.0,0.0,0.0,0.0,1.5,0.0,0.0,0.0,62.0,57.0,67.0,50.0,100.0,0.0
439,Ben Gilberto,Shepparton Swans,2,23.0,3.5,3.5,0.0,1.5,1.5,1.5,2.5,0.0,0.0,0.5,0.0,2.5,0.0,8.0,1.5,0.5,0.5,0.0,0.0,0.0,1.5,0.0,0.0,0.0,1.5,0.0,0.0,0.5,0.0,0.0,2.0,0.0,0.0,0.5,2.0,4.0,0.5,0.0,0.0,1.5,0.5,2.0,0.0,0.0,0.0,14.0,14.0,0.0,0.0,0.0,0.0
440,SS 2,Shepparton Swans,1,23.0,6.0,4.0,2.0,4.0,1.0,0.0,3.0,0.0,0.0,0.0,3.0,5.0,1.0,0.0,0.0,3.0,2.0,1.0,0.0,0.0,1.0,0.0,0.0,0.0,0.0,0.0,0.0,1.0,3.0,0.0,2.0,0.0,0.0,2.0,2.0,9.0,2.0,0.0,0.0,0.0,0.0,5.0,0.0,0.0,0.0,50.0,25.0,100.0,33.0,0.0,0.0
441,Callum Farquhar,Tatura,1,23.0,3.0,2.0,1.0,2.0,0.0,1.0,1.0,0.0,0.0,0.0,1.0,0.0,0.0,9.0,3.0,2.0,0.0,2.0,0.0,0.0,0.0,0.0,0.0,0.0,1.0,0.0,1.0,0.0,0.0,0.0,1.0,0.0,0.0,0.0,1.0,3.0,1.0,0.0,0.0,0.0,0.0,0.0,0.0,0.0,0.0,33.0,50.0,0.0,0.0,100.0,100.0
442,Fraser McElhinney,Mooroopna,3,22.0,5.0,2.7,2.3,3.7,2.0,0.3,1.7,0.0,0.0,1.7,1.0,0.7,0.0,0.3,0.0,2.0,0.3,1.7,0.3,0.7,1.3,0.0,0.0,0.0,0.0,0.3,0.0,0.7,1.0,0.0,1.0,0.0,0.0,0.3,0.7,2.3,1.0,0.0,0.0,0.0,0.0,0.7,0.0,0.3,0.0,73.0,63.0,86.0,80.0,100.0,0.0
443,Angus Hart,Seymour,1,22.0,6.0,2.0,4.0,5.0,0.0,0.0,1.0,0.0,0.0,1.0,1.0,1.0,0.0,0.0,0.0,3.0,0.0,3.0,0.0,0.0,0.0,0.0,0.0,0.0,0.0,0.0,0.0,2.0,1.0,0.0,1.0,0.0,0.0,1.0,0.0,4.0,0.0,0.0,0.0,1.0,1.0,0.0,0.0,0.0,0.0,67.0,50.0,75.0,100.0,0.0,0.0
444,Chaz Pucko,Shepparton Swans,2,22.0,4.0,2.5,1.5,2.0,1.0,1.0,0.5,0.0,0.0,1.5,0.5,1.0,0.0,17.5,2.5,1.5,0.5,1.0,0.0,0.0,1.0,0.0,0.0,0.0,0.0,1.0,0.0,0.5,1.5,0.0,0.5,0.0,0.0,1.5,0.0,1.5,0.0,0.0,0.0,0.5,0.0,1.0,0.0,0.5,0.0,63.0,60.0,67.0,100.0,50.0,0.0
445,Hayden Desmond,Mansfield,4,21.0,4.2,1.5,2.8,2.5,1.0,0.8,0.8,0.0,0.8,1.5,0.8,2.0,0.0,0.0,0.0,2.0,1.0,1.0,0.0,0.0,1.0,0.2,0.2,0.0,0.0,0.8,0.0,0.0,0.2,0.0,1.8,0.0,0.0,0.8,0.5,3.8,0.2,0.2,0.5,0.2,1.2,0.5,0.2,0.0,0.0,41.0,0.0,64.0,33.0,67.0,0.0
446,Zaydan Leocata,Shepparton Bears,2,21.0,5.5,4.0,1.5,0.5,2.0,0.0,1.0,0.0,0.0,0.5,1.5,1.0,0.0,0.0,0.0,0.5,0.0,0.5,0.0,0.0,2.0,0.0,0.0,0.0,0.0,0.0,1.5,0.0,0.5,0.0,1.5,0.0,0.0,1.5,0.0,2.5,0.5,0.0,0.5,0.5,0.0,1.0,0.0,0.0,0.0,73.0,75.0,67.0,50.0,0.0,100.0
447,Harry Purcell,Mansfield,3,20.7,4.0,3.0,1.0,1.7,1.7,0.0,0.7,0.3,0.0,1.3,1.3,1.0,0.0,0.0,0.0,1.0,0.3,0.7,0.0,0.3,1.3,0.7,0.7,0.0,0.0,0.0,0.3,0.3,0.7,0.0,0.7,0.0,0.3,0.7,0.0,3.3,0.3,0.3,0.0,0.0,0.7,0.3,0.0,0.0,100.0,58.0,56.0,67.0,50.0,0.0,100.0
448,Lincoln D'Augello,Tatura,12,20.2,5.9,3.8,2.1,1.8,1.6,0.3,0.6,0.1,0.2,0.8,0.9,0.9,0.0,0.0,0.0,1.4,0.3,1.1,0.2,0.0,1.6,0.1,0.0,0.0,0.2,0.1,0.7,0.2,0.6,0.0,2.6,0.0,0.0,1.4,0.4,4.2,1.6,0.1,0.5,0.3,0.1,0.8,0.0,0.2,33.0,52.0,41.0,72.0,57.0,50.0,63.0
449,Harrison Foster,Rochester,1,20.0,2.0,1.0,1.0,0.0,1.0,0.0,0.0,0.0,1.0,3.0,0.0,4.0,0.0,0.0,0.0,0.0,0.0,0.0,0.0,0.0,1.0,0.0,1.0,0.0,0.0,0.0,0.0,0.0,0.0,0.0,1.0,0.0,0.0,0.0,0.0,5.0,0.0,0.0,0.0,1.0,1.0,3.0,0.0,1.0,0.0,50.0,0.0,100.0,0.0,0.0,0.0
450,Seymour 22,Seymour,1,20.0,5.0,5.0,0.0,0.0,1.0,0.0,2.0,0.0,0.0,1.0,1.0,3.0,0.0,0.0,0.0,0.0,0.0,0.0,0.0,0.0,1.0,0.0,0.0,0.0,0.0,0.0,1.0,0.0,0.0,0.0,0.0,0.0,0.0,0.0,1.0,4.0,0.0,0.0,0.0,0.0,0.0,3.0,0.0,0.0,0.0,40.0,40.0,0.0,0.0,0.0,100.0
451,Zane Chalcraft,Shepparton United,4,20.0,4.5,2.0,2.5,2.0,0.2,0.5,1.2,0.2,0.2,0.8,0.2,2.5,0.0,0.0,0.0,1.8,1.0,0.8,0.0,0.0,0.2,0.0,0.0,0.0,0.5,0.0,0.0,0.2,0.0,0.0,1.0,0.0,0.0,0.8,0.5,4.5,1.0,0.0,0.0,0.0,0.5,2.0,0.0,0.0,50.0,61.0,63.0,60.0,60.0,50.0,0.0
452,Braedan Meka,Shepparton Swans,2,19.5,4.5,2.0,2.5,2.5,1.5,0.0,0.5,0.0,0.0,1.0,1.5,1.5,0.0,0.0,0.0,1.0,0.5,0.5,0.0,1.0,0.5,0.0,0.0,0.0,0.0,0.0,0.0,0.5,0.5,0.0,0.0,0.0,0.0,0.5,0.0,2.5,0.0,0.0,0.0,0.0,0.0,1.0,0.5,0.0,0.0,56.0,25.0,80.0,0.0,0.0,0.0
453,Ryan Skinner,Tatura,5,19.2,5.6,3.4,2.2,2.2,2.2,0.6,0.0,0.2,0.0,0.4,1.0,0.8,0.0,0.0,0.0,1.6,0.4,1.2,0.2,0.0,2.2,0.0,0.2,0.2,0.2,0.2,0.4,0.2,0.6,0.0,1.0,0.0,0.2,1.4,0.0,2.2,0.8,0.0,0.2,0.0,0.4,0.4,0.0,0.0,100.0,64.0,65.0,64.0,0.0,67.0,100.0
454,Declan Redfern,Euroa,5,18.8,5.4,4.2,1.2,2.0,1.2,0.2,1.0,0.0,1.2,1.8,0.6,1.0,0.0,0.0,0.0,1.2,0.2,1.0,0.0,0.6,0.6,0.2,0.6,0.0,0.2,0.0,0.4,0.0,0.4,0.4,0.6,0.0,0.2,0.6,0.6,3.6,0.2,0.0,0.4,0.0,0.2,0.6,0.2,0.0,0.0,44.0,29.0,100.0,40.0,100.0,50.0
455,Harrison Mills,Euroa,3,18.7,5.3,2.3,3.0,1.7,1.7,0.3,1.3,0.0,0.0,0.3,0.3,0.3,0.0,0.0,0.0,1.0,0.0,1.0,0.0,0.0,1.7,0.0,0.0,0.0,0.0,0.3,0.0,0.0,0.0,0.0,0.7,0.0,0.0,0.0,0.7,4.0,0.7,0.0,0.0,0.0,0.0,0.3,0.0,0.3,0.0,50.0,43.0,56.0,0.0,100.0,0.0
456,Lachlan Curran,Euroa,2,18.5,2.5,0.0,2.5,0.5,0.0,0.5,0.0,0.0,0.0,0.5,0.0,1.5,0.0,6.5,2.0,0.0,0.0,0.0,0.0,0.0,0.0,0.0,0.0,0.0,0.0,0.5,0.0,0.5,0.5,0.0,0.5,0.0,0.0,0.5,0.0,1.5,0.0,0.0,0.5,0.0,0.0,0.0,1.5,0.0,0.0,100.0,0.0,100.0,0.0,100.0,0.0
457,Ash Quinn,Kyabram,2,18.5,4.0,2.5,1.5,1.5,1.5,0.0,1.0,0.5,0.0,2.0,0.0,0.5,0.0,0.0,0.0,1.0,0.5,0.5,0.0,0.0,1.5,0.0,0.0,0.0,0.0,0.0,0.0,0.0,0.0,0.0,0.5,0.0,0.0,0.0,0.5,1.0,0.0,0.0,0.0,0.5,0.0,0.5,0.0,0.5,100.0,88.0,80.0,100.0,0.0,0.0,0.0
458,Kade Thomas,Shepparton Swans,4,18.2,5.2,4.5,0.8,1.8,2.0,1.0,1.0,0.0,0.0,1.2,0.5,1.2,0.0,0.0,0.0,1.5,0.5,1.0,0.0,0.0,2.0,0.2,0.2,0.0,0.8,0.2,0.5,0.2,1.2,0.0,0.0,0.0,0.2,0.8,0.8,2.5,0.0,0.0,0.0,0.0,0.2,1.0,0.0,0.5,0.0,57.0,50.0,100.0,50.0,25.0,0.0
459,Caleb Aitken,Mooroopna,6,18.2,4.5,1.7,2.8,2.3,1.2,0.2,0.2,0.0,0.0,0.8,1.7,0.8,0.0,1.8,0.2,2.2,0.3,1.8,0.0,0.2,1.0,0.2,0.0,0.0,0.2,0.0,0.5,0.0,0.5,0.0,1.0,0.0,0.0,1.3,0.2,2.8,0.3,0.0,0.7,0.0,0.0,0.5,0.3,0.0,0.0,67.0,50.0,76.0,0.0,100.0,0.0
460,Kallyun Sanders,Shepparton United,3,17.3,4.7,2.7,2.0,1.7,3.0,0.3,0.3,0.0,0.0,1.0,0.7,1.0,0.0,0.0,0.0,1.0,0.0,1.0,0.0,0.3,2.7,0.0,0.3,0.0,0.0,0.3,0.0,0.3,0.3,0.0,1.0,0.0,0.0,1.3,0.0,2.7,1.0,0.0,0.0,0.0,0.3,0.7,0.0,0.0,0.0,64.0,63.0,67.0,0.0,100.0,0.0
461,Daniel Maher,Tatura,3,17.3,4.3,1.7,2.7,1.3,2.0,0.3,0.3,0.0,0.0,0.7,1.3,1.7,0.0,0.0,0.0,1.0,0.3,0.7,0.0,0.0,2.0,0.0,0.0,0.0,0.3,0.0,0.3,0.3,1.3,0.0,1.0,0.0,0.0,0.7,0.3,4.0,0.3,0.0,0.7,0.0,0.0,1.0,0.7,0.0,0.0,62.0,40.0,75.0,0.0,100.0,100.0
462,William Jackson,Euroa,2,16.5,4.5,2.0,2.5,1.5,0.5,1.0,0.5,0.0,0.0,1.0,0.5,0.0,0.0,0.0,0.0,1.5,0.5,1.0,0.5,0.0,0.5,0.0,0.0,0.5,0.5,0.0,0.0,0.0,0.5,0.0,1.5,0.0,0.0,0.0,0.0,2.5,1.5,0.0,0.0,0.0,0.0,0.0,0.0,0.0,0.0,89.0,75.0,100.0,0.0,100.0,0.0
463,Alex Macrae,Mooroopna,4,16.5,4.5,2.8,1.8,1.2,0.8,0.0,1.0,0.2,0.0,1.5,0.8,1.2,0.0,0.0,0.0,1.2,0.8,0.5,0.0,0.0,0.8,0.0,0.5,0.0,0.0,0.0,0.0,0.0,0.8,0.0,1.0,0.0,0.2,0.5,0.8,3.5,0.2,0.2,0.2,0.2,0.5,0.8,0.0,0.5,100.0,61.0,55.0,71.0,50.0,0.0,0.0
464,Riley Angel,Mansfield,1,15.0,3.0,0.0,3.0,0.0,0.0,0.0,0.0,0.0,0.0,0.0,1.0,2.0,0.0,0.0,0.0,0.0,0.0,0.0,0.0,0.0,0.0,0.0,0.0,0.0,0.0,0.0,0.0,0.0,0.0,0.0,1.0,0.0,0.0,0.0,0.0,3.0,0.0,0.0,1.0,0.0,0.0,1.0,1.0,0.0,0.0,100.0,0.0,100.0,0.0,0.0,0.0
465,Lachie Hanson,Rochester,2,14.5,2.5,1.5,1.0,1.0,1.0,0.0,0.5,0.0,0.0,0.5,1.0,1.5,0.0,0.0,0.0,0.5,0.0,0.5,0.0,0.0,1.0,0.5,0.0,0.0,0.0,0.0,0.0,0.0,0.0,0.0,0.0,0.0,0.0,0.0,0.0,2.0,0.0,0.0,0.0,0.0,0.5,1.0,0.0,0.0,0.0,80.0,67.0,100.0,0.0,0.0,0.0
466,Kane Moroney,Rochester,1,14.0,4.0,3.0,1.0,1.0,0.0,0.0,0.0,0.0,0.0,0.0,1.0,1.0,0.0,0.0,0.0,1.0,0.0,1.0,0.0,0.0,0.0,0.0,0.0,0.0,0.0,0.0,0.0,0.0,1.0,0.0,1.0,0.0,0.0,0.0,0.0,4.0,0.0,0.0,0.0,0.0,0.0,1.0,0.0,0.0,0.0,75.0,67.0,100.0,0.0,0.0,0.0
467,Ben Jeffery,Shepparton Swans,2,13.5,2.5,2.5,0.0,1.0,0.5,0.5,0.0,0.0,0.0,0.0,0.5,0.0,0.0,0.0,0.0,1.0,0.0,1.0,0.0,0.0,0.5,0.0,0.0,0.0,0.5,0.0,2.0,0.5,0.5,0.0,2.0,0.0,0.0,1.0,0.0,0.5,0.0,0.0,1.0,1.0,0.0,0.0,0.0,0.0,0.0,60.0,60.0,0.0,0.0,100.0,75.0
468,Archer Hogan,Tatura,1,12.0,1.0,1.0,0.0,0.0,0.0,0.0,0.0,0.0,0.0,1.0,0.0,2.0,0.0,6.0,1.0,0.0,0.0,0.0,0.0,0.0,0.0,0.0,0.0,0.0,0.0,0.0,0.0,0.0,0.0,0.0,1.0,0.0,0.0,0.0,1.0,5.0,0.0,0.0,0.0,1.0,1.0,0.0,1.0,0.0,0.0,0.0,0.0,0.0,0.0,0.0,0.0
469,Connor Fallon,Shepparton Swans,1,4.0,3.0,0.0,3.0,2.0,0.0,0.0,0.0,0.0,0.0,1.0,0.0,1.0,0.0,0.0,0.0,2.0,1.0,1.0,0.0,0.0,0.0,0.0,0.0,0.0,0.0,0.0,0.0,0.0,1.0,0.0,1.0,0.0,0.0,1.0,1.0,1.0,0.0,0.0,1.0,0.0,0.0,1.0,0.0,0.0,0.0,67.0,0.0,67.0,0.0,0.0,0.0
470,,Benalla,0,0.0,0.0,0.0,0.0,0.0,0.0,0.0,0.0,0.0,0.0,0.0,0.0,0.0,0.0,0.0,0.0,0.0,0.0,0.0,0.0,0.0,0.0,0.0,0.0,0.0,0.0,0.0,0.0,0.0,0.0,0.0,0.0,0.0,0.0,0.0,0.0,0.0,0.0,0.0,0.0,0.0,0.0,0.0,0.0,0.0,0.0,0.0,0.0,0.0,0.0,0.0,0.0
471,Cameron Morgan,Echuca,0,0.0,0.0,0.0,0.0,0.0,0.0,0.0,0.0,0.0,0.0,0.0,0.0,0.0,0.0,0.0,0.0,0.0,0.0,0.0,0.0,0.0,0.0,0.0,0.0,0.0,0.0,0.0,0.0,0.0,0.0,0.0,0.0,0.0,0.0,0.0,0.0,0.0,0.0,0.0,0.0,0.0,0.0,0.0,0.0,0.0,0.0,0.0,0.0,0.0,0.0,0.0,0.0
472,Riley Murphy,Echuca,0,0.0,0.0,0.0,0.0,0.0,0.0,0.0,0.0,0.0,0.0,0.0,0.0,0.0,0.0,0.0,0.0,0.0,0.0,0.0,0.0,0.0,0.0,0.0,0.0,0.0,0.0,0.0,0.0,0.0,0.0,0.0,0.0,0.0,0.0,0.0,0.0,0.0,0.0,0.0,0.0,0.0,0.0,0.0,0.0,0.0,0.0,0.0,0.0,0.0,0.0,0.0,0.0
473,Euroa 29,Euroa,0,0.0,0.0,0.0,0.0,0.0,0.0,0.0,0.0,0.0,0.0,0.0,0.0,0.0,0.0,0.0,0.0,0.0,0.0,0.0,0.0,0.0,0.0,0.0,0.0,0.0,0.0,0.0,0.0,0.0,0.0,0.0,0.0,0.0,0.0,0.0,0.0,0.0,0.0,0.0,0.0,0.0,0.0,0.0,0.0,0.0,0.0,0.0,0.0,0.0,0.0,0.0,0.0
474,Kyabram 37,Kyabram,0,0.0,0.0,0.0,0.0,0.0,0.0,0.0,0.0,0.0,0.0,0.0,0.0,0.0,0.0,0.0,0.0,0.0,0.0,0.0,0.0,0.0,0.0,0.0,0.0,0.0,0.0,0.0,0.0,0.0,0.0,0.0,0.0,0.0,0.0,0.0,0.0,0.0,0.0,0.0,0.0,0.0,0.0,0.0,0.0,0.0,0.0,0.0,0.0,0.0,0.0,0.0,0.0
475,William Burnett,Kyabram,0,0.0,0.0,0.0,0.0,0.0,0.0,0.0,0.0,0.0,0.0,0.0,0.0,0.0,0.0,0.0,0.0,0.0,0.0,0.0,0.0,0.0,0.0,0.0,0.0,0.0,0.0,0.0,0.0,0.0,0.0,0.0,0.0,0.0,0.0,0.0,0.0,0.0,0.0,0.0,0.0,0.0,0.0,0.0,0.0,0.0,0.0,0.0,0.0,0.0,0.0,0.0,0.0
476,Ari Croxford-Demasi,Mansfield,0,0.0,0.0,0.0,0.0,0.0,0.0,0.0,0.0,0.0,0.0,0.0,0.0,0.0,0.0,0.0,0.0,0.0,0.0,0.0,0.0,0.0,0.0,0.0,0.0,0.0,0.0,0.0,0.0,0.0,0.0,0.0,0.0,0.0,0.0,0.0,0.0,0.0,0.0,0.0,0.0,0.0,0.0,0.0,0.0,0.0,0.0,0.0,0.0,0.0,0.0,0.0,0.0
477,Billy Dunstan,Mansfield,0,0.0,0.0,0.0,0.0,0.0,0.0,0.0,0.0,0.0,0.0,0.0,0.0,0.0,0.0,0.0,0.0,0.0,0.0,0.0,0.0,0.0,0.0,0.0,0.0,0.0,0.0,0.0,0.0,0.0,0.0,0.0,0.0,0.0,0.0,0.0,0.0,0.0,0.0,0.0,0.0,0.0,0.0,0.0,0.0,0.0,0.0,0.0,0.0,0.0,0.0,0.0,0.0
478,Cameron Arnold,Mansfield,0,0.0,0.0,0.0,0.0,0.0,0.0,0.0,0.0,0.0,0.0,0.0,0.0,0.0,0.0,0.0,0.0,0.0,0.0,0.0,0.0,0.0,0.0,0.0,0.0,0.0,0.0,0.0,0.0,0.0,0.0,0.0,0.0,0.0,0.0,0.0,0.0,0.0,0.0,0.0,0.0,0.0,0.0,0.0,0.0,0.0,0.0,0.0,0.0,0.0,0.0,0.0,0.0
479,Colby Croxford-Demasi,Mansfield,0,0.0,0.0,0.0,0.0,0.0,0.0,0.0,0.0,0.0,0.0,0.0,0.0,0.0,0.0,0.0,0.0,0.0,0.0,0.0,0.0,0.0,0.0,0.0,0.0,0.0,0.0,0.0,0.0,0.0,0.0,0.0,0.0,0.0,0.0,0.0,0.0,0.0,0.0,0.0,0.0,0.0,0.0,0.0,0.0,0.0,0.0,0.0,0.0,0.0,0.0,0.0,0.0
480,Daniel Jones,Mansfield,0,0.0,0.0,0.0,0.0,0.0,0.0,0.0,0.0,0.0,0.0,0.0,0.0,0.0,0.0,0.0,0.0,0.0,0.0,0.0,0.0,0.0,0.0,0.0,0.0,0.0,0.0,0.0,0.0,0.0,0.0,0.0,0.0,0.0,0.0,0.0,0.0,0.0,0.0,0.0,0.0,0.0,0.0,0.0,0.0,0.0,0.0,0.0,0.0,0.0,0.0,0.0,0.0
481,Daniel Leggett,Mansfield,0,0.0,0.0,0.0,0.0,0.0,0.0,0.0,0.0,0.0,0.0,0.0,0.0,0.0,0.0,0.0,0.0,0.0,0.0,0.0,0.0,0.0,0.0,0.0,0.0,0.0,0.0,0.0,0.0,0.0,0.0,0.0,0.0,0.0,0.0,0.0,0.0,0.0,0.0,0.0,0.0,0.0,0.0,0.0,0.0,0.0,0.0,0.0,0.0,0.0,0.0,0.0,0.0
482,Flynn Butterworth,Mansfield,0,0.0,0.0,0.0,0.0,0.0,0.0,0.0,0.0,0.0,0.0,0.0,0.0,0.0,0.0,0.0,0.0,0.0,0.0,0.0,0.0,0.0,0.0,0.0,0.0,0.0,0.0,0.0,0.0,0.0,0.0,0.0,0.0,0.0,0.0,0.0,0.0,0.0,0.0,0.0,0.0,0.0,0.0,0.0,0.0,0.0,0.0,0.0,0.0,0.0,0.0,0.0,0.0
483,Frazer Dale,Mansfield,0,0.0,0.0,0.0,0.0,0.0,0.0,0.0,0.0,0.0,0.0,0.0,0.0,0.0,0.0,0.0,0.0,0.0,0.0,0.0,0.0,0.0,0.0,0.0,0.0,0.0,0.0,0.0,0.0,0.0,0.0,0.0,0.0,0.0,0.0,0.0,0.0,0.0,0.0,0.0,0.0,0.0,0.0,0.0,0.0,0.0,0.0,0.0,0.0,0.0,0.0,0.0,0.0
484,Harrison Sier,Mansfield,0,0.0,0.0,0.0,0.0,0.0,0.0,0.0,0.0,0.0,0.0,0.0,0.0,0.0,0.0,0.0,0.0,0.0,0.0,0.0,0.0,0.0,0.0,0.0,0.0,0.0,0.0,0.0,0.0,0.0,0.0,0.0,0.0,0.0,0.0,0.0,0.0,0.0,0.0,0.0,0.0,0.0,0.0,0.0,0.0,0.0,0.0,0.0,0.0,0.0,0.0,0.0,0.0
485,Jack Hutchins,Mansfield,0,0.0,0.0,0.0,0.0,0.0,0.0,0.0,0.0,0.0,0.0,0.0,0.0,0.0,0.0,0.0,0.0,0.0,0.0,0.0,0.0,0.0,0.0,0.0,0.0,0.0,0.0,0.0,0.0,0.0,0.0,0.0,0.0,0.0,0.0,0.0,0.0,0.0,0.0,0.0,0.0,0.0,0.0,0.0,0.0,0.0,0.0,0.0,0.0,0.0,0.0,0.0,0.0
486,Jack Tomanovits,Mansfield,0,0.0,0.0,0.0,0.0,0.0,0.0,0.0,0.0,0.0,0.0,0.0,0.0,0.0,0.0,0.0,0.0,0.0,0.0,0.0,0.0,0.0,0.0,0.0,0.0,0.0,0.0,0.0,0.0,0.0,0.0,0.0,0.0,0.0,0.0,0.0,0.0,0.0,0.0,0.0,0.0,0.0,0.0,0.0,0.0,0.0,0.0,0.0,0.0,0.0,0.0,0.0,0.0
487,Jacob Howes,Mansfield,0,0.0,0.0,0.0,0.0,0.0,0.0,0.0,0.0,0.0,0.0,0.0,0.0,0.0,0.0,0.0,0.0,0.0,0.0,0.0,0.0,0.0,0.0,0.0,0.0,0.0,0.0,0.0,0.0,0.0,0.0,0.0,0.0,0.0,0.0,0.0,0.0,0.0,0.0,0.0,0.0,0.0,0.0,0.0,0.0,0.0,0.0,0.0,0.0,0.0,0.0,0.0,0.0
488,Jayme Rekers,Mansfield,0,0.0,0.0,0.0,0.0,0.0,0.0,0.0,0.0,0.0,0.0,0.0,0.0,0.0,0.0,0.0,0.0,0.0,0.0,0.0,0.0,0.0,0.0,0.0,0.0,0.0,0.0,0.0,0.0,0.0,0.0,0.0,0.0,0.0,0.0,0.0,0.0,0.0,0.0,0.0,0.0,0.0,0.0,0.0,0.0,0.0,0.0,0.0,0.0,0.0,0.0,0.0,0.0
489,Jim Herridge,Mansfield,0,0.0,0.0,0.0,0.0,0.0,0.0,0.0,0.0,0.0,0.0,0.0,0.0,0.0,0.0,0.0,0.0,0.0,0.0,0.0,0.0,0.0,0.0,0.0,0.0,0.0,0.0,0.0,0.0,0.0,0.0,0.0,0.0,0.0,0.0,0.0,0.0,0.0,0.0,0.0,0.0,0.0,0.0,0.0,0.0,0.0,0.0,0.0,0.0,0.0,0.0,0.0,0.0
490,Joel Sanford,Mansfield,0,0.0,0.0,0.0,0.0,0.0,0.0,0.0,0.0,0.0,0.0,0.0,0.0,0.0,0.0,0.0,0.0,0.0,0.0,0.0,0.0,0.0,0.0,0.0,0.0,0.0,0.0,0.0,0.0,0.0,0.0,0.0,0.0,0.0,0.0,0.0,0.0,0.0,0.0,0.0,0.0,0.0,0.0,0.0,0.0,0.0,0.0,0.0,0.0,0.0,0.0,0.0,0.0
491,Joshua Stefanutti,Mansfield,0,0.0,0.0,0.0,0.0,0.0,0.0,0.0,0.0,0.0,0.0,0.0,0.0,0.0,0.0,0.0,0.0,0.0,0.0,0.0,0.0,0.0,0.0,0.0,0.0,0.0,0.0,0.0,0.0,0.0,0.0,0.0,0.0,0.0,0.0,0.0,0.0,0.0,0.0,0.0,0.0,0.0,0.0,0.0,0.0,0.0,0.0,0.0,0.0,0.0,0.0,0.0,0.0
492,Lachie Christopher,Mansfield,0,0.0,0.0,0.0,0.0,0.0,0.0,0.0,0.0,0.0,0.0,0.0,0.0,0.0,0.0,0.0,0.0,0.0,0.0,0.0,0.0,0.0,0.0,0.0,0.0,0.0,0.0,0.0,0.0,0.0,0.0,0.0,0.0,0.0,0.0,0.0,0.0,0.0,0.0,0.0,0.0,0.0,0.0,0.0,0.0,0.0,0.0,0.0,0.0,0.0,0.0,0.0,0.0
493,Lachlan Murphy-Dale,Mansfield,0,0.0,0.0,0.0,0.0,0.0,0.0,0.0,0.0,0.0,0.0,0.0,0.0,0.0,0.0,0.0,0.0,0.0,0.0,0.0,0.0,0.0,0.0,0.0,0.0,0.0,0.0,0.0,0.0,0.0,0.0,0.0,0.0,0.0,0.0,0.0,0.0,0.0,0.0,0.0,0.0,0.0,0.0,0.0,0.0,0.0,0.0,0.0,0.0,0.0,0.0,0.0,0.0
494,Lachlan Ritchie,Mansfield,0,0.0,0.0,0.0,0.0,0.0,0.0,0.0,0.0,0.0,0.0,0.0,0.0,0.0,0.0,0.0,0.0,0.0,0.0,0.0,0.0,0.0,0.0,0.0,0.0,0.0,0.0,0.0,0.0,0.0,0.0,0.0,0.0,0.0,0.0,0.0,0.0,0.0,0.0,0.0,0.0,0.0,0.0,0.0,0.0,0.0,0.0,0.0,0.0,0.0,0.0,0.0,0.0
495,Luke Vanderfeen,Mansfield,0,0.0,0.0,0.0,0.0,0.0,0.0,0.0,0.0,0.0,0.0,0.0,0.0,0.0,0.0,0.0,0.0,0.0,0.0,0.0,0.0,0.0,0.0,0.0,0.0,0.0,0.0,0.0,0.0,0.0,0.0,0.0,0.0,0.0,0.0,0.0,0.0,0.0,0.0,0.0,0.0,0.0,0.0,0.0,0.0,0.0,0.0,0.0,0.0,0.0,0.0,0.0,0.0
496,Mandsfield 63,Mansfield,0,0.0,0.0,0.0,0.0,0.0,0.0,0.0,0.0,0.0,0.0,0.0,0.0,0.0,0.0,0.0,0.0,0.0,0.0,0.0,0.0,0.0,0.0,0.0,0.0,0.0,0.0,0.0,0.0,0.0,0.0,0.0,0.0,0.0,0.0,0.0,0.0,0.0,0.0,0.0,0.0,0.0,0.0,0.0,0.0,0.0,0.0,0.0,0.0,0.0,0.0,0.0,0.0
497,Mansfield 10,Mansfield,0,0.0,0.0,0.0,0.0,0.0,0.0,0.0,0.0,0.0,0.0,0.0,0.0,0.0,0.0,0.0,0.0,0.0,0.0,0.0,0.0,0.0,0.0,0.0,0.0,0.0,0.0,0.0,0.0,0.0,0.0,0.0,0.0,0.0,0.0,0.0,0.0,0.0,0.0,0.0,0.0,0.0,0.0,0.0,0.0,0.0,0.0,0.0,0.0,0.0,0.0,0.0,0.0
498,Mansfield 14,Mansfield,0,0.0,0.0,0.0,0.0,0.0,0.0,0.0,0.0,0.0,0.0,0.0,0.0,0.0,0.0,0.0,0.0,0.0,0.0,0.0,0.0,0.0,0.0,0.0,0.0,0.0,0.0,0.0,0.0,0.0,0.0,0.0,0.0,0.0,0.0,0.0,0.0,0.0,0.0,0.0,0.0,0.0,0.0,0.0,0.0,0.0,0.0,0.0,0.0,0.0,0.0,0.0,0.0
499,Mansfield 16,Mansfield,0,0.0,0.0,0.0,0.0,0.0,0.0,0.0,0.0,0.0,0.0,0.0,0.0,0.0,0.0,0.0,0.0,0.0,0.0,0.0,0.0,0.0,0.0,0.0,0.0,0.0,0.0,0.0,0.0,0.0,0.0,0.0,0.0,0.0,0.0,0.0,0.0,0.0,0.0,0.0,0.0,0.0,0.0,0.0,0.0,0.0,0.0,0.0,0.0,0.0,0.0,0.0,0.0
500,Mansfield 20,Mansfield,0,0.0,0.0,0.0,0.0,0.0,0.0,0.0,0.0,0.0,0.0,0.0,0.0,0.0,0.0,0.0,0.0,0.0,0.0,0.0,0.0,0.0,0.0,0.0,0.0,0.0,0.0,0.0,0.0,0.0,0.0,0.0,0.0,0.0,0.0,0.0,0.0,0.0,0.0,0.0,0.0,0.0,0.0,0.0,0.0,0.0,0.0,0.0,0.0,0.0,0.0,0.0,0.0
501,Mansfield 27,Mansfield,0,0.0,0.0,0.0,0.0,0.0,0.0,0.0,0.0,0.0,0.0,0.0,0.0,0.0,0.0,0.0,0.0,0.0,0.0,0.0,0.0,0.0,0.0,0.0,0.0,0.0,0.0,0.0,0.0,0.0,0.0,0.0,0.0,0.0,0.0,0.0,0.0,0.0,0.0,0.0,0.0,0.0,0.0,0.0,0.0,0.0,0.0,0.0,0.0,0.0,0.0,0.0,0.0
502,Mansfield 33,Mansfield,0,0.0,0.0,0.0,0.0,0.0,0.0,0.0,0.0,0.0,0.0,0.0,0.0,0.0,0.0,0.0,0.0,0.0,0.0,0.0,0.0,0.0,0.0,0.0,0.0,0.0,0.0,0.0,0.0,0.0,0.0,0.0,0.0,0.0,0.0,0.0,0.0,0.0,0.0,0.0,0.0,0.0,0.0,0.0,0.0,0.0,0.0,0.0,0.0,0.0,0.0,0.0,0.0
503,Mansfield 35,Mansfield,0,0.0,0.0,0.0,0.0,0.0,0.0,0.0,0.0,0.0,0.0,0.0,0.0,0.0,0.0,0.0,0.0,0.0,0.0,0.0,0.0,0.0,0.0,0.0,0.0,0.0,0.0,0.0,0.0,0.0,0.0,0.0,0.0,0.0,0.0,0.0,0.0,0.0,0.0,0.0,0.0,0.0,0.0,0.0,0.0,0.0,0.0,0.0,0.0,0.0,0.0,0.0,0.0
504,Mansfield 39,Mansfield,0,0.0,0.0,0.0,0.0,0.0,0.0,0.0,0.0,0.0,0.0,0.0,0.0,0.0,0.0,0.0,0.0,0.0,0.0,0.0,0.0,0.0,0.0,0.0,0.0,0.0,0.0,0.0,0.0,0.0,0.0,0.0,0.0,0.0,0.0,0.0,0.0,0.0,0.0,0.0,0.0,0.0,0.0,0.0,0.0,0.0,0.0,0.0,0.0,0.0,0.0,0.0,0.0
505,Mansfield 6,Mansfield,0,0.0,0.0,0.0,0.0,0.0,0.0,0.0,0.0,0.0,0.0,0.0,0.0,0.0,0.0,0.0,0.0,0.0,0.0,0.0,0.0,0.0,0.0,0.0,0.0,0.0,0.0,0.0,0.0,0.0,0.0,0.0,0.0,0.0,0.0,0.0,0.0,0.0,0.0,0.0,0.0,0.0,0.0,0.0,0.0,0.0,0.0,0.0,0.0,0.0,0.0,0.0,0.0
506,Mitchell Sier,Mansfield,0,0.0,0.0,0.0,0.0,0.0,0.0,0.0,0.0,0.0,0.0,0.0,0.0,0.0,0.0,0.0,0.0,0.0,0.0,0.0,0.0,0.0,0.0,0.0,0.0,0.0,0.0,0.0,0.0,0.0,0.0,0.0,0.0,0.0,0.0,0.0,0.0,0.0,0.0,0.0,0.0,0.0,0.0,0.0,0.0,0.0,0.0,0.0,0.0,0.0,0.0,0.0,0.0
507,Mitchell Wareham,Mansfield,0,0.0,0.0,0.0,0.0,0.0,0.0,0.0,0.0,0.0,0.0,0.0,0.0,0.0,0.0,0.0,0.0,0.0,0.0,0.0,0.0,0.0,0.0,0.0,0.0,0.0,0.0,0.0,0.0,0.0,0.0,0.0,0.0,0.0,0.0,0.0,0.0,0.0,0.0,0.0,0.0,0.0,0.0,0.0,0.0,0.0,0.0,0.0,0.0,0.0,0.0,0.0,0.0
508,Patrick Marks,Mansfield,0,0.0,0.0,0.0,0.0,0.0,0.0,0.0,0.0,0.0,0.0,0.0,0.0,0.0,0.0,0.0,0.0,0.0,0.0,0.0,0.0,0.0,0.0,0.0,0.0,0.0,0.0,0.0,0.0,0.0,0.0,0.0,0.0,0.0,0.0,0.0,0.0,0.0,0.0,0.0,0.0,0.0,0.0,0.0,0.0,0.0,0.0,0.0,0.0,0.0,0.0,0.0,0.0
509,Sam Lynch,Mansfield,0,0.0,0.0,0.0,0.0,0.0,0.0,0.0,0.0,0.0,0.0,0.0,0.0,0.0,0.0,0.0,0.0,0.0,0.0,0.0,0.0,0.0,0.0,0.0,0.0,0.0,0.0,0.0,0.0,0.0,0.0,0.0,0.0,0.0,0.0,0.0,0.0,0.0,0.0,0.0,0.0,0.0,0.0,0.0,0.0,0.0,0.0,0.0,0.0,0.0,0.0,0.0,0.0
510,Tas Clingan,Mansfield,0,0.0,0.0,0.0,0.0,0.0,0.0,0.0,0.0,0.0,0.0,0.0,0.0,0.0,0.0,0.0,0.0,0.0,0.0,0.0,0.0,0.0,0.0,0.0,0.0,0.0,0.0,0.0,0.0,0.0,0.0,0.0,0.0,0.0,0.0,0.0,0.0,0.0,0.0,0.0,0.0,0.0,0.0,0.0,0.0,0.0,0.0,0.0,0.0,0.0,0.0,0.0,0.0
511,Thomas Dunstan,Mansfield,0,0.0,0.0,0.0,0.0,0.0,0.0,0.0,0.0,0.0,0.0,0.0,0.0,0.0,0.0,0.0,0.0,0.0,0.0,0.0,0.0,0.0,0.0,0.0,0.0,0.0,0.0,0.0,0.0,0.0,0.0,0.0,0.0,0.0,0.0,0.0,0.0,0.0,0.0,0.0,0.0,0.0,0.0,0.0,0.0,0.0,0.0,0.0,0.0,0.0,0.0,0.0,0.0
512,Tim Costigan,Mansfield,0,0.0,0.0,0.0,0.0,0.0,0.0,0.0,0.0,0.0,0.0,0.0,0.0,0.0,0.0,0.0,0.0,0.0,0.0,0.0,0.0,0.0,0.0,0.0,0.0,0.0,0.0,0.0,0.0,0.0,0.0,0.0,0.0,0.0,0.0,0.0,0.0,0.0,0.0,0.0,0.0,0.0,0.0,0.0,0.0,0.0,0.0,0.0,0.0,0.0,0.0,0.0,0.0
513,Tom McDonagh,Mansfield,0,0.0,0.0,0.0,0.0,0.0,0.0,0.0,0.0,0.0,0.0,0.0,0.0,0.0,0.0,0.0,0.0,0.0,0.0,0.0,0.0,0.0,0.0,0.0,0.0,0.0,0.0,0.0,0.0,0.0,0.0,0.0,0.0,0.0,0.0,0.0,0.0,0.0,0.0,0.0,0.0,0.0,0.0,0.0,0.0,0.0,0.0,0.0,0.0,0.0,0.0,0.0,0.0
514,Unknown Player,Mansfield,0,0.0,0.0,0.0,0.0,0.0,0.0,0.0,0.0,0.0,0.0,0.0,0.0,0.0,0.0,0.0,0.0,0.0,0.0,0.0,0.0,0.0,0.0,0.0,0.0,0.0,0.0,0.0,0.0,0.0,0.0,0.0,0.0,0.0,0.0,0.0,0.0,0.0,0.0,0.0,0.0,0.0,0.0,0.0,0.0,0.0,0.0,0.0,0.0,0.0,0.0,0.0,0.0
515,Will Christopher,Mansfield,0,0.0,0.0,0.0,0.0,0.0,0.0,0.0,0.0,0.0,0.0,0.0,0.0,0.0,0.0,0.0,0.0,0.0,0.0,0.0,0.0,0.0,0.0,0.0,0.0,0.0,0.0,0.0,0.0,0.0,0.0,0.0,0.0,0.0,0.0,0.0,0.0,0.0,0.0,0.0,0.0,0.0,0.0,0.0,0.0,0.0,0.0,0.0,0.0,0.0,0.0,0.0,0.0
516,William Chiller,Mansfield,0,0.0,0.0,0.0,0.0,0.0,0.0,0.0,0.0,0.0,0.0,0.0,0.0,0.0,0.0,0.0,0.0,0.0,0.0,0.0,0.0,0.0,0.0,0.0,0.0,0.0,0.0,0.0,0.0,0.0,0.0,0.0,0.0,0.0,0.0,0.0,0.0,0.0,0.0,0.0,0.0,0.0,0.0,0.0,0.0,0.0,0.0,0.0,0.0,0.0,0.0,0.0,0.0
517,William James,Mansfield,0,0.0,0.0,0.0,0.0,0.0,0.0,0.0,0.0,0.0,0.0,0.0,0.0,0.0,0.0,0.0,0.0,0.0,0.0,0.0,0.0,0.0,0.0,0.0,0.0,0.0,0.0,0.0,0.0,0.0,0.0,0.0,0.0,0.0,0.0,0.0,0.0,0.0,0.0,0.0,0.0,0.0,0.0,0.0,0.0,0.0,0.0,0.0,0.0,0.0,0.0,0.0,0.0
518,Mooroopna 5,Mooroopna,0,0.0,0.0,0.0,0.0,0.0,0.0,0.0,0.0,0.0,0.0,0.0,0.0,0.0,0.0,0.0,0.0,0.0,0.0,0.0,0.0,0.0,0.0,0.0,0.0,0.0,0.0,0.0,0.0,0.0,0.0,0.0,0.0,0.0,0.0,0.0,0.0,0.0,0.0,0.0,0.0,0.0,0.0,0.0,0.0,0.0,0.0,0.0,0.0,0.0,0.0,0.0,0.0
519,Rochester 51,Rochester,0,0.0,0.0,0.0,0.0,0.0,0.0,0.0,0.0,0.0,0.0,0.0,0.0,0.0,0.0,0.0,0.0,0.0,0.0,0.0,0.0,0.0,0.0,0.0,0.0,0.0,0.0,0.0,0.0,0.0,0.0,0.0,0.0,0.0,0.0,0.0,0.0,0.0,0.0,0.0,0.0,0.0,0.0,0.0,0.0,0.0,0.0,0.0,0.0,0.0,0.0,0.0,0.0
520,Rochester 60,Rochester,0,0.0,0.0,0.0,0.0,0.0,0.0,0.0,0.0,0.0,0.0,0.0,0.0,0.0,0.0,0.0,0.0,0.0,0.0,0.0,0.0,0.0,0.0,0.0,0.0,0.0,0.0,0.0,0.0,0.0,0.0,0.0,0.0,0.0,0.0,0.0,0.0,0.0,0.0,0.0,0.0,0.0,0.0,0.0,0.0,0.0,0.0,0.0,0.0,0.0,0.0,0.0,0.0
521,Rochester 8,Rochester,0,0.0,0.0,0.0,0.0,0.0,0.0,0.0,0.0,0.0,0.0,0.0,0.0,0.0,0.0,0.0,0.0,0.0,0.0,0.0,0.0,0.0,0.0,0.0,0.0,0.0,0.0,0.0,0.0,0.0,0.0,0.0,0.0,0.0,0.0,0.0,0.0,0.0,0.0,0.0,0.0,0.0,0.0,0.0,0.0,0.0,0.0,0.0,0.0,0.0,0.0,0.0,0.0
522,Shepparton 12,Shepparton Bears,0,0.0,0.0,0.0,0.0,0.0,0.0,0.0,0.0,0.0,0.0,0.0,0.0,0.0,0.0,0.0,0.0,0.0,0.0,0.0,0.0,0.0,0.0,0.0,0.0,0.0,0.0,0.0,0.0,0.0,0.0,0.0,0.0,0.0,0.0,0.0,0.0,0.0,0.0,0.0,0.0,0.0,0.0,0.0,0.0,0.0,0.0,0.0,0.0,0.0,0.0,0.0,0.0
523,Dashiell Smith,Shepparton Swans,0,0.0,0.0,0.0,0.0,0.0,0.0,0.0,0.0,0.0,0.0,0.0,0.0,0.0,0.0,0.0,0.0,0.0,0.0,0.0,0.0,0.0,0.0,0.0,0.0,0.0,0.0,0.0,0.0,0.0,0.0,0.0,0.0,0.0,0.0,0.0,0.0,0.0,0.0,0.0,0.0,0.0,0.0,0.0,0.0,0.0,0.0,0.0,0.0,0.0,0.0,0.0,0.0
524,Swans 20,Shepparton Swans,0,0.0,0.0,0.0,0.0,0.0,0.0,0.0,0.0,0.0,0.0,0.0,0.0,0.0,0.0,0.0,0.0,0.0,0.0,0.0,0.0,0.0,0.0,0.0,0.0,0.0,0.0,0.0,0.0,0.0,0.0,0.0,0.0,0.0,0.0,0.0,0.0,0.0,0.0,0.0,0.0,0.0,0.0,0.0,0.0,0.0,0.0,0.0,0.0,0.0,0.0,0.0,0.0
525,Shep United 28,Shepparton United,0,0.0,0.0,0.0,0.0,0.0,0.0,0.0,0.0,0.0,0.0,0.0,0.0,0.0,0.0,0.0,0.0,0.0,0.0,0.0,0.0,0.0,0.0,0.0,0.0,0.0,0.0,0.0,0.0,0.0,0.0,0.0,0.0,0.0,0.0,0.0,0.0,0.0,0.0,0.0,0.0,0.0,0.0,0.0,0.0,0.0,0.0,0.0,0.0,0.0,0.0,0.0,0.0
526,Jacob Chessells,Tatura,0,0.0,0.0,0.0,0.0,0.0,0.0,0.0,0.0,0.0,0.0,0.0,0.0,0.0,0.0,0.0,0.0,0.0,0.0,0.0,0.0,0.0,0.0,0.0,0.0,0.0,0.0,0.0,0.0,0.0,0.0,0.0,0.0,0.0,0.0,0.0,0.0,0.0,0.0,0.0,0.0,0.0,0.0,0.0,0.0,0.0,0.0,0.0,0.0,0.0,0.0,0.0,0.0
527,Kade Gall,Tatura,0,0.0,0.0,0.0,0.0,0.0,0.0,0.0,0.0,0.0,0.0,0.0,0.0,0.0,0.0,0.0,0.0,0.0,0.0,0.0,0.0,0.0,0.0,0.0,0.0,0.0,0.0,0.0,0.0,0.0,0.0,0.0,0.0,0.0,0.0,0.0,0.0,0.0,0.0,0.0,0.0,0.0,0.0,0.0,0.0,0.0,0.0,0.0,0.0,0.0,0.0,0.0,0.0
528,Tatura 40,Tatura,0,0.0,0.0,0.0,0.0,0.0,0.0,0.0,0.0,0.0,0.0,0.0,0.0,0.0,0.0,0.0,0.0,0.0,0.0,0.0,0.0,0.0,0.0,0.0,0.0,0.0,0.0,0.0,0.0,0.0,0.0,0.0,0.0,0.0,0.0,0.0,0.0,0.0,0.0,0.0,0.0,0.0,0.0,0.0,0.0,0.0,0.0,0.0,0.0,0.0,0.0,0.0,0.0
529,Tatura 5,Tatura,0,0.0,0.0,0.0,0.0,0.0,0.0,0.0,0.0,0.0,0.0,0.0,0.0,0.0,0.0,0.0,0.0,0.0,0.0,0.0,0.0,0.0,0.0,0.0,0.0,0.0,0.0,0.0,0.0,0.0,0.0,0.0,0.0,0.0,0.0,0.0,0.0,0.0,0.0,0.0,0.0,0.0,0.0,0.0,0.0,0.0,0.0,0.0,0.0,0.0,0.0,0.0,0.0
530,Tatura 61,Tatura,0,0.0,0.0,0.0,0.0,0.0,0.0,0.0,0.0,0.0,0.0,0.0,0.0,0.0,0.0,0.0,0.0,0.0,0.0,0.0,0.0,0.0,0.0,0.0,0.0,0.0,0.0,0.0,0.0,0.0,0.0,0.0,0.0,0.0,0.0,0.0,0.0,0.0,0.0,0.0,0.0,0.0,0.0,0.0,0.0,0.0,0.0,0.0,0.0,0.0,0.0,0.0,0.0
531,Tatura 62,Tatura,0,0.0,0.0,0.0,0.0,0.0,0.0,0.0,0.0,0.0,0.0,0.0,0.0,0.0,0.0,0.0,0.0,0.0,0.0,0.0,0.0,0.0,0.0,0.0,0.0,0.0,0.0,0.0,0.0,0.0,0.0,0.0,0.0,0.0,0.0,0.0,0.0,0.0,0.0,0.0,0.0,0.0,0.0,0.0,0.0,0.0,0.0,0.0,0.0,0.0,0.0,0.0,0.0
532,Tatura 64,Tatura,0,0.0,0.0,0.0,0.0,0.0,0.0,0.0,0.0,0.0,0.0,0.0,0.0,0.0,0.0,0.0,0.0,0.0,0.0,0.0,0.0,0.0,0.0,0.0,0.0,0.0,0.0,0.0,0.0,0.0,0.0,0.0,0.0,0.0,0.0,0.0,0.0,0.0,0.0,0.0,0.0,0.0,0.0,0.0,0.0,0.0,0.0,0.0,0.0,0.0,0.0,0.0,0.0
533,Tatura 67,Tatura,0,0.0,0.0,0.0,0.0,0.0,0.0,0.0,0.0,0.0,0.0,0.0,0.0,0.0,0.0,0.0,0.0,0.0,0.0,0.0,0.0,0.0,0.0,0.0,0.0,0.0,0.0,0.0,0.0,0.0,0.0,0.0,0.0,0.0,0.0,0.0,0.0,0.0,0.0,0.0,0.0,0.0,0.0,0.0,0.0,0.0,0.0,0.0,0.0,0.0,0.0,0.0,0.0
534,Trey White,Rochester,1,-1.0,2.0,1.0,1.0,0.0,0.0,0.0,0.0,0.0,0.0,0.0,0.0,0.0,0.0,0.0,0.0,0.0,0.0,0.0,0.0,0.0,0.0,0.0,0.0,0.0,0.0,0.0,0.0,0.0,1.0,0.0,1.0,0.0,0.0,0.0,1.0,0.0,0.0,0.0,0.0,1.0,0.0,0.0,0.0,0.0,0.0,50.0,0.0,100.0,0.0,0.0,0.0
