Scenario,Month,Product ID,Region,Units,Sales
Budget,2026-01-01,101,North America,1,1493.5
Budget,2026-01-01,101,Europe,6,8781.78
Budget,2026-01-01,101,Asia Pacific,1,1493.5
Budget,2026-01-01,102,North America,1,1236.0
Budget,2026-01-01,102,Europe,2,2472.0
Budget,2026-01-01,102,Asia Pacific,11,13188.12
Budget,2026-01-01,103,North America,3,2495.18
Budget,2026-01-01,103,Europe,2,1751.0
Budget,2026-01-01,104,North America,3,988.8
Budget,2026-01-01,104,Europe,3,922.88
Budget,2026-01-01,104,Asia Pacific,1,329.6
Budget,2026-01-01,106,North America,22,1474.32
Budget,2026-01-01,106,Europe,18,1381.81
Budget,2026-01-01,106,Asia Pacific,9,647.45
Budget,2026-01-01,107,North America,44,2002.8
Budget,2026-01-01,107,Europe,34,1575.9
Budget,2026-01-01,107,Asia Pacific,11,509.85
Budget,2026-01-01,108,North America,9,105.68
Budget,2026-01-01,108,Europe,36,444.96
Budget,2026-01-01,108,Asia Pacific,11,121.68
Budget,2026-01-01,109,North America,27,1453.07
Budget,2026-01-01,109,Europe,15,784.38
Budget,2026-01-01,109,Asia Pacific,41,2256.74
Budget,2026-01-01,110,North America,10,330.46
Budget,2026-01-01,110,Europe,16,576.8
Budget,2026-01-01,110,Asia Pacific,28,985.17
Budget,2026-01-01,111,North America,21,1405.95
Budget,2026-01-01,111,Europe,63,4108.64
Budget,2026-01-01,111,Asia Pacific,11,714.36
Budget,2026-01-01,112,North America,9,648.9
Budget,2026-01-01,112,Europe,3,216.3
Budget,2026-01-01,112,Asia Pacific,16,1050.6
Budget,2026-01-01,113,North America,49,1371.41
Budget,2026-01-01,113,Europe,11,312.48
Budget,2026-01-01,113,Asia Pacific,11,317.24
Budget,2026-01-01,114,Europe,11,1305.22
Budget,2026-01-01,114,Asia Pacific,11,1359.6
Budget,2026-01-01,115,North America,24,317.24
Budget,2026-01-01,115,Europe,39,552.74
Budget,2026-01-01,115,Asia Pacific,29,384.4
Budget,2026-01-01,116,North America,30,1425.52
Budget,2026-01-01,116,Europe,17,840.48
Budget,2026-01-01,117,North America,16,577.04
Budget,2026-01-01,117,Europe,7,260.28
Budget,2026-01-01,117,Asia Pacific,29,1095.77
Budget,2026-01-01,118,North America,19,474.86
Budget,2026-01-01,118,Europe,34,840.48
Budget,2026-01-01,118,Asia Pacific,28,715.23
Budget,2026-01-01,119,North America,16,1300.74
Budget,2026-01-01,119,Europe,57,4642.98
Budget,2026-01-01,120,North America,47,2648.72
Budget,2026-01-01,120,Europe,7,432.6
Budget,2026-01-01,120,Asia Pacific,12,741.6
Budget,2026-02-01,101,North America,3,4256.48
Budget,2026-02-01,102,North America,12,13753.31
Budget,2026-02-01,102,Europe,2,2472.0
Budget,2026-02-01,102,Asia Pacific,2,2101.2
Budget,2026-02-01,103,North America,2,1751.0
Budget,2026-02-01,103,Europe,7,5822.07
Budget,2026-02-01,103,Asia Pacific,1,831.73
Budget,2026-02-01,104,North America,1,296.64
Budget,2026-02-01,104,Europe,11,3408.06
Budget,2026-02-01,105,North America,2,5356.0
Budget,2026-02-01,105,Asia Pacific,11,27985.1
Budget,2026-02-01,106,North America,11,849.75
Budget,2026-02-01,106,Europe,1,73.39
Budget,2026-02-01,106,Asia Pacific,37,2780.3
Budget,2026-02-01,107,North America,3,125.15
Budget,2026-02-01,107,Asia Pacific,20,896.1
Budget,2026-02-01,108,North America,4,47.59
Budget,2026-02-01,108,Europe,11,127.8
Budget,2026-02-01,108,Asia Pacific,10,119.48
Budget,2026-02-01,109,North America,16,896.69
Budget,2026-02-01,109,Europe,6,339.9
Budget,2026-02-01,109,Asia Pacific,1,53.82
Budget,2026-02-01,110,North America,15,515.79
Budget,2026-02-01,110,Europe,8,288.4
Budget,2026-02-01,110,Asia Pacific,6,203.32
Budget,2026-02-01,111,North America,31,2049.51
Budget,2026-02-01,111,Europe,46,2982.05
Budget,2026-02-01,111,Asia Pacific,27,1758.69
Budget,2026-02-01,112,North America,57,3936.45
Budget,2026-02-01,112,Asia Pacific,8,576.8
Budget,2026-02-01,113,North America,13,332.74
Budget,2026-02-01,113,Asia Pacific,16,453.2
Budget,2026-02-01,114,North America,3,370.8
Budget,2026-02-01,114,Europe,9,1091.54
Budget,2026-02-01,114,Asia Pacific,18,2085.75
Budget,2026-02-01,115,North America,30,418.98
Budget,2026-02-01,115,Europe,27,382.04
Budget,2026-02-01,115,Asia Pacific,8,110.42
Budget,2026-02-01,116,North America,31,1346.53
Budget,2026-02-01,116,Europe,21,980.86
Budget,2026-02-01,116,Asia Pacific,10,494.4
Budget,2026-02-01,117,North America,19,730.54
Budget,2026-02-01,117,Europe,12,456.87
Budget,2026-02-01,118,North America,25,621.8
Budget,2026-02-01,118,Europe,10,236.04
Budget,2026-02-01,118,Asia Pacific,7,166.73
Budget,2026-02-01,119,North America,7,561.78
Budget,2026-02-01,119,Asia Pacific,6,499.03
Budget,2026-02-01,120,North America,11,649.21
Budget,2026-02-01,120,Europe,8,452.02
Budget,2026-02-01,120,Asia Pacific,7,432.6
Budget,2026-03-01,101,North America,7,9931.77
Budget,2026-03-01,101,Asia Pacific,7,10454.5
Budget,2026-03-01,102,North America,1,1112.4
Budget,2026-03-01,102,Europe,6,6971.04
Budget,2026-03-01,102,Asia Pacific,12,14427.49
Budget,2026-03-01,103,North America,9,7091.55
Budget,2026-03-01,103,Europe,9,6894.56
Budget,2026-03-01,103,Asia Pacific,6,4675.17
Budget,2026-03-01,104,North America,2,626.24
Budget,2026-03-01,104,Europe,2,642.72
Budget,2026-03-01,104,Asia Pacific,7,2076.48
Budget,2026-03-01,105,North America,10,25589.78
Budget,2026-03-01,105,Europe,8,21424.0
Budget,2026-03-01,105,Asia Pacific,7,18746.0
Budget,2026-03-01,106,North America,17,1313.25
Budget,2026-03-01,106,Europe,24,1774.54
Budget,2026-03-01,106,Asia Pacific,30,2085.75
Budget,2026-03-01,107,North America,20,927.0
Budget,2026-03-01,107,Europe,15,663.16
Budget,2026-03-01,107,Asia Pacific,26,1168.42
Budget,2026-03-01,108,North America,19,211.36
Budget,2026-03-01,108,Europe,12,136.18
Budget,2026-03-01,108,Asia Pacific,9,110.54
Budget,2026-03-01,109,North America,50,2807.32
Budget,2026-03-01,109,Europe,54,3001.74
Budget,2026-03-01,109,Asia Pacific,12,621.09
Budget,2026-03-01,110,North America,17,592.42
Budget,2026-03-01,110,Europe,28,985.17
Budget,2026-03-01,110,Asia Pacific,6,216.3
Budget,2026-03-01,111,North America,16,1029.12
Budget,2026-03-01,111,Europe,47,3023.03
Budget,2026-03-01,111,Asia Pacific,2,133.9
Budget,2026-03-01,112,North America,24,1606.8
Budget,2026-03-01,112,Europe,27,1800.7
Budget,2026-03-01,112,Asia Pacific,24,1648.0
Budget,2026-03-01,113,North America,64,1734.04
Budget,2026-03-01,113,Europe,34,892.31
Budget,2026-03-01,113,Asia Pacific,6,157.47
Budget,2026-03-01,114,North America,13,1546.55
Budget,2026-03-01,114,Europe,26,3101.82
Budget,2026-03-01,114,Asia Pacific,1,123.6
Budget,2026-03-01,115,North America,12,173.04
Budget,2026-03-01,115,Europe,7,87.48
Budget,2026-03-01,115,Asia Pacific,15,216.3
Budget,2026-03-01,116,North America,30,1411.79
Budget,2026-03-01,116,Europe,3,138.43
Budget,2026-03-01,116,Asia Pacific,6,287.74
Budget,2026-03-01,117,North America,28,1056.47
Budget,2026-03-01,117,Europe,20,708.87
Budget,2026-03-01,117,Asia Pacific,47,1813.3
Budget,2026-03-01,118,North America,1,21.89
Budget,2026-03-01,118,Europe,9,217.27
Budget,2026-03-01,118,Asia Pacific,25,558.89
Budget,2026-03-01,119,North America,25,2139.01
Budget,2026-03-01,119,Europe,26,2256.51
Budget,2026-03-01,119,Asia Pacific,52,4433.84
Budget,2026-03-01,120,North America,22,1342.61
Budget,2026-03-01,120,Europe,28,1720.02
Budget,2026-03-01,120,Asia Pacific,8,494.4
Budget,2026-04-01,101,North America,3,4480.5
Budget,2026-04-01,101,Europe,26,36636.2
Budget,2026-04-01,101,Asia Pacific,4,5301.93
Budget,2026-04-01,102,North America,3,3522.6
Budget,2026-04-01,102,Europe,10,12016.67
Budget,2026-04-01,103,North America,10,8122.69
Budget,2026-04-01,103,Asia Pacific,8,6853.91
Budget,2026-04-01,104,North America,1,280.16
Budget,2026-04-01,104,Europe,7,2191.84
Budget,2026-04-01,104,Asia Pacific,1,329.6
Budget,2026-04-01,105,North America,2,5356.0
Budget,2026-04-01,105,Europe,12,30967.42
Budget,2026-04-01,105,Asia Pacific,8,20811.89
Budget,2026-04-01,106,North America,53,3924.38
Budget,2026-04-01,106,Europe,53,4068.12
Budget,2026-04-01,106,Asia Pacific,18,1360.08
Budget,2026-04-01,107,North America,20,896.1
Budget,2026-04-01,107,Europe,73,3284.65
Budget,2026-04-01,107,Asia Pacific,21,970.79
Budget,2026-04-01,108,North America,47,563.63
Budget,2026-04-01,108,Europe,35,403.29
Budget,2026-04-01,108,Asia Pacific,38,460.7
Budget,2026-04-01,109,North America,46,2567.76
Budget,2026-04-01,109,Europe,34,1881.16
Budget,2026-04-01,109,Asia Pacific,67,3650.05
Budget,2026-04-01,110,North America,25,876.67
Budget,2026-04-01,110,Europe,17,557.69
Budget,2026-04-01,110,Asia Pacific,12,432.6
Budget,2026-04-01,111,North America,13,863.1
Budget,2026-04-01,111,Europe,35,2275.22
Budget,2026-04-01,111,Asia Pacific,11,736.45
Budget,2026-04-01,112,North America,27,1942.64
Budget,2026-04-01,112,Europe,21,1482.22
Budget,2026-04-01,112,Asia Pacific,12,794.41
Budget,2026-04-01,113,North America,38,1013.73
Budget,2026-04-01,113,Europe,39,1095.84
Budget,2026-04-01,113,Asia Pacific,35,936.14
Budget,2026-04-01,114,North America,48,5525.78
Budget,2026-04-01,114,Europe,9,1022.02
Budget,2026-04-01,114,Asia Pacific,27,3239.87
Budget,2026-04-01,115,North America,46,661.7
Budget,2026-04-01,115,Europe,34,490.28
Budget,2026-04-01,115,Asia Pacific,63,841.95
Budget,2026-04-01,116,North America,8,372.92
Budget,2026-04-01,116,Europe,47,2262.82
Budget,2026-04-01,116,Asia Pacific,57,2641.26
Budget,2026-04-01,117,North America,64,2423.66
Budget,2026-04-01,117,Europe,35,1274.89
Budget,2026-04-01,117,Asia Pacific,24,925.94
Budget,2026-04-01,118,North America,59,1504.92
Budget,2026-04-01,118,Europe,15,380.31
Budget,2026-04-01,118,Asia Pacific,7,165.23
Budget,2026-04-01,119,North America,12,1036.27
Budget,2026-04-01,119,Europe,38,3292.65
Budget,2026-04-01,119,Asia Pacific,21,1688.56
Budget,2026-04-01,120,North America,46,2776.93
Budget,2026-04-01,120,Europe,15,873.52
Budget,2026-04-01,120,Asia Pacific,44,2632.05
Budget,2026-05-01,101,North America,10,14354.19
Budget,2026-05-01,101,Europe,2,2987.0
Budget,2026-05-01,101,Asia Pacific,1,1493.5
Budget,2026-05-01,102,North America,3,3337.2
Budget,2026-05-01,102,Europe,17,20591.76
Budget,2026-05-01,102,Asia Pacific,8,9393.6
Budget,2026-05-01,103,Europe,2,1751.0
Budget,2026-05-01,103,Asia Pacific,2,1751.0
Budget,2026-05-01,104,North America,11,3371.81
Budget,2026-05-01,104,Asia Pacific,4,1318.4
Budget,2026-05-01,105,North America,6,15746.64
Budget,2026-05-01,105,Europe,12,31551.71
Budget,2026-05-01,105,Asia Pacific,3,7632.3
Budget,2026-05-01,106,North America,2,154.5
Budget,2026-05-01,106,Europe,54,4123.7
Budget,2026-05-01,106,Asia Pacific,15,1060.7
Budget,2026-05-01,107,North America,59,2626.3
Budget,2026-05-01,107,Europe,13,587.49
Budget,2026-05-01,107,Asia Pacific,62,2792.71
Budget,2026-05-01,108,North America,18,222.48
Budget,2026-05-01,108,Europe,44,508.98
Budget,2026-05-01,108,Asia Pacific,1,12.36
Budget,2026-05-01,109,North America,53,2740.53
Budget,2026-05-01,109,Europe,27,1472.19
Budget,2026-05-01,109,Asia Pacific,36,1982.04
Budget,2026-05-01,110,North America,60,1976.74
Budget,2026-05-01,110,Europe,13,466.7
Budget,2026-05-01,110,Asia Pacific,27,951.04
Budget,2026-05-01,111,North America,58,3588.13
Budget,2026-05-01,111,Europe,41,2659.63
Budget,2026-05-01,111,Asia Pacific,54,3366.75
Budget,2026-05-01,112,North America,49,3203.7
Budget,2026-05-01,112,Europe,29,1986.36
Budget,2026-05-01,112,Asia Pacific,31,2235.1
Budget,2026-05-01,113,North America,41,1053.01
Budget,2026-05-01,113,Europe,21,562.61
Budget,2026-05-01,114,North America,26,3199.63
Budget,2026-05-01,114,Europe,22,2637.62
Budget,2026-05-01,114,Asia Pacific,37,4517.77
Budget,2026-05-01,115,North America,44,615.77
Budget,2026-05-01,115,Europe,64,881.59
Budget,2026-05-01,115,Asia Pacific,17,242.69
Budget,2026-05-01,116,North America,90,4257.71
Budget,2026-05-01,116,Europe,30,1428.27
Budget,2026-05-01,116,Asia Pacific,16,782.56
Budget,2026-05-01,117,North America,16,621.77
Budget,2026-05-01,117,Europe,52,1986.61
Budget,2026-05-01,117,Asia Pacific,45,1761.3
Budget,2026-05-01,118,North America,40,988.51
Budget,2026-05-01,118,Europe,41,957.31
Budget,2026-05-01,118,Asia Pacific,16,382.57
Budget,2026-05-01,119,North America,20,1673.18
Budget,2026-05-01,119,Europe,50,4343.45
Budget,2026-05-01,119,Asia Pacific,29,2538.95
Budget,2026-05-01,120,North America,24,1483.2
Budget,2026-05-01,120,Europe,18,1028.97
Budget,2026-05-01,120,Asia Pacific,43,2510.54
Budget,2026-06-01,101,North America,6,8961.0
Budget,2026-06-01,101,Europe,1,1418.83
Budget,2026-06-01,101,Asia Pacific,7,9409.05
Budget,2026-06-01,102,North America,10,12085.33
Budget,2026-06-01,102,Europe,2,2101.2
Budget,2026-06-01,102,Asia Pacific,7,8219.4
Budget,2026-06-01,103,North America,13,10243.35
Budget,2026-06-01,103,Europe,4,3502.0
Budget,2026-06-01,103,Asia Pacific,3,2320.07
Budget,2026-06-01,104,North America,10,3186.13
Budget,2026-06-01,104,Europe,20,5841.24
Budget,2026-06-01,104,Asia Pacific,15,4696.8
Budget,2026-06-01,105,North America,3,7766.2
Budget,2026-06-01,105,Europe,13,31622.72
Budget,2026-06-01,105,Asia Pacific,3,8034.0
Budget,2026-06-01,106,North America,37,2749.98
Budget,2026-06-01,106,Europe,39,2986.93
Budget,2026-06-01,106,Asia Pacific,22,1657.01
Budget,2026-06-01,107,North America,74,3336.36
Budget,2026-06-01,107,Europe,63,2862.69
Budget,2026-06-01,107,Asia Pacific,30,1344.15
Budget,2026-06-01,108,North America,34,411.84
Budget,2026-06-01,108,Europe,71,839.95
Budget,2026-06-01,108,Asia Pacific,8,91.11
Budget,2026-06-01,109,North America,17,963.05
Budget,2026-06-01,109,Europe,37,1915.03
Budget,2026-06-01,109,Asia Pacific,18,952.78
Budget,2026-06-01,110,North America,16,502.64
Budget,2026-06-01,110,Europe,21,743.1
Budget,2026-06-01,110,Asia Pacific,17,610.81
Budget,2026-06-01,111,North America,22,1469.22
Budget,2026-06-01,111,Europe,7,433.5
Budget,2026-06-01,111,Asia Pacific,71,4719.5
Budget,2026-06-01,112,North America,34,2283.89
Budget,2026-06-01,112,Europe,17,1164.41
Budget,2026-06-01,112,Asia Pacific,35,2523.5
Budget,2026-06-01,113,North America,65,1811.57
Budget,2026-06-01,113,Europe,28,760.68
Budget,2026-06-01,113,Asia Pacific,37,1018.58
Budget,2026-06-01,114,North America,20,2238.53
Budget,2026-06-01,114,Europe,13,1486.29
Budget,2026-06-01,114,Asia Pacific,22,2678.41
Budget,2026-06-01,115,North America,41,567.25
Budget,2026-06-01,115,Europe,37,533.54
Budget,2026-06-01,115,Asia Pacific,18,257.13
Budget,2026-06-01,116,North America,35,1635.51
Budget,2026-06-01,116,Europe,34,1647.34
Budget,2026-06-01,116,Asia Pacific,62,2906.44
Budget,2026-06-01,117,North America,28,977.56
Budget,2026-06-01,117,Europe,58,2270.12
Budget,2026-06-01,117,Asia Pacific,26,1011.0
Budget,2026-06-01,118,North America,19,450.4
Budget,2026-06-01,118,Europe,27,660.49
Budget,2026-06-01,118,Asia Pacific,48,1233.13
Budget,2026-06-01,119,North America,35,2970.35
Budget,2026-06-01,119,Europe,7,592.42
Budget,2026-06-01,119,Asia Pacific,16,1220.7
Budget,2026-06-01,120,North America,22,1342.61
Budget,2026-06-01,120,Europe,55,3277.61
Budget,2026-06-01,120,Asia Pacific,44,2621.59
Budget,2026-07-01,101,North America,1,1493.5
Budget,2026-07-01,101,Europe,4,5974.0
Budget,2026-07-01,101,Asia Pacific,10,13939.33
Budget,2026-07-01,102,North America,12,14360.07
Budget,2026-07-01,102,Europe,3,3646.2
Budget,2026-07-01,102,Asia Pacific,3,3522.6
Budget,2026-07-01,103,North America,7,6128.5
Budget,2026-07-01,103,Europe,10,7976.78
Budget,2026-07-01,103,Asia Pacific,3,2626.5
Budget,2026-07-01,104,North America,6,1898.5
Budget,2026-07-01,104,Asia Pacific,1,329.6
Budget,2026-07-01,105,North America,17,45222.49
Budget,2026-07-01,105,Europe,17,42794.44
Budget,2026-07-01,105,Asia Pacific,7,15934.1
Budget,2026-07-01,106,North America,31,2330.6
Budget,2026-07-01,106,Europe,22,1691.0
Budget,2026-07-01,106,Asia Pacific,6,454.23
Budget,2026-07-01,107,North America,39,1725.01
Budget,2026-07-01,107,Europe,26,1199.86
Budget,2026-07-01,107,Asia Pacific,13,572.42
Budget,2026-07-01,108,North America,11,127.8
Budget,2026-07-01,108,Europe,40,451.83
Budget,2026-07-01,108,Asia Pacific,4,49.44
Budget,2026-07-01,109,North America,13,711.9
Budget,2026-07-01,109,Europe,35,1937.98
Budget,2026-07-01,109,Asia Pacific,11,623.15
Budget,2026-07-01,110,North America,25,901.25
Budget,2026-07-01,110,Europe,54,1812.86
Budget,2026-07-01,110,Asia Pacific,31,1101.59
Budget,2026-07-01,111,North America,39,2588.67
Budget,2026-07-01,111,Europe,44,2779.63
Budget,2026-07-01,111,Asia Pacific,64,4115.66
Budget,2026-07-01,112,North America,36,2522.6
Budget,2026-07-01,112,Europe,28,1857.3
Budget,2026-07-01,113,North America,56,1610.19
Budget,2026-07-01,113,Europe,71,2010.26
Budget,2026-07-01,113,Asia Pacific,26,717.24
Budget,2026-07-01,114,North America,25,3061.91
Budget,2026-07-01,114,Europe,19,2286.24
Budget,2026-07-01,114,Asia Pacific,17,2003.14
Budget,2026-07-01,115,North America,48,664.8
Budget,2026-07-01,115,Europe,38,498.8
Budget,2026-07-01,115,Asia Pacific,20,276.38
Budget,2026-07-01,116,North America,19,903.44
Budget,2026-07-01,116,Europe,15,698.82
Budget,2026-07-01,116,Asia Pacific,16,714.76
Budget,2026-07-01,117,North America,21,776.52
Budget,2026-07-01,117,Europe,37,1388.94
Budget,2026-07-01,117,Asia Pacific,7,273.98
Budget,2026-07-01,118,North America,22,543.84
Budget,2026-07-01,118,Europe,29,746.75
Budget,2026-07-01,118,Asia Pacific,17,385.22
Budget,2026-07-01,119,North America,36,3151.8
Budget,2026-07-01,119,Europe,31,2563.81
Budget,2026-07-01,119,Asia Pacific,9,753.48
Budget,2026-07-01,120,North America,2,111.24
Budget,2026-07-01,120,Europe,30,1723.53
Budget,2026-07-01,120,Asia Pacific,1,61.8
Budget,2026-08-01,101,North America,8,10411.83
Budget,2026-08-01,101,Europe,11,16264.22
Budget,2026-08-01,101,Asia Pacific,10,14022.31
Budget,2026-08-01,102,North America,2,2101.2
Budget,2026-08-01,102,Europe,3,3646.2
Budget,2026-08-01,102,Asia Pacific,4,4449.6
Budget,2026-08-01,103,North America,3,2626.5
Budget,2026-08-01,103,Europe,6,4780.23
Budget,2026-08-01,103,Asia Pacific,8,7004.0
Budget,2026-08-01,104,North America,7,2191.84
Budget,2026-08-01,104,Europe,1,329.6
Budget,2026-08-01,104,Asia Pacific,2,659.2
Budget,2026-08-01,105,North America,7,16871.4
Budget,2026-08-01,105,Europe,22,56264.78
Budget,2026-08-01,105,Asia Pacific,8,20505.83
Budget,2026-08-01,106,North America,76,5469.53
Budget,2026-08-01,106,Europe,24,1739.23
Budget,2026-08-01,106,Asia Pacific,24,1854.0
Budget,2026-08-01,107,North America,19,852.16
Budget,2026-08-01,107,Europe,1,46.35
Budget,2026-08-01,107,Asia Pacific,22,976.36
Budget,2026-08-01,108,North America,63,727.93
Budget,2026-08-01,108,Europe,21,252.73
Budget,2026-08-01,108,Asia Pacific,12,144.95
Budget,2026-08-01,109,North America,26,1472.9
Budget,2026-08-01,109,Europe,20,1048.03
Budget,2026-08-01,109,Asia Pacific,31,1636.98
Budget,2026-08-01,110,North America,30,1065.48
Budget,2026-08-01,110,Europe,15,501.23
Budget,2026-08-01,110,Asia Pacific,22,703.88
Budget,2026-08-01,111,North America,47,2910.65
Budget,2026-08-01,111,Europe,55,3614.62
Budget,2026-08-01,111,Asia Pacific,38,2285.95
Budget,2026-08-01,112,North America,19,1212.76
Budget,2026-08-01,112,Europe,29,2038.63
Budget,2026-08-01,112,Asia Pacific,71,4680.32
Budget,2026-08-01,113,North America,32,830.59
Budget,2026-08-01,113,Europe,8,196.11
Budget,2026-08-01,113,Asia Pacific,49,1369.8
Budget,2026-08-01,114,North America,27,3239.87
Budget,2026-08-01,114,Europe,37,4420.76
Budget,2026-08-01,114,Asia Pacific,4,482.04
Budget,2026-08-01,115,North America,34,473.94
Budget,2026-08-01,115,Europe,8,107.12
Budget,2026-08-01,115,Asia Pacific,36,497.22
Budget,2026-08-01,116,North America,26,1263.08
Budget,2026-08-01,116,Europe,12,550.13
Budget,2026-08-01,116,Asia Pacific,39,1762.89
Budget,2026-08-01,117,North America,40,1456.88
Budget,2026-08-01,117,Europe,8,272.86
Budget,2026-08-01,117,Asia Pacific,8,313.12
Budget,2026-08-01,118,North America,8,206.0
Budget,2026-08-01,118,Europe,21,535.06
Budget,2026-08-01,118,Asia Pacific,25,605.71
Budget,2026-08-01,119,North America,39,3404.69
Budget,2026-08-01,119,Europe,27,2275.21
Budget,2026-08-01,119,Asia Pacific,24,2036.16
Budget,2026-08-01,120,North America,34,1828.04
Budget,2026-08-01,120,Europe,3,179.22
Budget,2026-08-01,120,Asia Pacific,25,1502.86
Budget,2026-09-01,101,North America,3,4331.15
Budget,2026-09-01,102,North America,6,6971.04
Budget,2026-09-01,102,Europe,9,10289.7
Budget,2026-09-01,102,Asia Pacific,4,4326.0
Budget,2026-09-01,103,North America,2,1751.0
Budget,2026-09-01,103,Europe,7,6128.5
Budget,2026-09-01,103,Asia Pacific,12,9789.68
Budget,2026-09-01,104,North America,9,2651.22
Budget,2026-09-01,104,Europe,11,3516.83
Budget,2026-09-01,104,Asia Pacific,16,5235.93
Budget,2026-09-01,105,North America,8,20352.8
Budget,2026-09-01,105,Europe,4,9908.6
Budget,2026-09-01,105,Asia Pacific,2,5356.0
Budget,2026-09-01,106,North America,24,1792.2
Budget,2026-09-01,106,Europe,53,4068.12
Budget,2026-09-01,106,Asia Pacific,12,889.08
Budget,2026-09-01,107,North America,43,1948.47
Budget,2026-09-01,107,Europe,27,1204.52
Budget,2026-09-01,107,Asia Pacific,7,292.0
Budget,2026-09-01,108,North America,13,160.68
Budget,2026-09-01,108,Europe,40,472.43
Budget,2026-09-01,108,Asia Pacific,21,237.7
Budget,2026-09-01,109,North America,7,396.55
Budget,2026-09-01,109,Europe,3,152.95
Budget,2026-09-01,109,Asia Pacific,7,356.89
Budget,2026-09-01,110,North America,20,686.95
Budget,2026-09-01,110,Europe,27,942.93
Budget,2026-09-01,110,Asia Pacific,3,108.15
Budget,2026-09-01,111,North America,6,393.67
Budget,2026-09-01,111,Europe,10,591.39
Budget,2026-09-01,111,Asia Pacific,11,721.72
Budget,2026-09-01,112,North America,49,3267.93
Budget,2026-09-01,112,Europe,19,1273.2
Budget,2026-09-01,112,Asia Pacific,35,2303.71
Budget,2026-09-01,113,North America,32,908.56
Budget,2026-09-01,113,Europe,26,704.2
Budget,2026-09-01,113,Asia Pacific,29,759.16
Budget,2026-09-01,114,North America,7,821.94
Budget,2026-09-01,114,Europe,27,3142.53
Budget,2026-09-01,114,Asia Pacific,19,2272.42
Budget,2026-09-01,115,North America,12,173.04
Budget,2026-09-01,115,Europe,25,358.04
Budget,2026-09-01,115,Asia Pacific,12,157.31
Budget,2026-09-01,116,North America,59,2795.88
Budget,2026-09-01,116,Europe,50,2345.65
Budget,2026-09-01,116,Asia Pacific,8,387.04
Budget,2026-09-01,117,North America,8,299.7
Budget,2026-09-01,117,Europe,15,587.1
Budget,2026-09-01,117,Asia Pacific,16,626.24
Budget,2026-09-01,118,North America,29,712.28
Budget,2026-09-01,118,Europe,16,412.0
Budget,2026-09-01,118,Asia Pacific,3,69.53
Budget,2026-09-01,119,North America,17,1294.86
Budget,2026-09-01,119,Europe,45,3688.59
Budget,2026-09-01,119,Asia Pacific,16,1355.77
Budget,2026-09-01,120,North America,17,973.56
Budget,2026-09-01,120,Europe,20,1236.0
Budget,2026-09-01,120,Asia Pacific,24,1401.98
Budget,2026-10-01,101,North America,2,2987.0
Budget,2026-10-01,101,Europe,6,7796.07
Budget,2026-10-01,101,Asia Pacific,4,5974.0
Budget,2026-10-01,102,Asia Pacific,3,3337.2
Budget,2026-10-01,103,North America,1,787.95
Budget,2026-10-01,103,Europe,3,2451.4
Budget,2026-10-01,103,Asia Pacific,1,875.5
Budget,2026-10-01,104,North America,3,889.92
Budget,2026-10-01,104,Europe,1,329.6
Budget,2026-10-01,105,North America,1,2276.3
Budget,2026-10-01,105,Europe,2,5356.0
Budget,2026-10-01,105,Asia Pacific,2,5356.0
Budget,2026-10-01,106,North America,8,591.51
Budget,2026-10-01,106,Europe,22,1597.53
Budget,2026-10-01,106,Asia Pacific,2,131.33
Budget,2026-10-01,107,North America,16,678.03
Budget,2026-10-01,107,Europe,43,1838.33
Budget,2026-10-01,107,Asia Pacific,6,278.1
Budget,2026-10-01,108,North America,7,77.87
Budget,2026-10-01,108,Europe,8,98.88
Budget,2026-10-01,108,Asia Pacific,7,86.52
Budget,2026-10-01,109,North America,11,563.95
Budget,2026-10-01,109,Europe,62,3384.58
Budget,2026-10-01,109,Asia Pacific,12,664.35
Budget,2026-10-01,110,North America,29,948.95
Budget,2026-10-01,110,Europe,20,721.0
Budget,2026-10-01,110,Asia Pacific,19,660.78
Budget,2026-10-01,111,North America,27,1807.65
Budget,2026-10-01,111,Europe,19,1238.38
Budget,2026-10-01,111,Asia Pacific,32,2127.62
Budget,2026-10-01,112,North America,11,745.51
Budget,2026-10-01,112,Europe,44,3001.58
Budget,2026-10-01,112,Asia Pacific,7,429.0
Budget,2026-10-01,113,North America,8,210.94
Budget,2026-10-01,113,Europe,11,285.52
Budget,2026-10-01,113,Asia Pacific,39,1018.71
Budget,2026-10-01,114,North America,29,3384.5
Budget,2026-10-01,114,Asia Pacific,6,660.02
Budget,2026-10-01,115,North America,13,182.77
Budget,2026-10-01,115,Europe,27,352.84
Budget,2026-10-01,115,Asia Pacific,3,43.26
Budget,2026-10-01,116,North America,11,519.37
Budget,2026-10-01,116,Europe,11,543.84
Budget,2026-10-01,116,Asia Pacific,12,593.28
Budget,2026-10-01,117,North America,29,1097.95
Budget,2026-10-01,117,Europe,17,665.38
Budget,2026-10-01,117,Asia Pacific,6,199.61
Budget,2026-10-01,118,North America,13,334.75
Budget,2026-10-01,118,Europe,24,618.0
Budget,2026-10-01,118,Asia Pacific,34,814.22
Budget,2026-10-01,119,North America,38,3253.51
Budget,2026-10-01,119,Europe,3,223.25
Budget,2026-10-01,119,Asia Pacific,9,787.95
Budget,2026-10-01,120,North America,19,1018.79
Budget,2026-10-01,120,Asia Pacific,8,483.81
Budget,2026-11-01,101,North America,3,4480.5
Budget,2026-11-01,101,Asia Pacific,11,16428.5
Budget,2026-11-01,102,North America,6,6674.4
Budget,2026-11-01,102,Europe,7,7786.8
Budget,2026-11-01,103,North America,3,2451.4
Budget,2026-11-01,103,Europe,6,5042.88
Budget,2026-11-01,103,Asia Pacific,3,2538.95
Budget,2026-11-01,104,North America,1,280.16
Budget,2026-11-01,104,Asia Pacific,2,642.72
Budget,2026-11-01,105,North America,1,2544.1
Budget,2026-11-01,105,Europe,18,45191.25
Budget,2026-11-01,105,Asia Pacific,6,15746.64
Budget,2026-11-01,106,North America,47,3501.08
Budget,2026-11-01,106,Europe,30,2296.04
Budget,2026-11-01,106,Asia Pacific,9,590.96
Budget,2026-11-01,107,North America,3,125.15
Budget,2026-11-01,107,Europe,16,712.47
Budget,2026-11-01,107,Asia Pacific,15,695.25
Budget,2026-11-01,108,North America,24,288.16
Budget,2026-11-01,108,Europe,69,832.21
Budget,2026-11-01,108,Asia Pacific,21,245.22
Budget,2026-11-01,109,North America,63,3521.15
Budget,2026-11-01,109,Europe,54,2839.23
Budget,2026-11-01,109,Asia Pacific,7,380.03
Budget,2026-11-01,110,North America,30,1057.47
Budget,2026-11-01,110,Europe,95,3340.14
Budget,2026-11-01,110,Asia Pacific,21,727.17
Budget,2026-11-01,111,North America,15,996.53
Budget,2026-11-01,111,Europe,46,2967.03
Budget,2026-11-01,111,Asia Pacific,35,2241.21
Budget,2026-11-01,112,North America,11,793.1
Budget,2026-11-01,112,Europe,68,4818.41
Budget,2026-11-01,112,Asia Pacific,7,479.47
Budget,2026-11-01,113,North America,35,1009.4
Budget,2026-11-01,113,Europe,1,25.96
Budget,2026-11-01,113,Asia Pacific,4,115.36
Budget,2026-11-01,114,North America,60,7237.47
Budget,2026-11-01,114,Europe,21,2342.87
Budget,2026-11-01,114,Asia Pacific,25,2935.5
Budget,2026-11-01,115,North America,37,508.48
Budget,2026-11-01,115,Europe,52,741.69
Budget,2026-11-01,115,Asia Pacific,40,550.36
Budget,2026-11-01,116,North America,26,1274.26
Budget,2026-11-01,116,Europe,19,922.78
Budget,2026-11-01,116,Asia Pacific,19,928.31
Budget,2026-11-01,117,North America,16,594.93
Budget,2026-11-01,117,Europe,15,569.04
Budget,2026-11-01,117,Asia Pacific,10,391.4
Budget,2026-11-01,118,North America,68,1723.73
Budget,2026-11-01,118,Europe,31,793.97
Budget,2026-11-01,119,North America,22,1839.43
Budget,2026-11-01,119,Europe,49,4270.45
Budget,2026-11-01,119,Asia Pacific,13,1067.02
Budget,2026-11-01,120,North America,44,2457.74
Budget,2026-11-01,120,Europe,13,803.4
Budget,2026-11-01,120,Asia Pacific,16,988.8
Budget,2026-12-01,101,North America,7,9931.77
Budget,2026-12-01,101,Europe,7,9844.65
Budget,2026-12-01,101,Asia Pacific,9,13105.46
Budget,2026-12-01,102,North America,2,2101.2
Budget,2026-12-01,102,Europe,2,2286.6
Budget,2026-12-01,102,Asia Pacific,9,10637.32
Budget,2026-12-01,103,North America,8,6803.89
Budget,2026-12-01,103,Europe,2,1751.0
Budget,2026-12-01,103,Asia Pacific,16,13707.83
Budget,2026-12-01,104,North America,16,5217.1
Budget,2026-12-01,104,Europe,18,5932.8
Budget,2026-12-01,105,North America,12,29798.84
Budget,2026-12-01,105,Asia Pacific,10,26482.44
Budget,2026-12-01,106,North America,58,4295.25
Budget,2026-12-01,106,Europe,27,2050.99
Budget,2026-12-01,106,Asia Pacific,37,2793.29
Budget,2026-12-01,107,North America,20,927.0
Budget,2026-12-01,107,Europe,24,1080.62
Budget,2026-12-01,107,Asia Pacific,11,463.96
Budget,2026-12-01,108,North America,45,534.65
Budget,2026-12-01,108,Europe,18,203.71
Budget,2026-12-01,108,Asia Pacific,26,310.88
Budget,2026-12-01,109,North America,40,2152.7
Budget,2026-12-01,109,Europe,41,2247.32
Budget,2026-12-01,109,Asia Pacific,11,623.15
Budget,2026-12-01,110,North America,35,1208.84
Budget,2026-12-01,110,Europe,10,328.46
Budget,2026-12-01,110,Asia Pacific,45,1494.5
Budget,2026-12-01,111,North America,22,1362.43
Budget,2026-12-01,111,Europe,4,267.8
Budget,2026-12-01,111,Asia Pacific,37,2296.99
Budget,2026-12-01,112,North America,17,1156.24
Budget,2026-12-01,112,Europe,15,1081.5
Budget,2026-12-01,112,Asia Pacific,58,3940.54
Budget,2026-12-01,113,North America,8,222.48
Budget,2026-12-01,113,Europe,12,327.2
Budget,2026-12-01,113,Asia Pacific,76,2104.81
Budget,2026-12-01,114,North America,18,2203.94
Budget,2026-12-01,114,Europe,15,1747.04
Budget,2026-12-01,114,Asia Pacific,17,2045.17
Budget,2026-12-01,115,North America,20,288.4
Budget,2026-12-01,115,Europe,35,504.7
Budget,2026-12-01,115,Asia Pacific,41,588.02
Budget,2026-12-01,116,North America,11,508.49
Budget,2026-12-01,116,Europe,53,2511.6
Budget,2026-12-01,116,Asia Pacific,4,168.1
Budget,2026-12-01,117,North America,56,2178.69
Budget,2026-12-01,117,Europe,43,1563.44
Budget,2026-12-01,117,Asia Pacific,39,1447.96
Budget,2026-12-01,118,North America,35,898.34
Budget,2026-12-01,118,Europe,24,563.56
Budget,2026-12-01,118,Asia Pacific,21,506.6
Budget,2026-12-01,119,North America,27,2285.06
Budget,2026-12-01,119,Europe,9,743.63
Budget,2026-12-01,119,Asia Pacific,6,525.3
Budget,2026-12-01,120,North America,38,2334.59
Budget,2026-12-01,120,Europe,20,1187.93
Budget,2026-12-01,120,Asia Pacific,27,1473.93
Q1 Forecast,2026-01-01,101,North America,4,5917.45
Q1 Forecast,2026-01-01,101,Asia Pacific,3,4380.45
Q1 Forecast,2026-01-01,102,North America,4,4452.0
Q1 Forecast,2026-01-01,102,Europe,6,7632.0
Q1 Forecast,2026-01-01,103,North America,9,7838.7
Q1 Forecast,2026-01-01,103,Europe,4,3423.8
Q1 Forecast,2026-01-01,103,Asia Pacific,2,1802.0
Q1 Forecast,2026-01-01,104,North America,10,3273.28
Q1 Forecast,2026-01-01,104,Europe,7,2357.44
Q1 Forecast,2026-01-01,104,Asia Pacific,4,1238.08
Q1 Forecast,2026-01-01,105,North America,5,12953.2
Q1 Forecast,2026-01-01,105,Europe,6,16536.0
Q1 Forecast,2026-01-01,105,Asia Pacific,4,10197.2
Q1 Forecast,2026-01-01,106,North America,20,1476.45
Q1 Forecast,2026-01-01,106,Europe,25,1889.55
Q1 Forecast,2026-01-01,106,Asia Pacific,20,1484.1
Q1 Forecast,2026-01-01,107,North America,40,1755.67
Q1 Forecast,2026-01-01,107,Europe,10,440.64
Q1 Forecast,2026-01-01,108,North America,5,56.3
Q1 Forecast,2026-01-01,108,Europe,25,283.36
Q1 Forecast,2026-01-01,108,Asia Pacific,1,12.24
Q1 Forecast,2026-01-01,109,North America,8,437.58
Q1 Forecast,2026-01-01,109,Europe,1,50.49
Q1 Forecast,2026-01-01,109,Asia Pacific,26,1436.16
Q1 Forecast,2026-01-01,110,North America,16,553.35
Q1 Forecast,2026-01-01,110,Europe,19,622.97
Q1 Forecast,2026-01-01,110,Asia Pacific,14,473.03
Q1 Forecast,2026-01-01,111,North America,37,2470.78
Q1 Forecast,2026-01-01,111,Europe,49,3224.52
Q1 Forecast,2026-01-01,111,Asia Pacific,9,608.4
Q1 Forecast,2026-01-01,112,North America,4,291.2
Q1 Forecast,2026-01-01,112,Europe,4,269.36
Q1 Forecast,2026-01-01,112,Asia Pacific,16,1055.6
Q1 Forecast,2026-01-01,113,North America,21,599.87
Q1 Forecast,2026-01-01,113,Europe,4,99.01
Q1 Forecast,2026-01-01,113,Asia Pacific,16,448.45
Q1 Forecast,2026-01-01,114,North America,11,1310.4
Q1 Forecast,2026-01-01,114,Europe,13,1622.4
Q1 Forecast,2026-01-01,114,Asia Pacific,21,2620.8
Q1 Forecast,2026-01-01,115,North America,42,600.6
Q1 Forecast,2026-01-01,115,Europe,7,99.74
Q1 Forecast,2026-01-01,115,Asia Pacific,10,145.6
Q1 Forecast,2026-01-01,116,North America,11,475.1
Q1 Forecast,2026-01-01,116,Europe,5,211.68
Q1 Forecast,2026-01-01,116,Asia Pacific,11,517.44
Q1 Forecast,2026-01-01,117,North America,27,979.41
Q1 Forecast,2026-01-01,117,Europe,28,998.03
Q1 Forecast,2026-01-01,117,Asia Pacific,3,106.13
Q1 Forecast,2026-01-01,118,North America,13,300.12
Q1 Forecast,2026-01-01,118,Europe,58,1401.4
Q1 Forecast,2026-01-01,118,Asia Pacific,4,93.1
Q1 Forecast,2026-01-01,119,North America,41,3402.8
Q1 Forecast,2026-01-01,119,Europe,1,83.3
Q1 Forecast,2026-01-01,119,Asia Pacific,8,616.42
Q1 Forecast,2026-01-01,120,North America,6,352.8
Q1 Forecast,2026-01-01,120,Europe,17,964.32
Q1 Forecast,2026-01-01,120,Asia Pacific,16,911.4
Q1 Forecast,2026-02-01,101,North America,2,2843.45
Q1 Forecast,2026-02-01,101,Europe,2,3074.0
Q1 Forecast,2026-02-01,101,Asia Pacific,4,5840.6
Q1 Forecast,2026-02-01,102,Europe,8,10176.0
Q1 Forecast,2026-02-01,102,Asia Pacific,7,8904.0
Q1 Forecast,2026-02-01,103,North America,1,855.95
Q1 Forecast,2026-02-01,103,Europe,11,9595.65
Q1 Forecast,2026-02-01,103,Asia Pacific,2,1711.9
Q1 Forecast,2026-02-01,104,North America,11,3510.72
Q1 Forecast,2026-02-01,104,Europe,4,1356.8
Q1 Forecast,2026-02-01,104,Asia Pacific,4,1255.04
Q1 Forecast,2026-02-01,105,North America,2,5236.4
Q1 Forecast,2026-02-01,105,Asia Pacific,3,7441.2
Q1 Forecast,2026-02-01,106,North America,30,2157.3
Q1 Forecast,2026-02-01,106,Europe,47,3446.32
Q1 Forecast,2026-02-01,106,Asia Pacific,5,367.2
Q1 Forecast,2026-02-01,107,North America,14,621.94
Q1 Forecast,2026-02-01,107,Europe,22,918.0
Q1 Forecast,2026-02-01,107,Asia Pacific,1,45.9
Q1 Forecast,2026-02-01,108,North America,29,334.76
Q1 Forecast,2026-02-01,108,Europe,1,12.24
Q1 Forecast,2026-02-01,108,Asia Pacific,5,59.98
Q1 Forecast,2026-02-01,109,North America,14,751.74
Q1 Forecast,2026-02-01,109,Europe,7,392.7
Q1 Forecast,2026-02-01,109,Asia Pacific,30,1683.0
Q1 Forecast,2026-02-01,110,North America,18,642.6
Q1 Forecast,2026-02-01,110,Europe,13,449.82
Q1 Forecast,2026-02-01,110,Asia Pacific,13,442.68
Q1 Forecast,2026-02-01,111,North America,4,270.4
Q1 Forecast,2026-02-01,111,Europe,12,746.98
Q1 Forecast,2026-02-01,112,North America,27,1907.36
Q1 Forecast,2026-02-01,112,Asia Pacific,1,61.88
Q1 Forecast,2026-02-01,113,North America,11,311.58
Q1 Forecast,2026-02-01,113,Europe,19,516.88
Q1 Forecast,2026-02-01,113,Asia Pacific,14,403.31
Q1 Forecast,2026-02-01,114,Europe,27,3363.36
Q1 Forecast,2026-02-01,114,Asia Pacific,22,2645.76
Q1 Forecast,2026-02-01,115,North America,63,864.86
Q1 Forecast,2026-02-01,115,Europe,16,228.59
Q1 Forecast,2026-02-01,115,Asia Pacific,13,172.54
Q1 Forecast,2026-02-01,116,North America,39,1686.38
Q1 Forecast,2026-02-01,116,Europe,18,846.72
Q1 Forecast,2026-02-01,116,Asia Pacific,27,1241.86
Q1 Forecast,2026-02-01,117,Europe,27,938.45
Q1 Forecast,2026-02-01,117,Asia Pacific,2,67.03
Q1 Forecast,2026-02-01,118,North America,3,66.15
Q1 Forecast,2026-02-01,118,Europe,22,532.88
Q1 Forecast,2026-02-01,118,Asia Pacific,6,147.0
Q1 Forecast,2026-02-01,119,North America,27,1936.72
Q1 Forecast,2026-02-01,119,Europe,33,2728.07
Q1 Forecast,2026-02-01,119,Asia Pacific,6,449.82
Q1 Forecast,2026-02-01,120,North America,16,940.8
Q1 Forecast,2026-02-01,120,Europe,4,235.2
Q1 Forecast,2026-02-01,120,Asia Pacific,6,335.16
Q1 Forecast,2026-03-01,101,North America,13,18597.7
Q1 Forecast,2026-03-01,101,Europe,1,1537.0
Q1 Forecast,2026-03-01,102,North America,3,3370.8
Q1 Forecast,2026-03-01,102,Europe,2,2544.0
Q1 Forecast,2026-03-01,102,Asia Pacific,4,4960.8
Q1 Forecast,2026-03-01,103,North America,4,3604.0
Q1 Forecast,2026-03-01,103,Europe,2,1802.0
Q1 Forecast,2026-03-01,103,Asia Pacific,1,901.0
Q1 Forecast,2026-03-01,104,North America,5,1662.08
Q1 Forecast,2026-03-01,104,Europe,7,2272.64
Q1 Forecast,2026-03-01,104,Asia Pacific,1,339.2
Q1 Forecast,2026-03-01,105,North America,5,13642.2
Q1 Forecast,2026-03-01,105,Europe,4,10197.2
Q1 Forecast,2026-03-01,106,North America,28,2034.9
Q1 Forecast,2026-03-01,106,Europe,13,956.25
Q1 Forecast,2026-03-01,106,Asia Pacific,14,975.38
Q1 Forecast,2026-03-01,107,North America,28,1195.69
Q1 Forecast,2026-03-01,107,Asia Pacific,37,1670.76
Q1 Forecast,2026-03-01,108,North America,44,508.57
Q1 Forecast,2026-03-01,108,Europe,3,36.72
Q1 Forecast,2026-03-01,108,Asia Pacific,23,263.77
Q1 Forecast,2026-03-01,109,North America,33,1792.39
Q1 Forecast,2026-03-01,109,Europe,6,336.6
Q1 Forecast,2026-03-01,109,Asia Pacific,85,4532.88
Q1 Forecast,2026-03-01,110,North America,9,289.17
Q1 Forecast,2026-03-01,110,Europe,13,458.75
Q1 Forecast,2026-03-01,110,Asia Pacific,5,167.79
Q1 Forecast,2026-03-01,111,North America,38,2460.64
Q1 Forecast,2026-03-01,111,Asia Pacific,14,885.56
Q1 Forecast,2026-03-01,112,North America,23,1554.28
Q1 Forecast,2026-03-01,112,Asia Pacific,6,436.8
Q1 Forecast,2026-03-01,113,North America,72,2012.19
Q1 Forecast,2026-03-01,113,Europe,13,378.56
Q1 Forecast,2026-03-01,113,Asia Pacific,21,563.47
Q1 Forecast,2026-03-01,114,North America,12,1460.16
Q1 Forecast,2026-03-01,114,Europe,11,1335.36
Q1 Forecast,2026-03-01,114,Asia Pacific,24,2920.32
Q1 Forecast,2026-03-01,115,North America,37,520.52
Q1 Forecast,2026-03-01,115,Europe,4,49.5
Q1 Forecast,2026-03-01,115,Asia Pacific,15,218.4
Q1 Forecast,2026-03-01,116,Europe,23,1060.75
Q1 Forecast,2026-03-01,116,Asia Pacific,22,1034.88
Q1 Forecast,2026-03-01,117,North America,16,562.32
Q1 Forecast,2026-03-01,117,Europe,3,100.55
Q1 Forecast,2026-03-01,117,Asia Pacific,8,286.75
Q1 Forecast,2026-03-01,118,North America,36,808.5
Q1 Forecast,2026-03-01,118,Europe,11,247.45
Q1 Forecast,2026-03-01,119,North America,9,708.05
Q1 Forecast,2026-03-01,119,Europe,5,416.5
Q1 Forecast,2026-03-01,119,Asia Pacific,24,1795.11
Q1 Forecast,2026-03-01,120,North America,18,926.1
Q1 Forecast,2026-03-01,120,Europe,5,264.6
Q1 Forecast,2026-03-01,120,Asia Pacific,37,2157.96
Q1 Forecast,2026-04-01,101,North America,3,4364.55
Q1 Forecast,2026-04-01,101,Europe,26,37826.1
Q1 Forecast,2026-04-01,101,Asia Pacific,4,5819.4
Q1 Forecast,2026-04-01,102,North America,3,3709.38
Q1 Forecast,2026-04-01,102,Europe,10,12364.59
Q1 Forecast,2026-04-01,103,North America,10,8759.72
Q1 Forecast,2026-04-01,103,Asia Pacific,8,7007.78
Q1 Forecast,2026-04-01,104,North America,1,325.76
Q1 Forecast,2026-04-01,104,Europe,7,2280.32
Q1 Forecast,2026-04-01,104,Asia Pacific,1,325.76
Q1 Forecast,2026-04-01,105,North America,2,5255.41
Q1 Forecast,2026-04-01,105,Europe,12,31532.44
Q1 Forecast,2026-04-01,105,Asia Pacific,8,21021.63
Q1 Forecast,2026-04-01,106,North America,53,3879.88
Q1 Forecast,2026-04-01,106,Europe,53,3879.88
Q1 Forecast,2026-04-01,106,Asia Pacific,18,1317.69
Q1 Forecast,2026-04-01,107,North America,20,874.82
Q1 Forecast,2026-04-01,107,Europe,73,3193.08
Q1 Forecast,2026-04-01,107,Asia Pacific,21,918.56
Q1 Forecast,2026-04-01,108,North America,47,541.86
Q1 Forecast,2026-04-01,108,Europe,35,403.51
Q1 Forecast,2026-04-01,108,Asia Pacific,38,438.1
Q1 Forecast,2026-04-01,109,North America,46,2500.11
Q1 Forecast,2026-04-01,109,Europe,34,1847.91
Q1 Forecast,2026-04-01,109,Asia Pacific,67,3641.46
Q1 Forecast,2026-04-01,110,North America,25,854.2
Q1 Forecast,2026-04-01,110,Europe,17,580.85
Q1 Forecast,2026-04-01,110,Asia Pacific,12,410.01
Q1 Forecast,2026-04-01,111,North America,11,719.88
Q1 Forecast,2026-04-01,111,Europe,30,1963.3
Q1 Forecast,2026-04-01,111,Asia Pacific,9,588.99
Q1 Forecast,2026-04-01,112,North America,23,1583.44
Q1 Forecast,2026-04-01,112,Europe,18,1239.22
Q1 Forecast,2026-04-01,112,Asia Pacific,10,688.45
Q1 Forecast,2026-04-01,113,North America,32,893.54
Q1 Forecast,2026-04-01,113,Europe,33,921.47
Q1 Forecast,2026-04-01,113,Asia Pacific,30,837.7
Q1 Forecast,2026-04-01,114,North America,41,5024.26
Q1 Forecast,2026-04-01,114,Europe,8,980.34
Q1 Forecast,2026-04-01,114,Asia Pacific,23,2818.49
Q1 Forecast,2026-04-01,115,North America,39,546.44
Q1 Forecast,2026-04-01,115,Europe,29,406.33
Q1 Forecast,2026-04-01,115,Asia Pacific,54,756.61
Q1 Forecast,2026-04-01,116,North America,7,317.46
Q1 Forecast,2026-04-01,116,Europe,40,1814.06
Q1 Forecast,2026-04-01,116,Asia Pacific,49,2222.22
Q1 Forecast,2026-04-01,117,North America,55,1948.48
Q1 Forecast,2026-04-01,117,Europe,30,1062.81
Q1 Forecast,2026-04-01,117,Asia Pacific,20,708.54
Q1 Forecast,2026-04-01,118,North America,50,1175.36
Q1 Forecast,2026-04-01,118,Europe,13,305.59
Q1 Forecast,2026-04-01,118,Asia Pacific,6,141.04
Q1 Forecast,2026-04-01,119,North America,10,788.1
Q1 Forecast,2026-04-01,119,Europe,32,2521.93
Q1 Forecast,2026-04-01,119,Asia Pacific,18,1418.59
Q1 Forecast,2026-04-01,120,North America,39,2211.56
Q1 Forecast,2026-04-01,120,Europe,13,737.19
Q1 Forecast,2026-04-01,120,Asia Pacific,38,2154.86
Q1 Forecast,2026-05-01,101,North America,10,14548.5
Q1 Forecast,2026-05-01,101,Europe,2,2909.7
Q1 Forecast,2026-05-01,101,Asia Pacific,1,1454.85
Q1 Forecast,2026-05-01,102,North America,3,3709.38
Q1 Forecast,2026-05-01,102,Europe,17,21019.8
Q1 Forecast,2026-05-01,102,Asia Pacific,8,9891.67
Q1 Forecast,2026-05-01,103,Europe,2,1751.94
Q1 Forecast,2026-05-01,103,Asia Pacific,2,1751.94
Q1 Forecast,2026-05-01,104,North America,11,3583.36
Q1 Forecast,2026-05-01,104,Asia Pacific,4,1303.04
Q1 Forecast,2026-05-01,105,North America,6,15766.22
Q1 Forecast,2026-05-01,105,Europe,12,31532.44
Q1 Forecast,2026-05-01,105,Asia Pacific,3,7883.11
Q1 Forecast,2026-05-01,106,North America,2,146.41
Q1 Forecast,2026-05-01,106,Europe,54,3953.08
Q1 Forecast,2026-05-01,106,Asia Pacific,15,1098.08
Q1 Forecast,2026-05-01,107,North America,59,2580.71
Q1 Forecast,2026-05-01,107,Europe,13,568.63
Q1 Forecast,2026-05-01,107,Asia Pacific,62,2711.94
Q1 Forecast,2026-05-01,108,North America,18,207.52
Q1 Forecast,2026-05-01,108,Europe,44,507.28
Q1 Forecast,2026-05-01,108,Asia Pacific,1,11.53
Q1 Forecast,2026-05-01,109,North America,53,2880.56
Q1 Forecast,2026-05-01,109,Europe,27,1467.46
Q1 Forecast,2026-05-01,109,Asia Pacific,36,1956.61
Q1 Forecast,2026-05-01,110,North America,60,2050.07
Q1 Forecast,2026-05-01,110,Europe,13,444.18
Q1 Forecast,2026-05-01,110,Asia Pacific,27,922.53
Q1 Forecast,2026-05-01,111,North America,49,3206.73
Q1 Forecast,2026-05-01,111,Europe,35,2290.52
Q1 Forecast,2026-05-01,111,Asia Pacific,46,3010.4
Q1 Forecast,2026-05-01,112,North America,42,2891.51
Q1 Forecast,2026-05-01,112,Europe,25,1721.14
Q1 Forecast,2026-05-01,112,Asia Pacific,26,1789.98
Q1 Forecast,2026-05-01,113,North America,35,977.31
Q1 Forecast,2026-05-01,113,Europe,18,502.62
Q1 Forecast,2026-05-01,114,North America,22,2695.95
Q1 Forecast,2026-05-01,114,Europe,19,2328.32
Q1 Forecast,2026-05-01,114,Asia Pacific,32,3921.38
Q1 Forecast,2026-05-01,115,North America,37,518.42
Q1 Forecast,2026-05-01,115,Europe,55,770.62
Q1 Forecast,2026-05-01,115,Asia Pacific,14,196.16
Q1 Forecast,2026-05-01,116,North America,77,3492.06
Q1 Forecast,2026-05-01,116,Europe,26,1179.14
Q1 Forecast,2026-05-01,116,Asia Pacific,14,634.92
Q1 Forecast,2026-05-01,117,North America,14,495.98
Q1 Forecast,2026-05-01,117,Europe,44,1558.79
Q1 Forecast,2026-05-01,117,Asia Pacific,38,1346.23
Q1 Forecast,2026-05-01,118,North America,34,799.24
Q1 Forecast,2026-05-01,118,Europe,35,822.75
Q1 Forecast,2026-05-01,118,Asia Pacific,14,329.1
Q1 Forecast,2026-05-01,119,North America,17,1339.78
Q1 Forecast,2026-05-01,119,Europe,43,3388.85
Q1 Forecast,2026-05-01,119,Asia Pacific,25,1970.26
Q1 Forecast,2026-05-01,120,North America,20,1134.13
Q1 Forecast,2026-05-01,120,Europe,15,850.6
Q1 Forecast,2026-05-01,120,Asia Pacific,37,2098.15
Q1 Forecast,2026-06-01,101,North America,6,8729.1
Q1 Forecast,2026-06-01,101,Europe,1,1454.85
Q1 Forecast,2026-06-01,101,Asia Pacific,7,10183.95
Q1 Forecast,2026-06-01,102,North America,10,12364.59
Q1 Forecast,2026-06-01,102,Europe,2,2472.92
Q1 Forecast,2026-06-01,102,Asia Pacific,7,8655.21
Q1 Forecast,2026-06-01,103,North America,13,11387.64
Q1 Forecast,2026-06-01,103,Europe,4,3503.89
Q1 Forecast,2026-06-01,103,Asia Pacific,3,2627.92
Q1 Forecast,2026-06-01,104,North America,10,3257.6
Q1 Forecast,2026-06-01,104,Europe,20,6515.2
Q1 Forecast,2026-06-01,104,Asia Pacific,15,4886.4
Q1 Forecast,2026-06-01,105,North America,3,7883.11
Q1 Forecast,2026-06-01,105,Europe,13,34160.14
Q1 Forecast,2026-06-01,105,Asia Pacific,3,7883.11
Q1 Forecast,2026-06-01,106,North America,37,2708.59
Q1 Forecast,2026-06-01,106,Europe,39,2855.0
Q1 Forecast,2026-06-01,106,Asia Pacific,22,1610.51
Q1 Forecast,2026-06-01,107,North America,74,3236.83
Q1 Forecast,2026-06-01,107,Europe,63,2755.68
Q1 Forecast,2026-06-01,107,Asia Pacific,30,1312.23
Q1 Forecast,2026-06-01,108,North America,34,391.99
Q1 Forecast,2026-06-01,108,Europe,71,818.56
Q1 Forecast,2026-06-01,108,Asia Pacific,8,92.23
Q1 Forecast,2026-06-01,109,North America,17,923.95
Q1 Forecast,2026-06-01,109,Europe,37,2010.96
Q1 Forecast,2026-06-01,109,Asia Pacific,18,978.3
Q1 Forecast,2026-06-01,110,North America,16,546.69
Q1 Forecast,2026-06-01,110,Europe,21,717.53
Q1 Forecast,2026-06-01,110,Asia Pacific,17,580.85
Q1 Forecast,2026-06-01,111,North America,19,1243.43
Q1 Forecast,2026-06-01,111,Europe,6,392.66
Q1 Forecast,2026-06-01,111,Asia Pacific,60,3926.61
Q1 Forecast,2026-06-01,112,North America,29,1996.52
Q1 Forecast,2026-06-01,112,Europe,14,963.84
Q1 Forecast,2026-06-01,112,Asia Pacific,30,2065.36
Q1 Forecast,2026-06-01,113,North America,55,1535.78
Q1 Forecast,2026-06-01,113,Europe,24,670.16
Q1 Forecast,2026-06-01,113,Asia Pacific,32,893.54
Q1 Forecast,2026-06-01,114,North America,17,2083.23
Q1 Forecast,2026-06-01,114,Europe,11,1347.97
Q1 Forecast,2026-06-01,114,Asia Pacific,19,2328.32
Q1 Forecast,2026-06-01,115,North America,35,490.4
Q1 Forecast,2026-06-01,115,Europe,32,448.36
Q1 Forecast,2026-06-01,115,Asia Pacific,15,210.17
Q1 Forecast,2026-06-01,116,North America,30,1360.54
Q1 Forecast,2026-06-01,116,Europe,29,1315.19
Q1 Forecast,2026-06-01,116,Asia Pacific,53,2403.62
Q1 Forecast,2026-06-01,117,North America,24,850.25
Q1 Forecast,2026-06-01,117,Europe,49,1735.92
Q1 Forecast,2026-06-01,117,Asia Pacific,22,779.39
Q1 Forecast,2026-06-01,118,North America,16,376.12
Q1 Forecast,2026-06-01,118,Europe,23,540.67
Q1 Forecast,2026-06-01,118,Asia Pacific,41,963.79
Q1 Forecast,2026-06-01,119,North America,30,2364.31
Q1 Forecast,2026-06-01,119,Europe,6,472.86
Q1 Forecast,2026-06-01,119,Asia Pacific,14,1103.35
Q1 Forecast,2026-06-01,120,North America,19,1077.43
Q1 Forecast,2026-06-01,120,Europe,47,2665.22
Q1 Forecast,2026-06-01,120,Asia Pacific,38,2154.86
Q1 Forecast,2026-07-01,101,North America,1,1454.85
Q1 Forecast,2026-07-01,101,Europe,4,5819.4
Q1 Forecast,2026-07-01,101,Asia Pacific,10,14548.5
Q1 Forecast,2026-07-01,102,North America,12,14837.51
Q1 Forecast,2026-07-01,102,Europe,3,3709.38
Q1 Forecast,2026-07-01,102,Asia Pacific,3,3709.38
Q1 Forecast,2026-07-01,103,North America,7,6131.81
Q1 Forecast,2026-07-01,103,Europe,10,8759.72
Q1 Forecast,2026-07-01,103,Asia Pacific,3,2627.92
Q1 Forecast,2026-07-01,104,North America,6,1954.56
Q1 Forecast,2026-07-01,104,Asia Pacific,1,325.76
Q1 Forecast,2026-07-01,105,North America,17,44670.96
Q1 Forecast,2026-07-01,105,Europe,17,44670.96
Q1 Forecast,2026-07-01,105,Asia Pacific,7,18393.92
Q1 Forecast,2026-07-01,106,North America,31,2269.36
Q1 Forecast,2026-07-01,106,Europe,22,1610.51
Q1 Forecast,2026-07-01,106,Asia Pacific,6,439.23
Q1 Forecast,2026-07-01,107,North America,39,1705.89
Q1 Forecast,2026-07-01,107,Europe,26,1137.26
Q1 Forecast,2026-07-01,107,Asia Pacific,13,568.63
Q1 Forecast,2026-07-01,108,North America,11,126.82
Q1 Forecast,2026-07-01,108,Europe,40,461.16
Q1 Forecast,2026-07-01,108,Asia Pacific,4,46.12
Q1 Forecast,2026-07-01,109,North America,13,706.55
Q1 Forecast,2026-07-01,109,Europe,35,1902.26
Q1 Forecast,2026-07-01,109,Asia Pacific,11,597.85
Q1 Forecast,2026-07-01,110,North America,25,854.2
Q1 Forecast,2026-07-01,110,Europe,54,1845.07
Q1 Forecast,2026-07-01,110,Asia Pacific,31,1059.2
Q1 Forecast,2026-07-01,111,North America,33,2159.63
Q1 Forecast,2026-07-01,111,Europe,37,2421.41
Q1 Forecast,2026-07-01,111,Asia Pacific,55,3599.39
Q1 Forecast,2026-07-01,112,North America,31,2134.21
Q1 Forecast,2026-07-01,112,Europe,24,1652.29
Q1 Forecast,2026-07-01,113,North America,48,1340.31
Q1 Forecast,2026-07-01,113,Europe,60,1675.39
Q1 Forecast,2026-07-01,113,Asia Pacific,22,614.31
Q1 Forecast,2026-07-01,114,North America,21,2573.4
Q1 Forecast,2026-07-01,114,Europe,16,1960.69
Q1 Forecast,2026-07-01,114,Asia Pacific,14,1715.6
Q1 Forecast,2026-07-01,115,North America,41,574.47
Q1 Forecast,2026-07-01,115,Europe,32,448.36
Q1 Forecast,2026-07-01,115,Asia Pacific,17,238.19
Q1 Forecast,2026-07-01,116,North America,16,725.62
Q1 Forecast,2026-07-01,116,Europe,13,589.57
Q1 Forecast,2026-07-01,116,Asia Pacific,14,634.92
Q1 Forecast,2026-07-01,117,North America,18,637.69
Q1 Forecast,2026-07-01,117,Europe,32,1133.66
Q1 Forecast,2026-07-01,117,Asia Pacific,6,212.56
Q1 Forecast,2026-07-01,118,North America,19,446.64
Q1 Forecast,2026-07-01,118,Europe,25,587.68
Q1 Forecast,2026-07-01,118,Asia Pacific,15,352.61
Q1 Forecast,2026-07-01,119,North America,31,2443.12
Q1 Forecast,2026-07-01,119,Europe,26,2049.07
Q1 Forecast,2026-07-01,119,Asia Pacific,8,630.48
Q1 Forecast,2026-07-01,120,North America,2,113.41
Q1 Forecast,2026-07-01,120,Europe,26,1474.37
Q1 Forecast,2026-07-01,120,Asia Pacific,1,56.71
Q1 Forecast,2026-08-01,101,North America,8,11638.8
Q1 Forecast,2026-08-01,101,Europe,11,16003.35
Q1 Forecast,2026-08-01,101,Asia Pacific,10,14548.5
Q1 Forecast,2026-08-01,102,North America,2,2472.92
Q1 Forecast,2026-08-01,102,Europe,3,3709.38
Q1 Forecast,2026-08-01,102,Asia Pacific,4,4945.84
Q1 Forecast,2026-08-01,103,North America,3,2627.92
Q1 Forecast,2026-08-01,103,Europe,6,5255.83
Q1 Forecast,2026-08-01,103,Asia Pacific,8,7007.78
Q1 Forecast,2026-08-01,104,North America,7,2280.32
Q1 Forecast,2026-08-01,104,Europe,1,325.76
Q1 Forecast,2026-08-01,104,Asia Pacific,2,651.52
Q1 Forecast,2026-08-01,105,North America,7,18393.92
Q1 Forecast,2026-08-01,105,Europe,22,57809.48
Q1 Forecast,2026-08-01,105,Asia Pacific,8,21021.63
Q1 Forecast,2026-08-01,106,North America,76,5563.6
Q1 Forecast,2026-08-01,106,Europe,24,1756.92
Q1 Forecast,2026-08-01,106,Asia Pacific,24,1756.92
Q1 Forecast,2026-08-01,107,North America,19,831.08
Q1 Forecast,2026-08-01,107,Europe,1,43.74
Q1 Forecast,2026-08-01,107,Asia Pacific,22,962.3
Q1 Forecast,2026-08-01,108,North America,63,726.33
Q1 Forecast,2026-08-01,108,Europe,21,242.11
Q1 Forecast,2026-08-01,108,Asia Pacific,12,138.35
Q1 Forecast,2026-08-01,109,North America,26,1413.11
Q1 Forecast,2026-08-01,109,Europe,20,1087.0
Q1 Forecast,2026-08-01,109,Asia Pacific,31,1684.86
Q1 Forecast,2026-08-01,110,North America,30,1025.04
Q1 Forecast,2026-08-01,110,Europe,15,512.52
Q1 Forecast,2026-08-01,110,Asia Pacific,22,751.69
Q1 Forecast,2026-08-01,111,North America,40,2617.74
Q1 Forecast,2026-08-01,111,Europe,47,3075.84
Q1 Forecast,2026-08-01,111,Asia Pacific,32,2094.19
Q1 Forecast,2026-08-01,112,North America,16,1101.53
Q1 Forecast,2026-08-01,112,Europe,25,1721.14
Q1 Forecast,2026-08-01,112,Asia Pacific,60,4130.73
Q1 Forecast,2026-08-01,113,North America,27,753.93
Q1 Forecast,2026-08-01,113,Europe,7,195.46
Q1 Forecast,2026-08-01,113,Asia Pacific,42,1172.77
Q1 Forecast,2026-08-01,114,North America,23,2818.49
Q1 Forecast,2026-08-01,114,Europe,32,3921.38
Q1 Forecast,2026-08-01,114,Asia Pacific,3,367.63
Q1 Forecast,2026-08-01,115,North America,29,406.33
Q1 Forecast,2026-08-01,115,Europe,7,98.08
Q1 Forecast,2026-08-01,115,Asia Pacific,31,434.35
Q1 Forecast,2026-08-01,116,North America,22,997.73
Q1 Forecast,2026-08-01,116,Europe,10,453.51
Q1 Forecast,2026-08-01,116,Asia Pacific,33,1496.6
Q1 Forecast,2026-08-01,117,North America,34,1204.52
Q1 Forecast,2026-08-01,117,Europe,7,247.99
Q1 Forecast,2026-08-01,117,Asia Pacific,7,247.99
Q1 Forecast,2026-08-01,118,North America,7,164.55
Q1 Forecast,2026-08-01,118,Europe,18,423.13
Q1 Forecast,2026-08-01,118,Asia Pacific,21,493.65
Q1 Forecast,2026-08-01,119,North America,33,2600.74
Q1 Forecast,2026-08-01,119,Europe,23,1812.64
Q1 Forecast,2026-08-01,119,Asia Pacific,20,1576.21
Q1 Forecast,2026-08-01,120,North America,29,1644.49
Q1 Forecast,2026-08-01,120,Europe,3,170.12
Q1 Forecast,2026-08-01,120,Asia Pacific,21,1190.84
Q1 Forecast,2026-09-01,101,North America,3,4364.55
Q1 Forecast,2026-09-01,102,North America,6,7418.75
Q1 Forecast,2026-09-01,102,Europe,9,11128.13
Q1 Forecast,2026-09-01,102,Asia Pacific,4,4945.84
Q1 Forecast,2026-09-01,103,North America,2,1751.94
Q1 Forecast,2026-09-01,103,Europe,7,6131.81
Q1 Forecast,2026-09-01,103,Asia Pacific,12,10511.67
Q1 Forecast,2026-09-01,104,North America,9,2931.84
Q1 Forecast,2026-09-01,104,Europe,11,3583.36
Q1 Forecast,2026-09-01,104,Asia Pacific,16,5212.16
Q1 Forecast,2026-09-01,105,North America,8,21021.63
Q1 Forecast,2026-09-01,105,Europe,4,10510.81
Q1 Forecast,2026-09-01,105,Asia Pacific,2,5255.41
Q1 Forecast,2026-09-01,106,North America,24,1756.92
Q1 Forecast,2026-09-01,106,Europe,53,3879.88
Q1 Forecast,2026-09-01,106,Asia Pacific,12,878.46
Q1 Forecast,2026-09-01,107,North America,43,1880.86
Q1 Forecast,2026-09-01,107,Europe,27,1181.0
Q1 Forecast,2026-09-01,107,Asia Pacific,7,306.19
Q1 Forecast,2026-09-01,108,North America,13,149.88
Q1 Forecast,2026-09-01,108,Europe,40,461.16
Q1 Forecast,2026-09-01,108,Asia Pacific,21,242.11
Q1 Forecast,2026-09-01,109,North America,7,380.45
Q1 Forecast,2026-09-01,109,Europe,3,163.05
Q1 Forecast,2026-09-01,109,Asia Pacific,7,380.45
Q1 Forecast,2026-09-01,110,North America,20,683.36
Q1 Forecast,2026-09-01,110,Europe,27,922.53
Q1 Forecast,2026-09-01,110,Asia Pacific,3,102.5
Q1 Forecast,2026-09-01,111,North America,5,327.22
Q1 Forecast,2026-09-01,111,Europe,9,588.99
Q1 Forecast,2026-09-01,111,Asia Pacific,9,588.99
Q1 Forecast,2026-09-01,112,North America,42,2891.51
Q1 Forecast,2026-09-01,112,Europe,16,1101.53
Q1 Forecast,2026-09-01,112,Asia Pacific,30,2065.36
Q1 Forecast,2026-09-01,113,North America,27,753.93
Q1 Forecast,2026-09-01,113,Europe,22,614.31
Q1 Forecast,2026-09-01,113,Asia Pacific,25,698.08
Q1 Forecast,2026-09-01,114,North America,6,735.26
Q1 Forecast,2026-09-01,114,Europe,23,2818.49
Q1 Forecast,2026-09-01,114,Asia Pacific,16,1960.69
Q1 Forecast,2026-09-01,115,North America,10,140.11
Q1 Forecast,2026-09-01,115,Europe,21,294.24
Q1 Forecast,2026-09-01,115,Asia Pacific,10,140.11
Q1 Forecast,2026-09-01,116,North America,50,2267.57
Q1 Forecast,2026-09-01,116,Europe,43,1950.11
Q1 Forecast,2026-09-01,116,Asia Pacific,7,317.46
Q1 Forecast,2026-09-01,117,North America,7,247.99
Q1 Forecast,2026-09-01,117,Europe,13,460.55
Q1 Forecast,2026-09-01,117,Asia Pacific,14,495.98
Q1 Forecast,2026-09-01,118,North America,25,587.68
Q1 Forecast,2026-09-01,118,Europe,14,329.1
Q1 Forecast,2026-09-01,118,Asia Pacific,3,70.52
Q1 Forecast,2026-09-01,119,North America,15,1182.16
Q1 Forecast,2026-09-01,119,Europe,38,2994.8
Q1 Forecast,2026-09-01,119,Asia Pacific,14,1103.35
Q1 Forecast,2026-09-01,120,North America,15,850.6
Q1 Forecast,2026-09-01,120,Europe,17,964.01
Q1 Forecast,2026-09-01,120,Asia Pacific,20,1134.13
Q1 Forecast,2026-10-01,101,North America,2,2909.7
Q1 Forecast,2026-10-01,101,Europe,6,8729.1
Q1 Forecast,2026-10-01,101,Asia Pacific,4,5819.4
Q1 Forecast,2026-10-01,102,Asia Pacific,3,3709.38
Q1 Forecast,2026-10-01,103,North America,1,875.97
Q1 Forecast,2026-10-01,103,Europe,3,2627.92
Q1 Forecast,2026-10-01,103,Asia Pacific,1,875.97
Q1 Forecast,2026-10-01,104,North America,3,977.28
Q1 Forecast,2026-10-01,104,Europe,1,325.76
Q1 Forecast,2026-10-01,105,North America,1,2627.7
Q1 Forecast,2026-10-01,105,Europe,2,5255.41
Q1 Forecast,2026-10-01,105,Asia Pacific,2,5255.41
Q1 Forecast,2026-10-01,106,North America,8,585.64
Q1 Forecast,2026-10-01,106,Europe,22,1610.51
Q1 Forecast,2026-10-01,106,Asia Pacific,2,146.41
Q1 Forecast,2026-10-01,107,North America,16,699.85
Q1 Forecast,2026-10-01,107,Europe,43,1880.86
Q1 Forecast,2026-10-01,107,Asia Pacific,6,262.45
Q1 Forecast,2026-10-01,108,North America,7,80.7
Q1 Forecast,2026-10-01,108,Europe,8,92.23
Q1 Forecast,2026-10-01,108,Asia Pacific,7,80.7
Q1 Forecast,2026-10-01,109,North America,11,597.85
Q1 Forecast,2026-10-01,109,Europe,62,3369.71
Q1 Forecast,2026-10-01,109,Asia Pacific,12,652.2
Q1 Forecast,2026-10-01,110,North America,29,990.87
Q1 Forecast,2026-10-01,110,Europe,20,683.36
Q1 Forecast,2026-10-01,110,Asia Pacific,19,649.19
Q1 Forecast,2026-10-01,111,North America,23,1505.2
Q1 Forecast,2026-10-01,111,Europe,16,1047.09
Q1 Forecast,2026-10-01,111,Asia Pacific,27,1766.97
Q1 Forecast,2026-10-01,112,North America,9,619.61
Q1 Forecast,2026-10-01,112,Europe,37,2547.28
Q1 Forecast,2026-10-01,112,Asia Pacific,6,413.07
Q1 Forecast,2026-10-01,113,North America,7,195.46
Q1 Forecast,2026-10-01,113,Europe,9,251.31
Q1 Forecast,2026-10-01,113,Asia Pacific,33,921.47
Q1 Forecast,2026-10-01,114,North America,25,3063.57
Q1 Forecast,2026-10-01,114,Asia Pacific,5,612.71
Q1 Forecast,2026-10-01,115,North America,11,154.12
Q1 Forecast,2026-10-01,115,Europe,23,322.26
Q1 Forecast,2026-10-01,115,Asia Pacific,3,42.03
Q1 Forecast,2026-10-01,116,North America,9,408.16
Q1 Forecast,2026-10-01,116,Europe,9,408.16
Q1 Forecast,2026-10-01,116,Asia Pacific,10,453.51
Q1 Forecast,2026-10-01,117,North America,25,885.67
Q1 Forecast,2026-10-01,117,Europe,15,531.4
Q1 Forecast,2026-10-01,117,Asia Pacific,5,177.13
Q1 Forecast,2026-10-01,118,North America,11,258.58
Q1 Forecast,2026-10-01,118,Europe,20,470.14
Q1 Forecast,2026-10-01,118,Asia Pacific,29,681.71
Q1 Forecast,2026-10-01,119,North America,32,2521.93
Q1 Forecast,2026-10-01,119,Europe,3,236.43
Q1 Forecast,2026-10-01,119,Asia Pacific,8,630.48
Q1 Forecast,2026-10-01,120,North America,16,907.31
Q1 Forecast,2026-10-01,120,Asia Pacific,7,396.95
Q1 Forecast,2026-11-01,101,North America,3,4364.55
Q1 Forecast,2026-11-01,101,Asia Pacific,11,16003.35
Q1 Forecast,2026-11-01,102,North America,6,7418.75
Q1 Forecast,2026-11-01,102,Europe,7,8655.21
Q1 Forecast,2026-11-01,103,North America,3,2627.92
Q1 Forecast,2026-11-01,103,Europe,6,5255.83
Q1 Forecast,2026-11-01,103,Asia Pacific,3,2627.92
Q1 Forecast,2026-11-01,104,North America,1,325.76
Q1 Forecast,2026-11-01,104,Asia Pacific,2,651.52
Q1 Forecast,2026-11-01,105,North America,1,2627.7
Q1 Forecast,2026-11-01,105,Europe,18,47298.66
Q1 Forecast,2026-11-01,105,Asia Pacific,6,15766.22
Q1 Forecast,2026-11-01,106,North America,47,3440.64
Q1 Forecast,2026-11-01,106,Europe,30,2196.16
Q1 Forecast,2026-11-01,106,Asia Pacific,9,658.85
Q1 Forecast,2026-11-01,107,North America,3,131.22
Q1 Forecast,2026-11-01,107,Europe,16,699.85
Q1 Forecast,2026-11-01,107,Asia Pacific,15,656.11
Q1 Forecast,2026-11-01,108,North America,24,276.7
Q1 Forecast,2026-11-01,108,Europe,69,795.5
Q1 Forecast,2026-11-01,108,Asia Pacific,21,242.11
Q1 Forecast,2026-11-01,109,North America,63,3424.06
Q1 Forecast,2026-11-01,109,Europe,54,2934.91
Q1 Forecast,2026-11-01,109,Asia Pacific,7,380.45
Q1 Forecast,2026-11-01,110,North America,30,1025.04
Q1 Forecast,2026-11-01,110,Europe,95,3245.95
Q1 Forecast,2026-11-01,110,Asia Pacific,21,717.53
Q1 Forecast,2026-11-01,111,North America,13,850.76
Q1 Forecast,2026-11-01,111,Europe,39,2552.29
Q1 Forecast,2026-11-01,111,Asia Pacific,30,1963.3
Q1 Forecast,2026-11-01,112,North America,9,619.61
Q1 Forecast,2026-11-01,112,Europe,58,3993.04
Q1 Forecast,2026-11-01,112,Asia Pacific,6,413.07
Q1 Forecast,2026-11-01,113,North America,30,837.7
Q1 Forecast,2026-11-01,113,Europe,1,27.92
Q1 Forecast,2026-11-01,113,Asia Pacific,3,83.77
Q1 Forecast,2026-11-01,114,North America,51,6249.69
Q1 Forecast,2026-11-01,114,Europe,18,2205.77
Q1 Forecast,2026-11-01,114,Asia Pacific,21,2573.4
Q1 Forecast,2026-11-01,115,North America,32,448.36
Q1 Forecast,2026-11-01,115,Europe,44,616.5
Q1 Forecast,2026-11-01,115,Asia Pacific,34,476.39
Q1 Forecast,2026-11-01,116,North America,22,997.73
Q1 Forecast,2026-11-01,116,Europe,16,725.62
Q1 Forecast,2026-11-01,116,Asia Pacific,16,725.62
Q1 Forecast,2026-11-01,117,North America,14,495.98
Q1 Forecast,2026-11-01,117,Europe,13,460.55
Q1 Forecast,2026-11-01,117,Asia Pacific,9,318.84
Q1 Forecast,2026-11-01,118,North America,58,1363.42
Q1 Forecast,2026-11-01,118,Europe,26,611.19
Q1 Forecast,2026-11-01,119,North America,19,1497.4
Q1 Forecast,2026-11-01,119,Europe,42,3310.04
Q1 Forecast,2026-11-01,119,Asia Pacific,11,866.91
Q1 Forecast,2026-11-01,120,North America,38,2154.86
Q1 Forecast,2026-11-01,120,Europe,11,623.77
Q1 Forecast,2026-11-01,120,Asia Pacific,14,793.89
Q1 Forecast,2026-12-01,101,North America,7,10183.95
Q1 Forecast,2026-12-01,101,Europe,7,10183.95
Q1 Forecast,2026-12-01,101,Asia Pacific,9,13093.65
Q1 Forecast,2026-12-01,102,North America,2,2472.92
Q1 Forecast,2026-12-01,102,Europe,2,2472.92
Q1 Forecast,2026-12-01,102,Asia Pacific,9,11128.13
Q1 Forecast,2026-12-01,103,North America,8,7007.78
Q1 Forecast,2026-12-01,103,Europe,2,1751.94
Q1 Forecast,2026-12-01,103,Asia Pacific,16,14015.56
Q1 Forecast,2026-12-01,104,North America,16,5212.16
Q1 Forecast,2026-12-01,104,Europe,18,5863.68
Q1 Forecast,2026-12-01,105,North America,12,31532.44
Q1 Forecast,2026-12-01,105,Asia Pacific,10,26277.03
Q1 Forecast,2026-12-01,106,North America,58,4245.9
Q1 Forecast,2026-12-01,106,Europe,27,1976.54
Q1 Forecast,2026-12-01,106,Asia Pacific,37,2708.59
Q1 Forecast,2026-12-01,107,North America,20,874.82
Q1 Forecast,2026-12-01,107,Europe,24,1049.78
Q1 Forecast,2026-12-01,107,Asia Pacific,11,481.15
Q1 Forecast,2026-12-01,108,North America,45,518.8
Q1 Forecast,2026-12-01,108,Europe,18,207.52
Q1 Forecast,2026-12-01,108,Asia Pacific,26,299.75
Q1 Forecast,2026-12-01,109,North America,40,2174.01
Q1 Forecast,2026-12-01,109,Europe,41,2228.36
Q1 Forecast,2026-12-01,109,Asia Pacific,11,597.85
Q1 Forecast,2026-12-01,110,North America,35,1195.88
Q1 Forecast,2026-12-01,110,Europe,10,341.68
Q1 Forecast,2026-12-01,110,Asia Pacific,45,1537.55
Q1 Forecast,2026-12-01,111,North America,19,1243.43
Q1 Forecast,2026-12-01,111,Europe,3,196.33
Q1 Forecast,2026-12-01,111,Asia Pacific,32,2094.19
Q1 Forecast,2026-12-01,112,North America,14,963.84
Q1 Forecast,2026-12-01,112,Europe,13,894.99
Q1 Forecast,2026-12-01,112,Asia Pacific,49,3373.43
Q1 Forecast,2026-12-01,113,North America,7,195.46
Q1 Forecast,2026-12-01,113,Europe,10,279.23
Q1 Forecast,2026-12-01,113,Asia Pacific,65,1815.01
Q1 Forecast,2026-12-01,114,North America,15,1838.14
Q1 Forecast,2026-12-01,114,Europe,13,1593.06
Q1 Forecast,2026-12-01,114,Asia Pacific,14,1715.6
Q1 Forecast,2026-12-01,115,North America,17,238.19
Q1 Forecast,2026-12-01,115,Europe,30,420.34
Q1 Forecast,2026-12-01,115,Asia Pacific,35,490.4
Q1 Forecast,2026-12-01,116,North America,9,408.16
Q1 Forecast,2026-12-01,116,Europe,45,2040.81
Q1 Forecast,2026-12-01,116,Asia Pacific,3,136.05
Q1 Forecast,2026-12-01,117,North America,48,1700.5
Q1 Forecast,2026-12-01,117,Europe,37,1310.8
Q1 Forecast,2026-12-01,117,Asia Pacific,33,1169.09
Q1 Forecast,2026-12-01,118,North America,30,705.22
Q1 Forecast,2026-12-01,118,Europe,20,470.14
Q1 Forecast,2026-12-01,118,Asia Pacific,18,423.13
Q1 Forecast,2026-12-01,119,North America,23,1812.64
Q1 Forecast,2026-12-01,119,Europe,8,630.48
Q1 Forecast,2026-12-01,119,Asia Pacific,5,394.05
Q1 Forecast,2026-12-01,120,North America,32,1814.62
Q1 Forecast,2026-12-01,120,Europe,17,964.01
Q1 Forecast,2026-12-01,120,Asia Pacific,23,1304.25
Q2 Forecast,2026-01-01,101,North America,4,5917.45
Q2 Forecast,2026-01-01,101,Asia Pacific,3,4380.45
Q2 Forecast,2026-01-01,102,North America,4,4452.0
Q2 Forecast,2026-01-01,102,Europe,6,7632.0
Q2 Forecast,2026-01-01,103,North America,9,7838.7
Q2 Forecast,2026-01-01,103,Europe,4,3423.8
Q2 Forecast,2026-01-01,103,Asia Pacific,2,1802.0
Q2 Forecast,2026-01-01,104,North America,10,3273.28
Q2 Forecast,2026-01-01,104,Europe,7,2357.44
Q2 Forecast,2026-01-01,104,Asia Pacific,4,1238.08
Q2 Forecast,2026-01-01,105,North America,5,12953.2
Q2 Forecast,2026-01-01,105,Europe,6,16536.0
Q2 Forecast,2026-01-01,105,Asia Pacific,4,10197.2
Q2 Forecast,2026-01-01,106,North America,20,1476.45
Q2 Forecast,2026-01-01,106,Europe,25,1889.55
Q2 Forecast,2026-01-01,106,Asia Pacific,20,1484.1
Q2 Forecast,2026-01-01,107,North America,40,1755.67
Q2 Forecast,2026-01-01,107,Europe,10,440.64
Q2 Forecast,2026-01-01,108,North America,5,56.3
Q2 Forecast,2026-01-01,108,Europe,25,283.36
Q2 Forecast,2026-01-01,108,Asia Pacific,1,12.24
Q2 Forecast,2026-01-01,109,North America,8,437.58
Q2 Forecast,2026-01-01,109,Europe,1,50.49
Q2 Forecast,2026-01-01,109,Asia Pacific,26,1436.16
Q2 Forecast,2026-01-01,110,North America,16,553.35
Q2 Forecast,2026-01-01,110,Europe,19,622.97
Q2 Forecast,2026-01-01,110,Asia Pacific,14,473.03
Q2 Forecast,2026-01-01,111,North America,37,2470.78
Q2 Forecast,2026-01-01,111,Europe,49,3224.52
Q2 Forecast,2026-01-01,111,Asia Pacific,9,608.4
Q2 Forecast,2026-01-01,112,North America,4,291.2
Q2 Forecast,2026-01-01,112,Europe,4,269.36
Q2 Forecast,2026-01-01,112,Asia Pacific,16,1055.6
Q2 Forecast,2026-01-01,113,North America,21,599.87
Q2 Forecast,2026-01-01,113,Europe,4,99.01
Q2 Forecast,2026-01-01,113,Asia Pacific,16,448.45
Q2 Forecast,2026-01-01,114,North America,11,1310.4
Q2 Forecast,2026-01-01,114,Europe,13,1622.4
Q2 Forecast,2026-01-01,114,Asia Pacific,21,2620.8
Q2 Forecast,2026-01-01,115,North America,42,600.6
Q2 Forecast,2026-01-01,115,Europe,7,99.74
Q2 Forecast,2026-01-01,115,Asia Pacific,10,145.6
Q2 Forecast,2026-01-01,116,North America,11,475.1
Q2 Forecast,2026-01-01,116,Europe,5,211.68
Q2 Forecast,2026-01-01,116,Asia Pacific,11,517.44
Q2 Forecast,2026-01-01,117,North America,27,979.41
Q2 Forecast,2026-01-01,117,Europe,28,998.03
Q2 Forecast,2026-01-01,117,Asia Pacific,3,106.13
Q2 Forecast,2026-01-01,118,North America,13,300.12
Q2 Forecast,2026-01-01,118,Europe,58,1401.4
Q2 Forecast,2026-01-01,118,Asia Pacific,4,93.1
Q2 Forecast,2026-01-01,119,North America,41,3402.8
Q2 Forecast,2026-01-01,119,Europe,1,83.3
Q2 Forecast,2026-01-01,119,Asia Pacific,8,616.42
Q2 Forecast,2026-01-01,120,North America,6,352.8
Q2 Forecast,2026-01-01,120,Europe,17,964.32
Q2 Forecast,2026-01-01,120,Asia Pacific,16,911.4
Q2 Forecast,2026-02-01,101,North America,2,2843.45
Q2 Forecast,2026-02-01,101,Europe,2,3074.0
Q2 Forecast,2026-02-01,101,Asia Pacific,4,5840.6
Q2 Forecast,2026-02-01,102,Europe,8,10176.0
Q2 Forecast,2026-02-01,102,Asia Pacific,7,8904.0
Q2 Forecast,2026-02-01,103,North America,1,855.95
Q2 Forecast,2026-02-01,103,Europe,11,9595.65
Q2 Forecast,2026-02-01,103,Asia Pacific,2,1711.9
Q2 Forecast,2026-02-01,104,North America,11,3510.72
Q2 Forecast,2026-02-01,104,Europe,4,1356.8
Q2 Forecast,2026-02-01,104,Asia Pacific,4,1255.04
Q2 Forecast,2026-02-01,105,North America,2,5236.4
Q2 Forecast,2026-02-01,105,Asia Pacific,3,7441.2
Q2 Forecast,2026-02-01,106,North America,30,2157.3
Q2 Forecast,2026-02-01,106,Europe,47,3446.32
Q2 Forecast,2026-02-01,106,Asia Pacific,5,367.2
Q2 Forecast,2026-02-01,107,North America,14,621.94
Q2 Forecast,2026-02-01,107,Europe,22,918.0
Q2 Forecast,2026-02-01,107,Asia Pacific,1,45.9
Q2 Forecast,2026-02-01,108,North America,29,334.76
Q2 Forecast,2026-02-01,108,Europe,1,12.24
Q2 Forecast,2026-02-01,108,Asia Pacific,5,59.98
Q2 Forecast,2026-02-01,109,North America,14,751.74
Q2 Forecast,2026-02-01,109,Europe,7,392.7
Q2 Forecast,2026-02-01,109,Asia Pacific,30,1683.0
Q2 Forecast,2026-02-01,110,North America,18,642.6
Q2 Forecast,2026-02-01,110,Europe,13,449.82
Q2 Forecast,2026-02-01,110,Asia Pacific,13,442.68
Q2 Forecast,2026-02-01,111,North America,4,270.4
Q2 Forecast,2026-02-01,111,Europe,12,746.98
Q2 Forecast,2026-02-01,112,North America,27,1907.36
Q2 Forecast,2026-02-01,112,Asia Pacific,1,61.88
Q2 Forecast,2026-02-01,113,North America,11,311.58
Q2 Forecast,2026-02-01,113,Europe,19,516.88
Q2 Forecast,2026-02-01,113,Asia Pacific,14,403.31
Q2 Forecast,2026-02-01,114,Europe,27,3363.36
Q2 Forecast,2026-02-01,114,Asia Pacific,22,2645.76
Q2 Forecast,2026-02-01,115,North America,63,864.86
Q2 Forecast,2026-02-01,115,Europe,16,228.59
Q2 Forecast,2026-02-01,115,Asia Pacific,13,172.54
Q2 Forecast,2026-02-01,116,North America,39,1686.38
Q2 Forecast,2026-02-01,116,Europe,18,846.72
Q2 Forecast,2026-02-01,116,Asia Pacific,27,1241.86
Q2 Forecast,2026-02-01,117,Europe,27,938.45
Q2 Forecast,2026-02-01,117,Asia Pacific,2,67.03
Q2 Forecast,2026-02-01,118,North America,3,66.15
Q2 Forecast,2026-02-01,118,Europe,22,532.88
Q2 Forecast,2026-02-01,118,Asia Pacific,6,147.0
Q2 Forecast,2026-02-01,119,North America,27,1936.72
Q2 Forecast,2026-02-01,119,Europe,33,2728.07
Q2 Forecast,2026-02-01,119,Asia Pacific,6,449.82
Q2 Forecast,2026-02-01,120,North America,16,940.8
Q2 Forecast,2026-02-01,120,Europe,4,235.2
Q2 Forecast,2026-02-01,120,Asia Pacific,6,335.16
Q2 Forecast,2026-03-01,101,North America,13,18597.7
Q2 Forecast,2026-03-01,101,Europe,1,1537.0
Q2 Forecast,2026-03-01,102,North America,3,3370.8
Q2 Forecast,2026-03-01,102,Europe,2,2544.0
Q2 Forecast,2026-03-01,102,Asia Pacific,4,4960.8
Q2 Forecast,2026-03-01,103,North America,4,3604.0
Q2 Forecast,2026-03-01,103,Europe,2,1802.0
Q2 Forecast,2026-03-01,103,Asia Pacific,1,901.0
Q2 Forecast,2026-03-01,104,North America,5,1662.08
Q2 Forecast,2026-03-01,104,Europe,7,2272.64
Q2 Forecast,2026-03-01,104,Asia Pacific,1,339.2
Q2 Forecast,2026-03-01,105,North America,5,13642.2
Q2 Forecast,2026-03-01,105,Europe,4,10197.2
Q2 Forecast,2026-03-01,106,North America,28,2034.9
Q2 Forecast,2026-03-01,106,Europe,13,956.25
Q2 Forecast,2026-03-01,106,Asia Pacific,14,975.38
Q2 Forecast,2026-03-01,107,North America,28,1195.69
Q2 Forecast,2026-03-01,107,Asia Pacific,37,1670.76
Q2 Forecast,2026-03-01,108,North America,44,508.57
Q2 Forecast,2026-03-01,108,Europe,3,36.72
Q2 Forecast,2026-03-01,108,Asia Pacific,23,263.77
Q2 Forecast,2026-03-01,109,North America,33,1792.39
Q2 Forecast,2026-03-01,109,Europe,6,336.6
Q2 Forecast,2026-03-01,109,Asia Pacific,85,4532.88
Q2 Forecast,2026-03-01,110,North America,9,289.17
Q2 Forecast,2026-03-01,110,Europe,13,458.75
Q2 Forecast,2026-03-01,110,Asia Pacific,5,167.79
Q2 Forecast,2026-03-01,111,North America,38,2460.64
Q2 Forecast,2026-03-01,111,Asia Pacific,14,885.56
Q2 Forecast,2026-03-01,112,North America,23,1554.28
Q2 Forecast,2026-03-01,112,Asia Pacific,6,436.8
Q2 Forecast,2026-03-01,113,North America,72,2012.19
Q2 Forecast,2026-03-01,113,Europe,13,378.56
Q2 Forecast,2026-03-01,113,Asia Pacific,21,563.47
Q2 Forecast,2026-03-01,114,North America,12,1460.16
Q2 Forecast,2026-03-01,114,Europe,11,1335.36
Q2 Forecast,2026-03-01,114,Asia Pacific,24,2920.32
Q2 Forecast,2026-03-01,115,North America,37,520.52
Q2 Forecast,2026-03-01,115,Europe,4,49.5
Q2 Forecast,2026-03-01,115,Asia Pacific,15,218.4
Q2 Forecast,2026-03-01,116,Europe,23,1060.75
Q2 Forecast,2026-03-01,116,Asia Pacific,22,1034.88
Q2 Forecast,2026-03-01,117,North America,16,562.32
Q2 Forecast,2026-03-01,117,Europe,3,100.55
Q2 Forecast,2026-03-01,117,Asia Pacific,8,286.75
Q2 Forecast,2026-03-01,118,North America,36,808.5
Q2 Forecast,2026-03-01,118,Europe,11,247.45
Q2 Forecast,2026-03-01,119,North America,9,708.05
Q2 Forecast,2026-03-01,119,Europe,5,416.5
Q2 Forecast,2026-03-01,119,Asia Pacific,24,1795.11
Q2 Forecast,2026-03-01,120,North America,18,926.1
Q2 Forecast,2026-03-01,120,Europe,5,264.6
Q2 Forecast,2026-03-01,120,Asia Pacific,37,2157.96
Q2 Forecast,2026-04-01,101,North America,2,2766.6
Q2 Forecast,2026-04-01,101,Europe,7,9606.25
Q2 Forecast,2026-04-01,101,Asia Pacific,5,7685.0
Q2 Forecast,2026-04-01,102,North America,3,3498.0
Q2 Forecast,2026-04-01,102,Europe,9,10939.2
Q2 Forecast,2026-04-01,102,Asia Pacific,2,2162.4
Q2 Forecast,2026-04-01,103,North America,7,5676.3
Q2 Forecast,2026-04-01,103,Europe,9,7658.5
Q2 Forecast,2026-04-01,103,Asia Pacific,6,4595.1
Q2 Forecast,2026-04-01,104,Europe,9,2798.4
Q2 Forecast,2026-04-01,104,Asia Pacific,7,2340.48
Q2 Forecast,2026-04-01,105,North America,5,13228.8
Q2 Forecast,2026-04-01,105,Europe,17,44371.6
Q2 Forecast,2026-04-01,105,Asia Pacific,3,8268.0
Q2 Forecast,2026-04-01,106,North America,36,2700.45
Q2 Forecast,2026-04-01,106,Europe,12,891.22
Q2 Forecast,2026-04-01,106,Asia Pacific,36,2685.15
Q2 Forecast,2026-04-01,107,North America,13,541.62
Q2 Forecast,2026-04-01,107,Europe,39,1753.38
Q2 Forecast,2026-04-01,107,Asia Pacific,32,1420.61
Q2 Forecast,2026-04-01,108,North America,34,386.78
Q2 Forecast,2026-04-01,108,Europe,44,525.71
Q2 Forecast,2026-04-01,108,Asia Pacific,26,314.57
Q2 Forecast,2026-04-01,109,North America,17,900.41
Q2 Forecast,2026-04-01,109,Europe,11,538.56
Q2 Forecast,2026-04-01,109,Asia Pacific,10,549.78
Q2 Forecast,2026-04-01,110,North America,70,2368.69
Q2 Forecast,2026-04-01,110,Europe,36,1178.1
Q2 Forecast,2026-04-01,110,Asia Pacific,29,997.82
Q2 Forecast,2026-04-01,111,North America,10,676.0
Q2 Forecast,2026-04-01,111,Europe,7,442.78
Q2 Forecast,2026-04-01,111,Asia Pacific,16,1020.76
Q2 Forecast,2026-04-01,112,North America,17,1237.6
Q2 Forecast,2026-04-01,112,Europe,36,2620.8
Q2 Forecast,2026-04-01,112,Asia Pacific,13,895.44
Q2 Forecast,2026-04-01,113,North America,18,476.11
Q2 Forecast,2026-04-01,113,Europe,43,1212.85
Q2 Forecast,2026-04-01,113,Asia Pacific,44,1263.81
Q2 Forecast,2026-04-01,114,North America,36,4118.4
Q2 Forecast,2026-04-01,114,Europe,43,4954.56
Q2 Forecast,2026-04-01,114,Asia Pacific,24,2920.32
Q2 Forecast,2026-04-01,115,North America,11,148.51
Q2 Forecast,2026-04-01,115,Europe,44,611.52
Q2 Forecast,2026-04-01,115,Asia Pacific,8,116.48
Q2 Forecast,2026-04-01,116,North America,19,884.35
Q2 Forecast,2026-04-01,116,Europe,4,188.16
Q2 Forecast,2026-04-01,116,Asia Pacific,32,1505.28
Q2 Forecast,2026-04-01,117,North America,21,759.7
Q2 Forecast,2026-04-01,117,Europe,20,715.01
Q2 Forecast,2026-04-01,117,Asia Pacific,31,1046.44
Q2 Forecast,2026-04-01,118,North America,12,282.98
Q2 Forecast,2026-04-01,118,Europe,26,614.95
Q2 Forecast,2026-04-01,118,Asia Pacific,16,374.85
Q2 Forecast,2026-04-01,119,North America,18,1391.11
Q2 Forecast,2026-04-01,119,Europe,13,982.94
Q2 Forecast,2026-04-01,119,Asia Pacific,25,1965.88
Q2 Forecast,2026-04-01,120,North America,27,1534.68
Q2 Forecast,2026-04-01,120,Europe,25,1425.9
Q2 Forecast,2026-04-01,120,Asia Pacific,10,546.84
Q2 Forecast,2026-05-01,101,North America,10,14447.8
Q2 Forecast,2026-05-01,101,Europe,12,18444.0
Q2 Forecast,2026-05-01,101,Asia Pacific,7,9913.65
Q2 Forecast,2026-05-01,102,North America,12,14310.0
Q2 Forecast,2026-05-01,102,Europe,3,3561.6
Q2 Forecast,2026-05-01,102,Asia Pacific,4,4706.4
Q2 Forecast,2026-05-01,103,North America,4,3423.8
Q2 Forecast,2026-05-01,103,Europe,8,6892.65
Q2 Forecast,2026-05-01,103,Asia Pacific,5,4324.8
Q2 Forecast,2026-05-01,104,North America,6,1899.52
Q2 Forecast,2026-05-01,104,Europe,8,2611.84
Q2 Forecast,2026-05-01,104,Asia Pacific,4,1255.04
Q2 Forecast,2026-05-01,105,North America,8,21910.2
Q2 Forecast,2026-05-01,105,Asia Pacific,7,17225.0
Q2 Forecast,2026-05-01,106,North America,65,4670.33
Q2 Forecast,2026-05-01,106,Europe,33,2440.35
Q2 Forecast,2026-05-01,106,Asia Pacific,58,4349.02
Q2 Forecast,2026-05-01,107,North America,50,2228.44
Q2 Forecast,2026-05-01,107,Europe,24,1062.59
Q2 Forecast,2026-05-01,107,Asia Pacific,3,137.7
Q2 Forecast,2026-05-01,108,North America,17,193.39
Q2 Forecast,2026-05-01,108,Europe,43,473.08
Q2 Forecast,2026-05-01,108,Asia Pacific,12,145.66
Q2 Forecast,2026-05-01,109,North America,25,1352.01
Q2 Forecast,2026-05-01,109,Europe,12,656.37
Q2 Forecast,2026-05-01,109,Asia Pacific,36,1985.94
Q2 Forecast,2026-05-01,110,North America,28,958.55
Q2 Forecast,2026-05-01,110,Europe,12,428.4
Q2 Forecast,2026-05-01,110,Asia Pacific,21,737.21
Q2 Forecast,2026-05-01,111,North America,10,645.58
Q2 Forecast,2026-05-01,111,Europe,45,2920.32
Q2 Forecast,2026-05-01,111,Asia Pacific,4,270.4
Q2 Forecast,2026-05-01,112,North America,42,2875.6
Q2 Forecast,2026-05-01,112,Europe,25,1820.0
Q2 Forecast,2026-05-01,112,Asia Pacific,21,1463.28
Q2 Forecast,2026-05-01,113,North America,9,254.8
Q2 Forecast,2026-05-01,113,Europe,9,241.7
Q2 Forecast,2026-05-01,113,Asia Pacific,15,428.06
Q2 Forecast,2026-05-01,114,North America,26,3144.96
Q2 Forecast,2026-05-01,114,Europe,81,9990.24
Q2 Forecast,2026-05-01,114,Asia Pacific,6,636.48
Q2 Forecast,2026-05-01,115,North America,17,214.76
Q2 Forecast,2026-05-01,115,Europe,19,270.82
Q2 Forecast,2026-05-01,115,Asia Pacific,16,224.22
Q2 Forecast,2026-05-01,116,North America,23,1079.57
Q2 Forecast,2026-05-01,116,Europe,38,1669.92
Q2 Forecast,2026-05-01,116,Asia Pacific,36,1679.33
Q2 Forecast,2026-05-01,117,North America,19,662.87
Q2 Forecast,2026-05-01,117,Europe,16,592.12
Q2 Forecast,2026-05-01,117,Asia Pacific,13,480.4
Q2 Forecast,2026-05-01,118,North America,22,507.15
Q2 Forecast,2026-05-01,118,Europe,18,432.43
Q2 Forecast,2026-05-01,118,Asia Pacific,20,442.23
Q2 Forecast,2026-05-01,119,North America,32,2490.67
Q2 Forecast,2026-05-01,119,Europe,23,1840.93
Q2 Forecast,2026-05-01,119,Asia Pacific,30,2499.0
Q2 Forecast,2026-05-01,120,North America,24,1381.8
Q2 Forecast,2026-05-01,120,Europe,48,2822.4
Q2 Forecast,2026-05-01,120,Asia Pacific,25,1399.44
Q2 Forecast,2026-06-01,101,North America,6,8837.75
Q2 Forecast,2026-06-01,101,Europe,7,10451.6
Q2 Forecast,2026-06-01,101,Asia Pacific,6,9222.0
Q2 Forecast,2026-06-01,102,North America,5,6232.8
Q2 Forecast,2026-06-01,102,Europe,15,18634.8
Q2 Forecast,2026-06-01,102,Asia Pacific,2,2544.0
Q2 Forecast,2026-06-01,103,North America,4,3333.7
Q2 Forecast,2026-06-01,103,Europe,5,4369.85
Q2 Forecast,2026-06-01,103,Asia Pacific,8,7208.0
Q2 Forecast,2026-06-01,104,North America,3,1000.64
Q2 Forecast,2026-06-01,104,Europe,6,1984.32
Q2 Forecast,2026-06-01,104,Asia Pacific,2,678.4
Q2 Forecast,2026-06-01,105,North America,11,29351.4
Q2 Forecast,2026-06-01,105,Europe,13,35276.8
Q2 Forecast,2026-06-01,105,Asia Pacific,2,5512.0
Q2 Forecast,2026-06-01,106,North America,37,2673.67
Q2 Forecast,2026-06-01,106,Europe,80,5913.45
Q2 Forecast,2026-06-01,106,Asia Pacific,35,2501.55
Q2 Forecast,2026-06-01,107,North America,62,2597.94
Q2 Forecast,2026-06-01,107,Europe,43,1870.43
Q2 Forecast,2026-06-01,107,Asia Pacific,29,1289.79
Q2 Forecast,2026-06-01,108,North America,31,372.71
Q2 Forecast,2026-06-01,108,Europe,6,67.93
Q2 Forecast,2026-06-01,108,Asia Pacific,13,148.1
Q2 Forecast,2026-06-01,109,North America,51,2625.48
Q2 Forecast,2026-06-01,109,Europe,65,3531.5
Q2 Forecast,2026-06-01,109,Asia Pacific,19,922.85
Q2 Forecast,2026-06-01,110,North America,37,1272.7
Q2 Forecast,2026-06-01,110,Europe,6,203.49
Q2 Forecast,2026-06-01,110,Asia Pacific,16,571.2
Q2 Forecast,2026-06-01,111,North America,44,2822.3
Q2 Forecast,2026-06-01,111,Europe,56,3390.14
Q2 Forecast,2026-06-01,111,Asia Pacific,11,733.46
Q2 Forecast,2026-06-01,112,North America,28,1951.04
Q2 Forecast,2026-06-01,112,Europe,47,3235.96
Q2 Forecast,2026-06-01,112,Asia Pacific,38,2722.72
Q2 Forecast,2026-06-01,113,North America,32,885.25
Q2 Forecast,2026-06-01,113,Europe,40,1064.34
Q2 Forecast,2026-06-01,113,Asia Pacific,19,527.07
Q2 Forecast,2026-06-01,114,North America,2,249.6
Q2 Forecast,2026-06-01,114,Europe,55,6751.68
Q2 Forecast,2026-06-01,114,Asia Pacific,29,3544.32
Q2 Forecast,2026-06-01,115,North America,14,192.92
Q2 Forecast,2026-06-01,115,Europe,49,687.23
Q2 Forecast,2026-06-01,115,Asia Pacific,55,783.33
Q2 Forecast,2026-06-01,116,North America,29,1342.99
Q2 Forecast,2026-06-01,116,Europe,26,1124.26
Q2 Forecast,2026-06-01,117,North America,29,1037.13
Q2 Forecast,2026-06-01,117,Europe,25,919.83
Q2 Forecast,2026-06-01,117,Asia Pacific,12,441.29
Q2 Forecast,2026-06-01,118,North America,30,733.77
Q2 Forecast,2026-06-01,118,Europe,22,524.3
Q2 Forecast,2026-06-01,118,Asia Pacific,18,421.4
Q2 Forecast,2026-06-01,119,North America,10,833.0
Q2 Forecast,2026-06-01,119,Europe,19,1520.22
Q2 Forecast,2026-06-01,119,Asia Pacific,21,1645.17
Q2 Forecast,2026-06-01,120,North America,18,908.46
Q2 Forecast,2026-06-01,120,Europe,21,1128.96
Q2 Forecast,2026-06-01,120,Asia Pacific,26,1511.16
Q2 Forecast,2026-07-01,101,North America,1,1467.75
Q2 Forecast,2026-07-01,101,Europe,4,5871.0
Q2 Forecast,2026-07-01,101,Asia Pacific,10,14677.51
Q2 Forecast,2026-07-01,102,North America,12,14646.58
Q2 Forecast,2026-07-01,102,Europe,3,3661.64
Q2 Forecast,2026-07-01,102,Asia Pacific,3,3661.64
Q2 Forecast,2026-07-01,103,North America,7,6012.22
Q2 Forecast,2026-07-01,103,Europe,10,8588.88
Q2 Forecast,2026-07-01,103,Asia Pacific,3,2576.66
Q2 Forecast,2026-07-01,104,North America,6,1949.02
Q2 Forecast,2026-07-01,104,Asia Pacific,1,324.84
Q2 Forecast,2026-07-01,105,North America,17,44977.92
Q2 Forecast,2026-07-01,105,Europe,17,44977.92
Q2 Forecast,2026-07-01,105,Asia Pacific,7,18520.32
Q2 Forecast,2026-07-01,106,North America,29,2129.24
Q2 Forecast,2026-07-01,106,Europe,21,1541.86
Q2 Forecast,2026-07-01,106,Asia Pacific,6,440.53
Q2 Forecast,2026-07-01,107,North America,37,1618.32
Q2 Forecast,2026-07-01,107,Europe,25,1093.46
Q2 Forecast,2026-07-01,107,Asia Pacific,12,524.86
Q2 Forecast,2026-07-01,108,North America,10,115.91
Q2 Forecast,2026-07-01,108,Europe,38,440.45
Q2 Forecast,2026-07-01,108,Asia Pacific,4,46.36
Q2 Forecast,2026-07-01,109,North America,12,644.12
Q2 Forecast,2026-07-01,109,Europe,33,1771.32
Q2 Forecast,2026-07-01,109,Asia Pacific,10,536.76
Q2 Forecast,2026-07-01,110,North America,24,820.24
Q2 Forecast,2026-07-01,110,Europe,51,1743.02
Q2 Forecast,2026-07-01,110,Asia Pacific,29,991.13
Q2 Forecast,2026-07-01,111,North America,33,2126.88
Q2 Forecast,2026-07-01,111,Europe,37,2384.68
Q2 Forecast,2026-07-01,111,Asia Pacific,54,3480.35
Q2 Forecast,2026-07-01,112,North America,31,2173.47
Q2 Forecast,2026-07-01,112,Europe,24,1682.68
Q2 Forecast,2026-07-01,113,North America,47,1307.87
Q2 Forecast,2026-07-01,113,Europe,60,1669.62
Q2 Forecast,2026-07-01,113,Asia Pacific,22,612.19
Q2 Forecast,2026-07-01,114,North America,21,2540.34
Q2 Forecast,2026-07-01,114,Europe,16,1935.5
Q2 Forecast,2026-07-01,114,Asia Pacific,14,1693.56
Q2 Forecast,2026-07-01,115,North America,41,573.08
Q2 Forecast,2026-07-01,115,Europe,32,447.28
Q2 Forecast,2026-07-01,115,Asia Pacific,17,237.62
Q2 Forecast,2026-07-01,116,North America,14,638.24
Q2 Forecast,2026-07-01,116,Europe,11,501.47
Q2 Forecast,2026-07-01,116,Asia Pacific,11,501.47
Q2 Forecast,2026-07-01,117,North America,15,534.67
Q2 Forecast,2026-07-01,117,Europe,27,962.41
Q2 Forecast,2026-07-01,117,Asia Pacific,5,178.22
Q2 Forecast,2026-07-01,118,North America,16,376.53
Q2 Forecast,2026-07-01,118,Europe,21,494.19
Q2 Forecast,2026-07-01,118,Asia Pacific,12,282.4
Q2 Forecast,2026-07-01,119,North America,26,2057.82
Q2 Forecast,2026-07-01,119,Europe,22,1741.24
Q2 Forecast,2026-07-01,119,Asia Pacific,6,474.88
Q2 Forecast,2026-07-01,120,North America,1,56.58
Q2 Forecast,2026-07-01,120,Europe,22,1244.86
Q2 Forecast,2026-07-01,120,Asia Pacific,1,56.58
Q2 Forecast,2026-08-01,101,North America,8,11742.0
Q2 Forecast,2026-08-01,101,Europe,11,16145.26
Q2 Forecast,2026-08-01,101,Asia Pacific,10,14677.51
Q2 Forecast,2026-08-01,102,North America,2,2441.1
Q2 Forecast,2026-08-01,102,Europe,3,3661.64
Q2 Forecast,2026-08-01,102,Asia Pacific,4,4882.19
Q2 Forecast,2026-08-01,103,North America,3,2576.66
Q2 Forecast,2026-08-01,103,Europe,6,5153.33
Q2 Forecast,2026-08-01,103,Asia Pacific,8,6871.1
Q2 Forecast,2026-08-01,104,North America,7,2273.85
Q2 Forecast,2026-08-01,104,Europe,1,324.84
Q2 Forecast,2026-08-01,104,Asia Pacific,2,649.67
Q2 Forecast,2026-08-01,105,North America,7,18520.32
Q2 Forecast,2026-08-01,105,Europe,22,58206.72
Q2 Forecast,2026-08-01,105,Asia Pacific,8,21166.08
Q2 Forecast,2026-08-01,106,North America,72,5286.38
Q2 Forecast,2026-08-01,106,Europe,23,1688.71
Q2 Forecast,2026-08-01,106,Asia Pacific,23,1688.71
Q2 Forecast,2026-08-01,107,North America,18,787.29
Q2 Forecast,2026-08-01,107,Europe,1,43.74
Q2 Forecast,2026-08-01,107,Asia Pacific,21,918.51
Q2 Forecast,2026-08-01,108,North America,59,683.86
Q2 Forecast,2026-08-01,108,Europe,20,231.82
Q2 Forecast,2026-08-01,108,Asia Pacific,11,127.5
Q2 Forecast,2026-08-01,109,North America,25,1341.91
Q2 Forecast,2026-08-01,109,Europe,19,1019.85
Q2 Forecast,2026-08-01,109,Asia Pacific,29,1556.62
Q2 Forecast,2026-08-01,110,North America,28,956.95
Q2 Forecast,2026-08-01,110,Europe,14,478.48
Q2 Forecast,2026-08-01,110,Asia Pacific,21,717.71
Q2 Forecast,2026-08-01,111,North America,40,2578.03
Q2 Forecast,2026-08-01,111,Europe,47,3029.19
Q2 Forecast,2026-08-01,111,Asia Pacific,32,2062.43
Q2 Forecast,2026-08-01,112,North America,16,1121.79
Q2 Forecast,2026-08-01,112,Europe,25,1752.8
Q2 Forecast,2026-08-01,112,Asia Pacific,60,4206.71
Q2 Forecast,2026-08-01,113,North America,27,751.33
Q2 Forecast,2026-08-01,113,Europe,7,194.79
Q2 Forecast,2026-08-01,113,Asia Pacific,42,1168.73
Q2 Forecast,2026-08-01,114,North America,23,2782.28
Q2 Forecast,2026-08-01,114,Europe,31,3750.03
Q2 Forecast,2026-08-01,114,Asia Pacific,3,362.91
Q2 Forecast,2026-08-01,115,North America,29,405.35
Q2 Forecast,2026-08-01,115,Europe,7,97.84
Q2 Forecast,2026-08-01,115,Asia Pacific,31,433.31
Q2 Forecast,2026-08-01,116,North America,19,866.18
Q2 Forecast,2026-08-01,116,Europe,9,410.3
Q2 Forecast,2026-08-01,116,Asia Pacific,28,1276.48
Q2 Forecast,2026-08-01,117,North America,29,1033.7
Q2 Forecast,2026-08-01,117,Europe,6,213.87
Q2 Forecast,2026-08-01,117,Asia Pacific,6,213.87
Q2 Forecast,2026-08-01,118,North America,6,141.2
Q2 Forecast,2026-08-01,118,Europe,15,353.0
Q2 Forecast,2026-08-01,118,Asia Pacific,18,423.6
Q2 Forecast,2026-08-01,119,North America,28,2216.12
Q2 Forecast,2026-08-01,119,Europe,19,1503.79
Q2 Forecast,2026-08-01,119,Asia Pacific,17,1345.5
Q2 Forecast,2026-08-01,120,North America,24,1358.03
Q2 Forecast,2026-08-01,120,Europe,2,113.17
Q2 Forecast,2026-08-01,120,Asia Pacific,18,1018.52
Q2 Forecast,2026-09-01,101,North America,3,4403.25
Q2 Forecast,2026-09-01,102,North America,6,7323.29
Q2 Forecast,2026-09-01,102,Europe,9,10984.93
Q2 Forecast,2026-09-01,102,Asia Pacific,4,4882.19
Q2 Forecast,2026-09-01,103,North America,2,1717.78
Q2 Forecast,2026-09-01,103,Europe,7,6012.22
Q2 Forecast,2026-09-01,103,Asia Pacific,12,10306.66
Q2 Forecast,2026-09-01,104,North America,9,2923.52
Q2 Forecast,2026-09-01,104,Europe,11,3573.2
Q2 Forecast,2026-09-01,104,Asia Pacific,16,5197.37
Q2 Forecast,2026-09-01,105,North America,8,21166.08
Q2 Forecast,2026-09-01,105,Europe,4,10583.04
Q2 Forecast,2026-09-01,105,Asia Pacific,2,5291.52
Q2 Forecast,2026-09-01,106,North America,23,1688.71
Q2 Forecast,2026-09-01,106,Europe,50,3671.1
Q2 Forecast,2026-09-01,106,Asia Pacific,11,807.64
Q2 Forecast,2026-09-01,107,North America,41,1793.28
Q2 Forecast,2026-09-01,107,Europe,25,1093.46
Q2 Forecast,2026-09-01,107,Asia Pacific,7,306.17
Q2 Forecast,2026-09-01,108,North America,12,139.09
Q2 Forecast,2026-09-01,108,Europe,38,440.45
Q2 Forecast,2026-09-01,108,Asia Pacific,20,231.82
Q2 Forecast,2026-09-01,109,North America,7,375.73
Q2 Forecast,2026-09-01,109,Europe,3,161.03
Q2 Forecast,2026-09-01,109,Asia Pacific,7,375.73
Q2 Forecast,2026-09-01,110,North America,19,649.36
Q2 Forecast,2026-09-01,110,Europe,25,854.42
Q2 Forecast,2026-09-01,110,Asia Pacific,3,102.53
Q2 Forecast,2026-09-01,111,North America,5,322.25
Q2 Forecast,2026-09-01,111,Europe,8,515.61
Q2 Forecast,2026-09-01,111,Asia Pacific,9,580.06
Q2 Forecast,2026-09-01,112,North America,42,2944.7
Q2 Forecast,2026-09-01,112,Europe,16,1121.79
Q2 Forecast,2026-09-01,112,Asia Pacific,30,2103.36
Q2 Forecast,2026-09-01,113,North America,27,751.33
Q2 Forecast,2026-09-01,113,Europe,22,612.19
Q2 Forecast,2026-09-01,113,Asia Pacific,25,695.67
Q2 Forecast,2026-09-01,114,North America,6,725.81
Q2 Forecast,2026-09-01,114,Europe,23,2782.28
Q2 Forecast,2026-09-01,114,Asia Pacific,16,1935.5
Q2 Forecast,2026-09-01,115,North America,10,139.78
Q2 Forecast,2026-09-01,115,Europe,21,293.53
Q2 Forecast,2026-09-01,115,Asia Pacific,10,139.78
Q2 Forecast,2026-09-01,116,North America,42,1914.72
Q2 Forecast,2026-09-01,116,Europe,36,1641.19
Q2 Forecast,2026-09-01,116,Asia Pacific,6,273.53
Q2 Forecast,2026-09-01,117,North America,6,213.87
Q2 Forecast,2026-09-01,117,Europe,11,392.09
Q2 Forecast,2026-09-01,117,Asia Pacific,11,392.09
Q2 Forecast,2026-09-01,118,North America,21,494.19
Q2 Forecast,2026-09-01,118,Europe,11,258.86
Q2 Forecast,2026-09-01,118,Asia Pacific,2,47.07
Q2 Forecast,2026-09-01,119,North America,12,949.76
Q2 Forecast,2026-09-01,119,Europe,32,2532.71
Q2 Forecast,2026-09-01,119,Asia Pacific,11,870.62
Q2 Forecast,2026-09-01,120,North America,12,679.01
Q2 Forecast,2026-09-01,120,Europe,14,792.18
Q2 Forecast,2026-09-01,120,Asia Pacific,17,961.94
Q2 Forecast,2026-10-01,101,North America,2,2935.5
Q2 Forecast,2026-10-01,101,Europe,6,8806.5
Q2 Forecast,2026-10-01,101,Asia Pacific,4,5871.0
Q2 Forecast,2026-10-01,102,Asia Pacific,3,3661.64
Q2 Forecast,2026-10-01,103,North America,1,858.89
Q2 Forecast,2026-10-01,103,Europe,3,2576.66
Q2 Forecast,2026-10-01,103,Asia Pacific,1,858.89
Q2 Forecast,2026-10-01,104,North America,3,974.51
Q2 Forecast,2026-10-01,104,Europe,1,324.84
Q2 Forecast,2026-10-01,105,North America,1,2645.76
Q2 Forecast,2026-10-01,105,Europe,2,5291.52
Q2 Forecast,2026-10-01,105,Asia Pacific,2,5291.52
Q2 Forecast,2026-10-01,106,North America,8,587.38
Q2 Forecast,2026-10-01,106,Europe,21,1541.86
Q2 Forecast,2026-10-01,106,Asia Pacific,2,146.84
Q2 Forecast,2026-10-01,107,North America,15,656.08
Q2 Forecast,2026-10-01,107,Europe,41,1793.28
Q2 Forecast,2026-10-01,107,Asia Pacific,6,262.43
Q2 Forecast,2026-10-01,108,North America,7,81.14
Q2 Forecast,2026-10-01,108,Europe,8,92.73
Q2 Forecast,2026-10-01,108,Asia Pacific,7,81.14
Q2 Forecast,2026-10-01,109,North America,10,536.76
Q2 Forecast,2026-10-01,109,Europe,59,3166.91
Q2 Forecast,2026-10-01,109,Asia Pacific,11,590.44
Q2 Forecast,2026-10-01,110,North America,27,922.77
Q2 Forecast,2026-10-01,110,Europe,19,649.36
Q2 Forecast,2026-10-01,110,Asia Pacific,18,615.18
Q2 Forecast,2026-10-01,111,North America,23,1482.37
Q2 Forecast,2026-10-01,111,Europe,16,1031.21
Q2 Forecast,2026-10-01,111,Asia Pacific,27,1740.17
Q2 Forecast,2026-10-01,112,North America,9,631.01
Q2 Forecast,2026-10-01,112,Europe,37,2594.14
Q2 Forecast,2026-10-01,112,Asia Pacific,6,420.67
Q2 Forecast,2026-10-01,113,North America,7,194.79
Q2 Forecast,2026-10-01,113,Europe,9,250.44
Q2 Forecast,2026-10-01,113,Asia Pacific,33,918.29
Q2 Forecast,2026-10-01,114,North America,25,3024.22
Q2 Forecast,2026-10-01,114,Asia Pacific,5,604.84
Q2 Forecast,2026-10-01,115,North America,11,153.75
Q2 Forecast,2026-10-01,115,Europe,23,321.48
Q2 Forecast,2026-10-01,115,Asia Pacific,3,41.93
Q2 Forecast,2026-10-01,116,North America,8,364.71
Q2 Forecast,2026-10-01,116,Europe,8,364.71
Q2 Forecast,2026-10-01,116,Asia Pacific,9,410.3
Q2 Forecast,2026-10-01,117,North America,21,748.54
Q2 Forecast,2026-10-01,117,Europe,12,427.74
Q2 Forecast,2026-10-01,117,Asia Pacific,4,142.58
Q2 Forecast,2026-10-01,118,North America,9,211.8
Q2 Forecast,2026-10-01,118,Europe,17,400.06
Q2 Forecast,2026-10-01,118,Asia Pacific,24,564.79
Q2 Forecast,2026-10-01,119,North America,27,2136.97
Q2 Forecast,2026-10-01,119,Europe,2,158.29
Q2 Forecast,2026-10-01,119,Asia Pacific,6,474.88
Q2 Forecast,2026-10-01,120,North America,14,792.18
Q2 Forecast,2026-10-01,120,Asia Pacific,6,339.51
Q2 Forecast,2026-11-01,101,North America,3,4403.25
Q2 Forecast,2026-11-01,101,Asia Pacific,11,16145.26
Q2 Forecast,2026-11-01,102,North America,6,7323.29
Q2 Forecast,2026-11-01,102,Europe,7,8543.84
Q2 Forecast,2026-11-01,103,North America,3,2576.66
Q2 Forecast,2026-11-01,103,Europe,6,5153.33
Q2 Forecast,2026-11-01,103,Asia Pacific,3,2576.66
Q2 Forecast,2026-11-01,104,North America,1,324.84
Q2 Forecast,2026-11-01,104,Asia Pacific,2,649.67
Q2 Forecast,2026-11-01,105,North America,1,2645.76
Q2 Forecast,2026-11-01,105,Europe,18,47623.68
Q2 Forecast,2026-11-01,105,Asia Pacific,6,15874.56
Q2 Forecast,2026-11-01,106,North America,44,3230.57
Q2 Forecast,2026-11-01,106,Europe,28,2055.82
Q2 Forecast,2026-11-01,106,Asia Pacific,8,587.38
Q2 Forecast,2026-11-01,107,North America,3,131.22
Q2 Forecast,2026-11-01,107,Europe,15,656.08
Q2 Forecast,2026-11-01,107,Asia Pacific,14,612.34
Q2 Forecast,2026-11-01,108,North America,23,266.59
Q2 Forecast,2026-11-01,108,Europe,65,753.4
Q2 Forecast,2026-11-01,108,Asia Pacific,20,231.82
Q2 Forecast,2026-11-01,109,North America,59,3166.91
Q2 Forecast,2026-11-01,109,Europe,51,2737.5
Q2 Forecast,2026-11-01,109,Asia Pacific,7,375.73
Q2 Forecast,2026-11-01,110,North America,28,956.95
Q2 Forecast,2026-11-01,110,Europe,90,3075.91
Q2 Forecast,2026-11-01,110,Asia Pacific,20,683.54
Q2 Forecast,2026-11-01,111,North America,13,837.86
Q2 Forecast,2026-11-01,111,Europe,39,2513.58
Q2 Forecast,2026-11-01,111,Asia Pacific,30,1933.53
Q2 Forecast,2026-11-01,112,North America,9,631.01
Q2 Forecast,2026-11-01,112,Europe,58,4066.49
Q2 Forecast,2026-11-01,112,Asia Pacific,6,420.67
Q2 Forecast,2026-11-01,113,North America,30,834.81
Q2 Forecast,2026-11-01,113,Europe,1,27.83
Q2 Forecast,2026-11-01,113,Asia Pacific,3,83.48
Q2 Forecast,2026-11-01,114,North America,51,6169.4
Q2 Forecast,2026-11-01,114,Europe,18,2177.44
Q2 Forecast,2026-11-01,114,Asia Pacific,21,2540.34
Q2 Forecast,2026-11-01,115,North America,31,433.31
Q2 Forecast,2026-11-01,115,Europe,44,615.01
Q2 Forecast,2026-11-01,115,Asia Pacific,34,475.24
Q2 Forecast,2026-11-01,116,North America,19,866.18
Q2 Forecast,2026-11-01,116,Europe,14,638.24
Q2 Forecast,2026-11-01,116,Asia Pacific,14,638.24
Q2 Forecast,2026-11-01,117,North America,11,392.09
Q2 Forecast,2026-11-01,117,Europe,11,392.09
Q2 Forecast,2026-11-01,117,Asia Pacific,7,249.51
Q2 Forecast,2026-11-01,118,North America,49,1153.12
Q2 Forecast,2026-11-01,118,Europe,22,517.73
Q2 Forecast,2026-11-01,119,North America,16,1266.35
Q2 Forecast,2026-11-01,119,Europe,35,2770.15
Q2 Forecast,2026-11-01,119,Asia Pacific,9,712.32
Q2 Forecast,2026-11-01,120,North America,32,1810.7
Q2 Forecast,2026-11-01,120,Europe,9,509.26
Q2 Forecast,2026-11-01,120,Asia Pacific,11,622.43
Q2 Forecast,2026-12-01,101,North America,7,10274.25
Q2 Forecast,2026-12-01,101,Europe,7,10274.25
Q2 Forecast,2026-12-01,101,Asia Pacific,9,13209.75
Q2 Forecast,2026-12-01,102,North America,2,2441.1
Q2 Forecast,2026-12-01,102,Europe,2,2441.1
Q2 Forecast,2026-12-01,102,Asia Pacific,9,10984.93
Q2 Forecast,2026-12-01,103,North America,8,6871.1
Q2 Forecast,2026-12-01,103,Europe,2,1717.78
Q2 Forecast,2026-12-01,103,Asia Pacific,16,13742.21
Q2 Forecast,2026-12-01,104,North America,16,5197.37
Q2 Forecast,2026-12-01,104,Europe,18,5847.05
Q2 Forecast,2026-12-01,105,North America,12,31749.12
Q2 Forecast,2026-12-01,105,Asia Pacific,10,26457.6
Q2 Forecast,2026-12-01,106,North America,55,4038.21
Q2 Forecast,2026-12-01,106,Europe,25,1835.55
Q2 Forecast,2026-12-01,106,Asia Pacific,35,2569.77
Q2 Forecast,2026-12-01,107,North America,19,831.03
Q2 Forecast,2026-12-01,107,Europe,23,1005.99
Q2 Forecast,2026-12-01,107,Asia Pacific,10,437.38
Q2 Forecast,2026-12-01,108,North America,42,486.81
Q2 Forecast,2026-12-01,108,Europe,17,197.04
Q2 Forecast,2026-12-01,108,Asia Pacific,25,289.77
Q2 Forecast,2026-12-01,109,North America,38,2039.7
Q2 Forecast,2026-12-01,109,Europe,39,2093.38
Q2 Forecast,2026-12-01,109,Asia Pacific,10,536.76
Q2 Forecast,2026-12-01,110,North America,33,1127.83
Q2 Forecast,2026-12-01,110,Europe,9,307.59
Q2 Forecast,2026-12-01,110,Asia Pacific,42,1435.43
Q2 Forecast,2026-12-01,111,North America,19,1224.57
Q2 Forecast,2026-12-01,111,Europe,3,193.35
Q2 Forecast,2026-12-01,111,Asia Pacific,31,1997.98
Q2 Forecast,2026-12-01,112,North America,14,981.57
Q2 Forecast,2026-12-01,112,Europe,13,911.45
Q2 Forecast,2026-12-01,112,Asia Pacific,49,3435.48
Q2 Forecast,2026-12-01,113,North America,7,194.79
Q2 Forecast,2026-12-01,113,Europe,10,278.27
Q2 Forecast,2026-12-01,113,Asia Pacific,64,1780.92
Q2 Forecast,2026-12-01,114,North America,15,1814.53
Q2 Forecast,2026-12-01,114,Europe,13,1572.59
Q2 Forecast,2026-12-01,114,Asia Pacific,14,1693.56
Q2 Forecast,2026-12-01,115,North America,17,237.62
Q2 Forecast,2026-12-01,115,Europe,30,419.33
Q2 Forecast,2026-12-01,115,Asia Pacific,35,489.22
Q2 Forecast,2026-12-01,116,North America,8,364.71
Q2 Forecast,2026-12-01,116,Europe,38,1732.37
Q2 Forecast,2026-12-01,116,Asia Pacific,3,136.77
Q2 Forecast,2026-12-01,117,North America,40,1425.8
Q2 Forecast,2026-12-01,117,Europe,31,1104.99
Q2 Forecast,2026-12-01,117,Asia Pacific,28,998.06
Q2 Forecast,2026-12-01,118,North America,25,588.33
Q2 Forecast,2026-12-01,118,Europe,17,400.06
Q2 Forecast,2026-12-01,118,Asia Pacific,15,353.0
Q2 Forecast,2026-12-01,119,North America,19,1503.79
Q2 Forecast,2026-12-01,119,Europe,6,474.88
Q2 Forecast,2026-12-01,119,Asia Pacific,4,316.59
Q2 Forecast,2026-12-01,120,North America,27,1527.78
Q2 Forecast,2026-12-01,120,Europe,14,792.18
Q2 Forecast,2026-12-01,120,Asia Pacific,19,1075.1
Latest Estimate,2026-01-01,101,North America,4,5917.45
Latest Estimate,2026-01-01,101,Asia Pacific,3,4380.45
Latest Estimate,2026-01-01,102,North America,4,4452.0
Latest Estimate,2026-01-01,102,Europe,6,7632.0
Latest Estimate,2026-01-01,103,North America,9,7838.7
Latest Estimate,2026-01-01,103,Europe,4,3423.8
Latest Estimate,2026-01-01,103,Asia Pacific,2,1802.0
Latest Estimate,2026-01-01,104,North America,10,3273.28
Latest Estimate,2026-01-01,104,Europe,7,2357.44
Latest Estimate,2026-01-01,104,Asia Pacific,4,1238.08
Latest Estimate,2026-01-01,105,North America,5,12953.2
Latest Estimate,2026-01-01,105,Europe,6,16536.0
Latest Estimate,2026-01-01,105,Asia Pacific,4,10197.2
Latest Estimate,2026-01-01,106,North America,20,1476.45
Latest Estimate,2026-01-01,106,Europe,25,1889.55
Latest Estimate,2026-01-01,106,Asia Pacific,20,1484.1
Latest Estimate,2026-01-01,107,North America,40,1755.67
Latest Estimate,2026-01-01,107,Europe,10,440.64
Latest Estimate,2026-01-01,108,North America,5,56.3
Latest Estimate,2026-01-01,108,Europe,25,283.36
Latest Estimate,2026-01-01,108,Asia Pacific,1,12.24
Latest Estimate,2026-01-01,109,North America,8,437.58
Latest Estimate,2026-01-01,109,Europe,1,50.49
Latest Estimate,2026-01-01,109,Asia Pacific,26,1436.16
Latest Estimate,2026-01-01,110,North America,16,553.35
Latest Estimate,2026-01-01,110,Europe,19,622.97
Latest Estimate,2026-01-01,110,Asia Pacific,14,473.03
Latest Estimate,2026-01-01,111,North America,37,2470.78
Latest Estimate,2026-01-01,111,Europe,49,3224.52
Latest Estimate,2026-01-01,111,Asia Pacific,9,608.4
Latest Estimate,2026-01-01,112,North America,4,291.2
Latest Estimate,2026-01-01,112,Europe,4,269.36
Latest Estimate,2026-01-01,112,Asia Pacific,16,1055.6
Latest Estimate,2026-01-01,113,North America,21,599.87
Latest Estimate,2026-01-01,113,Europe,4,99.01
Latest Estimate,2026-01-01,113,Asia Pacific,16,448.45
Latest Estimate,2026-01-01,114,North America,11,1310.4
Latest Estimate,2026-01-01,114,Europe,13,1622.4
Latest Estimate,2026-01-01,114,Asia Pacific,21,2620.8
Latest Estimate,2026-01-01,115,North America,42,600.6
Latest Estimate,2026-01-01,115,Europe,7,99.74
Latest Estimate,2026-01-01,115,Asia Pacific,10,145.6
Latest Estimate,2026-01-01,116,North America,11,475.1
Latest Estimate,2026-01-01,116,Europe,5,211.68
Latest Estimate,2026-01-01,116,Asia Pacific,11,517.44
Latest Estimate,2026-01-01,117,North America,27,979.41
Latest Estimate,2026-01-01,117,Europe,28,998.03
Latest Estimate,2026-01-01,117,Asia Pacific,3,106.13
Latest Estimate,2026-01-01,118,North America,13,300.12
Latest Estimate,2026-01-01,118,Europe,58,1401.4
Latest Estimate,2026-01-01,118,Asia Pacific,4,93.1
Latest Estimate,2026-01-01,119,North America,41,3402.8
Latest Estimate,2026-01-01,119,Europe,1,83.3
Latest Estimate,2026-01-01,119,Asia Pacific,8,616.42
Latest Estimate,2026-01-01,120,North America,6,352.8
Latest Estimate,2026-01-01,120,Europe,17,964.32
Latest Estimate,2026-01-01,120,Asia Pacific,16,911.4
Latest Estimate,2026-02-01,101,North America,2,2843.45
Latest Estimate,2026-02-01,101,Europe,2,3074.0
Latest Estimate,2026-02-01,101,Asia Pacific,4,5840.6
Latest Estimate,2026-02-01,102,Europe,8,10176.0
Latest Estimate,2026-02-01,102,Asia Pacific,7,8904.0
Latest Estimate,2026-02-01,103,North America,1,855.95
Latest Estimate,2026-02-01,103,Europe,11,9595.65
Latest Estimate,2026-02-01,103,Asia Pacific,2,1711.9
Latest Estimate,2026-02-01,104,North America,11,3510.72
Latest Estimate,2026-02-01,104,Europe,4,1356.8
Latest Estimate,2026-02-01,104,Asia Pacific,4,1255.04
Latest Estimate,2026-02-01,105,North America,2,5236.4
Latest Estimate,2026-02-01,105,Asia Pacific,3,7441.2
Latest Estimate,2026-02-01,106,North America,30,2157.3
Latest Estimate,2026-02-01,106,Europe,47,3446.32
Latest Estimate,2026-02-01,106,Asia Pacific,5,367.2
Latest Estimate,2026-02-01,107,North America,14,621.94
Latest Estimate,2026-02-01,107,Europe,22,918.0
Latest Estimate,2026-02-01,107,Asia Pacific,1,45.9
Latest Estimate,2026-02-01,108,North America,29,334.76
Latest Estimate,2026-02-01,108,Europe,1,12.24
Latest Estimate,2026-02-01,108,Asia Pacific,5,59.98
Latest Estimate,2026-02-01,109,North America,14,751.74
Latest Estimate,2026-02-01,109,Europe,7,392.7
Latest Estimate,2026-02-01,109,Asia Pacific,30,1683.0
Latest Estimate,2026-02-01,110,North America,18,642.6
Latest Estimate,2026-02-01,110,Europe,13,449.82
Latest Estimate,2026-02-01,110,Asia Pacific,13,442.68
Latest Estimate,2026-02-01,111,North America,4,270.4
Latest Estimate,2026-02-01,111,Europe,12,746.98
Latest Estimate,2026-02-01,112,North America,27,1907.36
Latest Estimate,2026-02-01,112,Asia Pacific,1,61.88
Latest Estimate,2026-02-01,113,North America,11,311.58
Latest Estimate,2026-02-01,113,Europe,19,516.88
Latest Estimate,2026-02-01,113,Asia Pacific,14,403.31
Latest Estimate,2026-02-01,114,Europe,27,3363.36
Latest Estimate,2026-02-01,114,Asia Pacific,22,2645.76
Latest Estimate,2026-02-01,115,North America,63,864.86
Latest Estimate,2026-02-01,115,Europe,16,228.59
Latest Estimate,2026-02-01,115,Asia Pacific,13,172.54
Latest Estimate,2026-02-01,116,North America,39,1686.38
Latest Estimate,2026-02-01,116,Europe,18,846.72
Latest Estimate,2026-02-01,116,Asia Pacific,27,1241.86
Latest Estimate,2026-02-01,117,Europe,27,938.45
Latest Estimate,2026-02-01,117,Asia Pacific,2,67.03
Latest Estimate,2026-02-01,118,North America,3,66.15
Latest Estimate,2026-02-01,118,Europe,22,532.88
Latest Estimate,2026-02-01,118,Asia Pacific,6,147.0
Latest Estimate,2026-02-01,119,North America,27,1936.72
Latest Estimate,2026-02-01,119,Europe,33,2728.07
Latest Estimate,2026-02-01,119,Asia Pacific,6,449.82
Latest Estimate,2026-02-01,120,North America,16,940.8
Latest Estimate,2026-02-01,120,Europe,4,235.2
Latest Estimate,2026-02-01,120,Asia Pacific,6,335.16
Latest Estimate,2026-03-01,101,North America,13,18597.7
Latest Estimate,2026-03-01,101,Europe,1,1537.0
Latest Estimate,2026-03-01,102,North America,3,3370.8
Latest Estimate,2026-03-01,102,Europe,2,2544.0
Latest Estimate,2026-03-01,102,Asia Pacific,4,4960.8
Latest Estimate,2026-03-01,103,North America,4,3604.0
Latest Estimate,2026-03-01,103,Europe,2,1802.0
Latest Estimate,2026-03-01,103,Asia Pacific,1,901.0
Latest Estimate,2026-03-01,104,North America,5,1662.08
Latest Estimate,2026-03-01,104,Europe,7,2272.64
Latest Estimate,2026-03-01,104,Asia Pacific,1,339.2
Latest Estimate,2026-03-01,105,North America,5,13642.2
Latest Estimate,2026-03-01,105,Europe,4,10197.2
Latest Estimate,2026-03-01,106,North America,28,2034.9
Latest Estimate,2026-03-01,106,Europe,13,956.25
Latest Estimate,2026-03-01,106,Asia Pacific,14,975.38
Latest Estimate,2026-03-01,107,North America,28,1195.69
Latest Estimate,2026-03-01,107,Asia Pacific,37,1670.76
Latest Estimate,2026-03-01,108,North America,44,508.57
Latest Estimate,2026-03-01,108,Europe,3,36.72
Latest Estimate,2026-03-01,108,Asia Pacific,23,263.77
Latest Estimate,2026-03-01,109,North America,33,1792.39
Latest Estimate,2026-03-01,109,Europe,6,336.6
Latest Estimate,2026-03-01,109,Asia Pacific,85,4532.88
Latest Estimate,2026-03-01,110,North America,9,289.17
Latest Estimate,2026-03-01,110,Europe,13,458.75
Latest Estimate,2026-03-01,110,Asia Pacific,5,167.79
Latest Estimate,2026-03-01,111,North America,38,2460.64
Latest Estimate,2026-03-01,111,Asia Pacific,14,885.56
Latest Estimate,2026-03-01,112,North America,23,1554.28
Latest Estimate,2026-03-01,112,Asia Pacific,6,436.8
Latest Estimate,2026-03-01,113,North America,72,2012.19
Latest Estimate,2026-03-01,113,Europe,13,378.56
Latest Estimate,2026-03-01,113,Asia Pacific,21,563.47
Latest Estimate,2026-03-01,114,North America,12,1460.16
Latest Estimate,2026-03-01,114,Europe,11,1335.36
Latest Estimate,2026-03-01,114,Asia Pacific,24,2920.32
Latest Estimate,2026-03-01,115,North America,37,520.52
Latest Estimate,2026-03-01,115,Europe,4,49.5
Latest Estimate,2026-03-01,115,Asia Pacific,15,218.4
Latest Estimate,2026-03-01,116,Europe,23,1060.75
Latest Estimate,2026-03-01,116,Asia Pacific,22,1034.88
Latest Estimate,2026-03-01,117,North America,16,562.32
Latest Estimate,2026-03-01,117,Europe,3,100.55
Latest Estimate,2026-03-01,117,Asia Pacific,8,286.75
Latest Estimate,2026-03-01,118,North America,36,808.5
Latest Estimate,2026-03-01,118,Europe,11,247.45
Latest Estimate,2026-03-01,119,North America,9,708.05
Latest Estimate,2026-03-01,119,Europe,5,416.5
Latest Estimate,2026-03-01,119,Asia Pacific,24,1795.11
Latest Estimate,2026-03-01,120,North America,18,926.1
Latest Estimate,2026-03-01,120,Europe,5,264.6
Latest Estimate,2026-03-01,120,Asia Pacific,37,2157.96
Latest Estimate,2026-04-01,101,North America,2,2766.6
Latest Estimate,2026-04-01,101,Europe,7,9606.25
Latest Estimate,2026-04-01,101,Asia Pacific,5,7685.0
Latest Estimate,2026-04-01,102,North America,3,3498.0
Latest Estimate,2026-04-01,102,Europe,9,10939.2
Latest Estimate,2026-04-01,102,Asia Pacific,2,2162.4
Latest Estimate,2026-04-01,103,North America,7,5676.3
Latest Estimate,2026-04-01,103,Europe,9,7658.5
Latest Estimate,2026-04-01,103,Asia Pacific,6,4595.1
Latest Estimate,2026-04-01,104,Europe,9,2798.4
Latest Estimate,2026-04-01,104,Asia Pacific,7,2340.48
Latest Estimate,2026-04-01,105,North America,5,13228.8
Latest Estimate,2026-04-01,105,Europe,17,44371.6
Latest Estimate,2026-04-01,105,Asia Pacific,3,8268.0
Latest Estimate,2026-04-01,106,North America,36,2700.45
Latest Estimate,2026-04-01,106,Europe,12,891.22
Latest Estimate,2026-04-01,106,Asia Pacific,36,2685.15
Latest Estimate,2026-04-01,107,North America,13,541.62
Latest Estimate,2026-04-01,107,Europe,39,1753.38
Latest Estimate,2026-04-01,107,Asia Pacific,32,1420.61
Latest Estimate,2026-04-01,108,North America,34,386.78
Latest Estimate,2026-04-01,108,Europe,44,525.71
Latest Estimate,2026-04-01,108,Asia Pacific,26,314.57
Latest Estimate,2026-04-01,109,North America,17,900.41
Latest Estimate,2026-04-01,109,Europe,11,538.56
Latest Estimate,2026-04-01,109,Asia Pacific,10,549.78
Latest Estimate,2026-04-01,110,North America,70,2368.69
Latest Estimate,2026-04-01,110,Europe,36,1178.1
Latest Estimate,2026-04-01,110,Asia Pacific,29,997.82
Latest Estimate,2026-04-01,111,North America,10,676.0
Latest Estimate,2026-04-01,111,Europe,7,442.78
Latest Estimate,2026-04-01,111,Asia Pacific,16,1020.76
Latest Estimate,2026-04-01,112,North America,17,1237.6
Latest Estimate,2026-04-01,112,Europe,36,2620.8
Latest Estimate,2026-04-01,112,Asia Pacific,13,895.44
Latest Estimate,2026-04-01,113,North America,18,476.11
Latest Estimate,2026-04-01,113,Europe,43,1212.85
Latest Estimate,2026-04-01,113,Asia Pacific,44,1263.81
Latest Estimate,2026-04-01,114,North America,36,4118.4
Latest Estimate,2026-04-01,114,Europe,43,4954.56
Latest Estimate,2026-04-01,114,Asia Pacific,24,2920.32
Latest Estimate,2026-04-01,115,North America,11,148.51
Latest Estimate,2026-04-01,115,Europe,44,611.52
Latest Estimate,2026-04-01,115,Asia Pacific,8,116.48
Latest Estimate,2026-04-01,116,North America,19,884.35
Latest Estimate,2026-04-01,116,Europe,4,188.16
Latest Estimate,2026-04-01,116,Asia Pacific,32,1505.28
Latest Estimate,2026-04-01,117,North America,21,759.7
Latest Estimate,2026-04-01,117,Europe,20,715.01
Latest Estimate,2026-04-01,117,Asia Pacific,31,1046.44
Latest Estimate,2026-04-01,118,North America,12,282.98
Latest Estimate,2026-04-01,118,Europe,26,614.95
Latest Estimate,2026-04-01,118,Asia Pacific,16,374.85
Latest Estimate,2026-04-01,119,North America,18,1391.11
Latest Estimate,2026-04-01,119,Europe,13,982.94
Latest Estimate,2026-04-01,119,Asia Pacific,25,1965.88
Latest Estimate,2026-04-01,120,North America,27,1534.68
Latest Estimate,2026-04-01,120,Europe,25,1425.9
Latest Estimate,2026-04-01,120,Asia Pacific,10,546.84
Latest Estimate,2026-05-01,101,North America,10,14447.8
Latest Estimate,2026-05-01,101,Europe,12,18444.0
Latest Estimate,2026-05-01,101,Asia Pacific,7,9913.65
Latest Estimate,2026-05-01,102,North America,12,14310.0
Latest Estimate,2026-05-01,102,Europe,3,3561.6
Latest Estimate,2026-05-01,102,Asia Pacific,4,4706.4
Latest Estimate,2026-05-01,103,North America,4,3423.8
Latest Estimate,2026-05-01,103,Europe,8,6892.65
Latest Estimate,2026-05-01,103,Asia Pacific,5,4324.8
Latest Estimate,2026-05-01,104,North America,6,1899.52
Latest Estimate,2026-05-01,104,Europe,8,2611.84
Latest Estimate,2026-05-01,104,Asia Pacific,4,1255.04
Latest Estimate,2026-05-01,105,North America,8,21910.2
Latest Estimate,2026-05-01,105,Asia Pacific,7,17225.0
Latest Estimate,2026-05-01,106,North America,65,4670.33
Latest Estimate,2026-05-01,106,Europe,33,2440.35
Latest Estimate,2026-05-01,106,Asia Pacific,58,4349.02
Latest Estimate,2026-05-01,107,North America,50,2228.44
Latest Estimate,2026-05-01,107,Europe,24,1062.59
Latest Estimate,2026-05-01,107,Asia Pacific,3,137.7
Latest Estimate,2026-05-01,108,North America,17,193.39
Latest Estimate,2026-05-01,108,Europe,43,473.08
Latest Estimate,2026-05-01,108,Asia Pacific,12,145.66
Latest Estimate,2026-05-01,109,North America,25,1352.01
Latest Estimate,2026-05-01,109,Europe,12,656.37
Latest Estimate,2026-05-01,109,Asia Pacific,36,1985.94
Latest Estimate,2026-05-01,110,North America,28,958.55
Latest Estimate,2026-05-01,110,Europe,12,428.4
Latest Estimate,2026-05-01,110,Asia Pacific,21,737.21
Latest Estimate,2026-05-01,111,North America,10,645.58
Latest Estimate,2026-05-01,111,Europe,45,2920.32
Latest Estimate,2026-05-01,111,Asia Pacific,4,270.4
Latest Estimate,2026-05-01,112,North America,42,2875.6
Latest Estimate,2026-05-01,112,Europe,25,1820.0
Latest Estimate,2026-05-01,112,Asia Pacific,21,1463.28
Latest Estimate,2026-05-01,113,North America,9,254.8
Latest Estimate,2026-05-01,113,Europe,9,241.7
Latest Estimate,2026-05-01,113,Asia Pacific,15,428.06
Latest Estimate,2026-05-01,114,North America,26,3144.96
Latest Estimate,2026-05-01,114,Europe,81,9990.24
Latest Estimate,2026-05-01,114,Asia Pacific,6,636.48
Latest Estimate,2026-05-01,115,North America,17,214.76
Latest Estimate,2026-05-01,115,Europe,19,270.82
Latest Estimate,2026-05-01,115,Asia Pacific,16,224.22
Latest Estimate,2026-05-01,116,North America,23,1079.57
Latest Estimate,2026-05-01,116,Europe,38,1669.92
Latest Estimate,2026-05-01,116,Asia Pacific,36,1679.33
Latest Estimate,2026-05-01,117,North America,19,662.87
Latest Estimate,2026-05-01,117,Europe,16,592.12
Latest Estimate,2026-05-01,117,Asia Pacific,13,480.4
Latest Estimate,2026-05-01,118,North America,22,507.15
Latest Estimate,2026-05-01,118,Europe,18,432.43
Latest Estimate,2026-05-01,118,Asia Pacific,20,442.23
Latest Estimate,2026-05-01,119,North America,32,2490.67
Latest Estimate,2026-05-01,119,Europe,23,1840.93
Latest Estimate,2026-05-01,119,Asia Pacific,30,2499.0
Latest Estimate,2026-05-01,120,North America,24,1381.8
Latest Estimate,2026-05-01,120,Europe,48,2822.4
Latest Estimate,2026-05-01,120,Asia Pacific,25,1399.44
Latest Estimate,2026-06-01,101,North America,6,8837.75
Latest Estimate,2026-06-01,101,Europe,7,10451.6
Latest Estimate,2026-06-01,101,Asia Pacific,6,9222.0
Latest Estimate,2026-06-01,102,North America,5,6232.8
Latest Estimate,2026-06-01,102,Europe,15,18634.8
Latest Estimate,2026-06-01,102,Asia Pacific,2,2544.0
Latest Estimate,2026-06-01,103,North America,4,3333.7
Latest Estimate,2026-06-01,103,Europe,5,4369.85
Latest Estimate,2026-06-01,103,Asia Pacific,8,7208.0
Latest Estimate,2026-06-01,104,North America,3,1000.64
Latest Estimate,2026-06-01,104,Europe,6,1984.32
Latest Estimate,2026-06-01,104,Asia Pacific,2,678.4
Latest Estimate,2026-06-01,105,North America,11,29351.4
Latest Estimate,2026-06-01,105,Europe,13,35276.8
Latest Estimate,2026-06-01,105,Asia Pacific,2,5512.0
Latest Estimate,2026-06-01,106,North America,37,2673.67
Latest Estimate,2026-06-01,106,Europe,80,5913.45
Latest Estimate,2026-06-01,106,Asia Pacific,35,2501.55
Latest Estimate,2026-06-01,107,North America,62,2597.94
Latest Estimate,2026-06-01,107,Europe,43,1870.43
Latest Estimate,2026-06-01,107,Asia Pacific,29,1289.79
Latest Estimate,2026-06-01,108,North America,31,372.71
Latest Estimate,2026-06-01,108,Europe,6,67.93
Latest Estimate,2026-06-01,108,Asia Pacific,13,148.1
Latest Estimate,2026-06-01,109,North America,51,2625.48
Latest Estimate,2026-06-01,109,Europe,65,3531.5
Latest Estimate,2026-06-01,109,Asia Pacific,19,922.85
Latest Estimate,2026-06-01,110,North America,37,1272.7
Latest Estimate,2026-06-01,110,Europe,6,203.49
Latest Estimate,2026-06-01,110,Asia Pacific,16,571.2
Latest Estimate,2026-06-01,111,North America,44,2822.3
Latest Estimate,2026-06-01,111,Europe,56,3390.14
Latest Estimate,2026-06-01,111,Asia Pacific,11,733.46
Latest Estimate,2026-06-01,112,North America,28,1951.04
Latest Estimate,2026-06-01,112,Europe,47,3235.96
Latest Estimate,2026-06-01,112,Asia Pacific,38,2722.72
Latest Estimate,2026-06-01,113,North America,32,885.25
Latest Estimate,2026-06-01,113,Europe,40,1064.34
Latest Estimate,2026-06-01,113,Asia Pacific,19,527.07
Latest Estimate,2026-06-01,114,North America,2,249.6
Latest Estimate,2026-06-01,114,Europe,55,6751.68
Latest Estimate,2026-06-01,114,Asia Pacific,29,3544.32
Latest Estimate,2026-06-01,115,North America,14,192.92
Latest Estimate,2026-06-01,115,Europe,49,687.23
Latest Estimate,2026-06-01,115,Asia Pacific,55,783.33
Latest Estimate,2026-06-01,116,North America,29,1342.99
Latest Estimate,2026-06-01,116,Europe,26,1124.26
Latest Estimate,2026-06-01,117,North America,29,1037.13
Latest Estimate,2026-06-01,117,Europe,25,919.83
Latest Estimate,2026-06-01,117,Asia Pacific,12,441.29
Latest Estimate,2026-06-01,118,North America,30,733.77
Latest Estimate,2026-06-01,118,Europe,22,524.3
Latest Estimate,2026-06-01,118,Asia Pacific,18,421.4
Latest Estimate,2026-06-01,119,North America,10,833.0
Latest Estimate,2026-06-01,119,Europe,19,1520.22
Latest Estimate,2026-06-01,119,Asia Pacific,21,1645.17
Latest Estimate,2026-06-01,120,North America,18,908.46
Latest Estimate,2026-06-01,120,Europe,21,1128.96
Latest Estimate,2026-06-01,120,Asia Pacific,26,1511.16
Latest Estimate,2026-07-01,101,North America,9,13525.6
Latest Estimate,2026-07-01,101,Europe,6,8530.35
Latest Estimate,2026-07-01,101,Asia Pacific,8,10451.6
Latest Estimate,2026-07-01,102,North America,8,9794.4
Latest Estimate,2026-07-01,102,Europe,5,6042.0
Latest Estimate,2026-07-01,102,Asia Pacific,10,12656.4
Latest Estimate,2026-07-01,103,North America,2,1802.0
Latest Estimate,2026-07-01,103,Europe,7,5901.55
Latest Estimate,2026-07-01,103,Asia Pacific,5,4234.7
Latest Estimate,2026-07-01,104,North America,10,3290.24
Latest Estimate,2026-07-01,104,Europe,16,5325.44
Latest Estimate,2026-07-01,104,Asia Pacific,5,1594.24
Latest Estimate,2026-07-01,105,North America,6,15984.8
Latest Estimate,2026-07-01,105,Europe,7,17225.0
Latest Estimate,2026-07-01,106,North America,53,3890.02
Latest Estimate,2026-07-01,106,Europe,23,1667.7
Latest Estimate,2026-07-01,106,Asia Pacific,20,1438.2
Latest Estimate,2026-07-01,107,North America,42,1875.01
Latest Estimate,2026-07-01,107,Europe,38,1606.5
Latest Estimate,2026-07-01,107,Asia Pacific,39,1686.82
Latest Estimate,2026-07-01,108,North America,5,57.53
Latest Estimate,2026-07-01,108,Europe,31,373.93
Latest Estimate,2026-07-01,108,Asia Pacific,22,241.13
Latest Estimate,2026-07-01,109,North America,10,510.51
Latest Estimate,2026-07-01,109,Europe,32,1683.0
Latest Estimate,2026-07-01,110,North America,27,931.77
Latest Estimate,2026-07-01,110,Europe,41,1429.78
Latest Estimate,2026-07-01,110,Asia Pacific,14,473.02
Latest Estimate,2026-07-01,111,North America,35,2264.6
Latest Estimate,2026-07-01,111,Europe,24,1541.28
Latest Estimate,2026-07-01,111,Asia Pacific,7,422.5
Latest Estimate,2026-07-01,112,North America,15,1066.52
Latest Estimate,2026-07-01,112,Europe,27,1820.0
Latest Estimate,2026-07-01,112,Asia Pacific,26,1743.56
Latest Estimate,2026-07-01,113,North America,23,656.66
Latest Estimate,2026-07-01,113,Europe,77,2147.6
Latest Estimate,2026-07-01,113,Asia Pacific,30,873.6
Latest Estimate,2026-07-01,114,North America,9,1123.2
Latest Estimate,2026-07-01,114,Europe,63,7687.68
Latest Estimate,2026-07-01,114,Asia Pacific,39,4536.48
Latest Estimate,2026-07-01,115,North America,18,262.08
Latest Estimate,2026-07-01,115,Europe,67,919.46
Latest Estimate,2026-07-01,115,Asia Pacific,7,101.92
Latest Estimate,2026-07-01,116,North America,26,1154.83
Latest Estimate,2026-07-01,116,Europe,53,2431.97
Latest Estimate,2026-07-01,116,Asia Pacific,28,1317.12
Latest Estimate,2026-07-01,117,North America,30,1085.55
Latest Estimate,2026-07-01,117,Europe,56,1979.31
Latest Estimate,2026-07-01,117,Asia Pacific,6,223.44
Latest Estimate,2026-07-01,118,North America,35,801.15
Latest Estimate,2026-07-01,118,Europe,27,661.5
Latest Estimate,2026-07-01,118,Asia Pacific,6,138.43
Latest Estimate,2026-07-01,119,North America,35,2915.5
Latest Estimate,2026-07-01,119,Europe,16,1237.0
Latest Estimate,2026-07-01,119,Asia Pacific,24,1932.56
Latest Estimate,2026-07-01,120,North America,22,1217.16
Latest Estimate,2026-07-01,120,Europe,41,2352.0
Latest Estimate,2026-07-01,120,Asia Pacific,11,623.28
Latest Estimate,2026-08-01,101,North America,18,25667.9
Latest Estimate,2026-08-01,101,Europe,1,1537.0
Latest Estimate,2026-08-01,101,Asia Pacific,10,13525.6
Latest Estimate,2026-08-01,102,North America,2,2353.2
Latest Estimate,2026-08-01,102,Europe,10,12592.8
Latest Estimate,2026-08-01,102,Asia Pacific,5,6232.8
Latest Estimate,2026-08-01,103,North America,2,1531.7
Latest Estimate,2026-08-01,103,Europe,3,2703.0
Latest Estimate,2026-08-01,104,North America,8,2713.6
Latest Estimate,2026-08-01,104,Europe,1,339.2
Latest Estimate,2026-08-01,104,Asia Pacific,7,2306.56
Latest Estimate,2026-08-01,105,North America,14,37343.8
Latest Estimate,2026-08-01,105,Asia Pacific,4,10472.8
Latest Estimate,2026-08-01,106,North America,40,3006.45
Latest Estimate,2026-08-01,106,Europe,24,1793.92
Latest Estimate,2026-08-01,106,Asia Pacific,11,818.55
Latest Estimate,2026-08-01,107,North America,15,688.5
Latest Estimate,2026-08-01,107,Europe,39,1679.94
Latest Estimate,2026-08-01,107,Asia Pacific,12,477.36
Latest Estimate,2026-08-01,108,North America,31,371.48
Latest Estimate,2026-08-01,108,Europe,11,120.56
Latest Estimate,2026-08-01,108,Asia Pacific,20,244.8
Latest Estimate,2026-08-01,109,North America,12,664.79
Latest Estimate,2026-08-01,109,Europe,21,1150.05
Latest Estimate,2026-08-01,109,Asia Pacific,34,1845.69
Latest Estimate,2026-08-01,110,North America,22,749.7
Latest Estimate,2026-08-01,110,Europe,2,62.48
Latest Estimate,2026-08-01,110,Asia Pacific,38,1324.47
Latest Estimate,2026-08-01,111,North America,41,2720.9
Latest Estimate,2026-08-01,111,Europe,22,1446.64
Latest Estimate,2026-08-01,111,Asia Pacific,36,2332.2
Latest Estimate,2026-08-01,112,North America,38,2700.88
Latest Estimate,2026-08-01,112,Europe,22,1423.24
Latest Estimate,2026-08-01,112,Asia Pacific,49,3428.88
Latest Estimate,2026-08-01,113,North America,23,637.73
Latest Estimate,2026-08-01,113,Europe,47,1332.24
Latest Estimate,2026-08-01,113,Asia Pacific,65,1838.93
Latest Estimate,2026-08-01,114,North America,31,3831.36
Latest Estimate,2026-08-01,114,Europe,25,2926.56
Latest Estimate,2026-08-01,114,Asia Pacific,26,3132.48
Latest Estimate,2026-08-01,115,North America,23,305.03
Latest Estimate,2026-08-01,115,Europe,25,321.78
Latest Estimate,2026-08-01,115,Asia Pacific,24,336.34
Latest Estimate,2026-08-01,116,North America,55,2481.36
Latest Estimate,2026-08-01,116,Europe,18,804.38
Latest Estimate,2026-08-01,116,Asia Pacific,13,550.37
Latest Estimate,2026-08-01,117,North America,19,677.77
Latest Estimate,2026-08-01,117,Europe,18,646.11
Latest Estimate,2026-08-01,117,Asia Pacific,29,1005.48
Latest Estimate,2026-08-01,118,North America,40,915.08
Latest Estimate,2026-08-01,118,Europe,32,765.62
Latest Estimate,2026-08-01,118,Asia Pacific,33,776.65
Latest Estimate,2026-08-01,119,North America,36,2911.34
Latest Estimate,2026-08-01,119,Europe,34,2678.09
Latest Estimate,2026-08-01,119,Asia Pacific,7,558.11
Latest Estimate,2026-08-01,120,North America,11,637.98
Latest Estimate,2026-08-01,120,Europe,5,288.12
Latest Estimate,2026-08-01,120,Asia Pacific,35,1916.88
Latest Estimate,2026-09-01,101,North America,7,10605.3
Latest Estimate,2026-09-01,101,Europe,6,8530.35
Latest Estimate,2026-09-01,101,Asia Pacific,3,4611.0
Latest Estimate,2026-09-01,102,North America,1,1081.2
Latest Estimate,2026-09-01,102,Europe,6,6868.8
Latest Estimate,2026-09-01,102,Asia Pacific,5,5851.2
Latest Estimate,2026-09-01,103,North America,2,1756.95
Latest Estimate,2026-09-01,103,Europe,9,7568.4
Latest Estimate,2026-09-01,103,Asia Pacific,2,1802.0
Latest Estimate,2026-09-01,104,North America,8,2628.8
Latest Estimate,2026-09-01,104,Europe,12,3900.8
Latest Estimate,2026-09-01,104,Asia Pacific,7,2306.56
Latest Estimate,2026-09-01,105,Europe,3,7992.4
Latest Estimate,2026-09-01,105,Asia Pacific,2,5512.0
Latest Estimate,2026-09-01,106,North America,15,975.38
Latest Estimate,2026-09-01,106,Europe,57,4108.05
Latest Estimate,2026-09-01,106,Asia Pacific,13,925.65
Latest Estimate,2026-09-01,107,North America,19,865.21
Latest Estimate,2026-09-01,107,Europe,15,619.65
Latest Estimate,2026-09-01,107,Asia Pacific,14,610.47
Latest Estimate,2026-09-01,108,North America,7,85.68
Latest Estimate,2026-09-01,108,Europe,25,294.98
Latest Estimate,2026-09-01,108,Asia Pacific,19,219.71
Latest Estimate,2026-09-01,109,North America,35,1955.09
Latest Estimate,2026-09-01,109,Europe,45,2412.3
Latest Estimate,2026-09-01,109,Asia Pacific,36,1927.03
Latest Estimate,2026-09-01,110,North America,41,1420.86
Latest Estimate,2026-09-01,110,Europe,64,2209.83
Latest Estimate,2026-09-01,110,Asia Pacific,7,239.19
Latest Estimate,2026-09-01,111,North America,20,1277.64
Latest Estimate,2026-09-01,111,Europe,38,2366.0
Latest Estimate,2026-09-01,111,Asia Pacific,45,2869.62
Latest Estimate,2026-09-01,112,North America,15,1033.76
Latest Estimate,2026-09-01,112,Europe,7,465.92
Latest Estimate,2026-09-01,112,Asia Pacific,30,2038.4
Latest Estimate,2026-09-01,113,North America,25,662.48
Latest Estimate,2026-09-01,113,Europe,25,688.69
Latest Estimate,2026-09-01,113,Asia Pacific,14,401.86
Latest Estimate,2026-09-01,114,North America,17,2059.2
Latest Estimate,2026-09-01,114,Europe,46,5310.24
Latest Estimate,2026-09-01,114,Asia Pacific,5,611.52
Latest Estimate,2026-09-01,115,North America,16,211.12
Latest Estimate,2026-09-01,115,Europe,34,473.2
Latest Estimate,2026-09-01,115,Asia Pacific,28,389.48
Latest Estimate,2026-09-01,116,North America,12,564.48
Latest Estimate,2026-09-01,116,Europe,34,1498.22
Latest Estimate,2026-09-01,116,Asia Pacific,14,611.52
Latest Estimate,2026-09-01,117,North America,15,545.57
Latest Estimate,2026-09-01,117,Europe,8,286.75
Latest Estimate,2026-09-01,117,Asia Pacific,12,418.95
Latest Estimate,2026-09-01,118,North America,26,625.98
Latest Estimate,2026-09-01,118,Europe,21,485.1
Latest Estimate,2026-09-01,118,Asia Pacific,18,396.9
Latest Estimate,2026-09-01,119,North America,13,1020.42
Latest Estimate,2026-09-01,119,Europe,9,712.21
Latest Estimate,2026-09-01,119,Asia Pacific,27,1911.73
Latest Estimate,2026-09-01,120,North America,7,411.6
Latest Estimate,2026-09-01,120,Europe,16,905.52
Latest Estimate,2026-09-01,120,Asia Pacific,32,1722.84
Latest Estimate,2026-10-01,101,North America,2,2900.0
Latest Estimate,2026-10-01,101,Europe,6,8700.0
Latest Estimate,2026-10-01,101,Asia Pacific,4,5800.0
Latest Estimate,2026-10-01,102,Asia Pacific,3,3661.74
Latest Estimate,2026-10-01,103,North America,1,857.4
Latest Estimate,2026-10-01,103,Europe,3,2572.21
Latest Estimate,2026-10-01,103,Asia Pacific,1,857.4
Latest Estimate,2026-10-01,104,North America,3,980.92
Latest Estimate,2026-10-01,104,Europe,1,326.97
Latest Estimate,2026-10-01,105,North America,1,2640.29
Latest Estimate,2026-10-01,105,Europe,2,5280.58
Latest Estimate,2026-10-01,105,Asia Pacific,2,5280.58
Latest Estimate,2026-10-01,106,North America,8,585.76
Latest Estimate,2026-10-01,106,Europe,22,1610.83
Latest Estimate,2026-10-01,106,Asia Pacific,2,146.44
Latest Estimate,2026-10-01,107,North America,16,697.9
Latest Estimate,2026-10-01,107,Europe,42,1831.98
Latest Estimate,2026-10-01,107,Asia Pacific,6,261.71
Latest Estimate,2026-10-01,108,North America,7,81.5
Latest Estimate,2026-10-01,108,Europe,8,93.14
Latest Estimate,2026-10-01,108,Asia Pacific,7,81.5
Latest Estimate,2026-10-01,109,North America,11,591.59
Latest Estimate,2026-10-01,109,Europe,61,3280.64
Latest Estimate,2026-10-01,109,Asia Pacific,12,645.37
Latest Estimate,2026-10-01,110,North America,28,961.03
Latest Estimate,2026-10-01,110,Europe,20,686.45
Latest Estimate,2026-10-01,110,Asia Pacific,19,652.12
Latest Estimate,2026-10-01,111,North America,24,1545.63
Latest Estimate,2026-10-01,111,Europe,17,1094.82
Latest Estimate,2026-10-01,111,Asia Pacific,29,1867.64
Latest Estimate,2026-10-01,112,North America,10,695.32
Latest Estimate,2026-10-01,112,Europe,40,2781.29
Latest Estimate,2026-10-01,112,Asia Pacific,6,417.19
Latest Estimate,2026-10-01,113,North America,7,195.58
Latest Estimate,2026-10-01,113,Europe,10,279.4
Latest Estimate,2026-10-01,113,Asia Pacific,35,977.9
Latest Estimate,2026-10-01,114,North America,26,3132.11
Latest Estimate,2026-10-01,114,Asia Pacific,5,602.33
Latest Estimate,2026-10-01,115,North America,12,166.64
Latest Estimate,2026-10-01,115,Europe,24,333.27
Latest Estimate,2026-10-01,115,Asia Pacific,3,41.66
Latest Estimate,2026-10-01,116,North America,9,408.55
Latest Estimate,2026-10-01,116,Europe,9,408.55
Latest Estimate,2026-10-01,116,Asia Pacific,10,453.94
Latest Estimate,2026-10-01,117,North America,24,854.96
Latest Estimate,2026-10-01,117,Europe,14,498.73
Latest Estimate,2026-10-01,117,Asia Pacific,5,178.12
Latest Estimate,2026-10-01,118,North America,11,258.2
Latest Estimate,2026-10-01,118,Europe,20,469.46
Latest Estimate,2026-10-01,118,Asia Pacific,28,657.25
Latest Estimate,2026-10-01,119,North America,31,2451.77
Latest Estimate,2026-10-01,119,Europe,2,158.18
Latest Estimate,2026-10-01,119,Asia Pacific,7,553.62
Latest Estimate,2026-10-01,120,North America,16,902.03
Latest Estimate,2026-10-01,120,Asia Pacific,7,394.64
Latest Estimate,2026-11-01,101,North America,3,4350.0
Latest Estimate,2026-11-01,101,Asia Pacific,10,14500.0
Latest Estimate,2026-11-01,102,North America,6,7323.47
Latest Estimate,2026-11-01,102,Europe,7,8544.05
Latest Estimate,2026-11-01,103,North America,3,2572.21
Latest Estimate,2026-11-01,103,Europe,6,5144.42
Latest Estimate,2026-11-01,103,Asia Pacific,3,2572.21
Latest Estimate,2026-11-01,104,North America,1,326.97
Latest Estimate,2026-11-01,104,Asia Pacific,2,653.95
Latest Estimate,2026-11-01,105,North America,1,2640.29
Latest Estimate,2026-11-01,105,Europe,17,44884.93
Latest Estimate,2026-11-01,105,Asia Pacific,6,15841.74
Latest Estimate,2026-11-01,106,North America,46,3368.1
Latest Estimate,2026-11-01,106,Europe,29,2123.37
Latest Estimate,2026-11-01,106,Asia Pacific,9,658.98
Latest Estimate,2026-11-01,107,North America,3,130.86
Latest Estimate,2026-11-01,107,Europe,16,697.9
Latest Estimate,2026-11-01,107,Asia Pacific,15,654.28
Latest Estimate,2026-11-01,108,North America,24,279.43
Latest Estimate,2026-11-01,108,Europe,68,791.72
Latest Estimate,2026-11-01,108,Asia Pacific,21,244.5
Latest Estimate,2026-11-01,109,North America,62,3334.42
Latest Estimate,2026-11-01,109,Europe,53,2850.39
Latest Estimate,2026-11-01,109,Asia Pacific,7,376.47
Latest Estimate,2026-11-01,110,North America,29,995.35
Latest Estimate,2026-11-01,110,Europe,93,3191.98
Latest Estimate,2026-11-01,110,Asia Pacific,21,720.77
Latest Estimate,2026-11-01,111,North America,13,837.22
Latest Estimate,2026-11-01,111,Europe,41,2640.45
Latest Estimate,2026-11-01,111,Asia Pacific,31,1996.44
Latest Estimate,2026-11-01,112,North America,10,695.32
Latest Estimate,2026-11-01,112,Europe,61,4241.46
Latest Estimate,2026-11-01,112,Asia Pacific,6,417.19
Latest Estimate,2026-11-01,113,North America,31,866.14
Latest Estimate,2026-11-01,113,Europe,1,27.94
Latest Estimate,2026-11-01,113,Asia Pacific,4,111.76
Latest Estimate,2026-11-01,114,North America,54,6505.15
Latest Estimate,2026-11-01,114,Europe,19,2288.85
Latest Estimate,2026-11-01,114,Asia Pacific,22,2650.24
Latest Estimate,2026-11-01,115,North America,33,458.25
Latest Estimate,2026-11-01,115,Europe,47,652.66
Latest Estimate,2026-11-01,115,Asia Pacific,36,499.91
Latest Estimate,2026-11-01,116,North America,22,998.68
Latest Estimate,2026-11-01,116,Europe,16,726.31
Latest Estimate,2026-11-01,116,Asia Pacific,16,726.31
Latest Estimate,2026-11-01,117,North America,13,463.11
Latest Estimate,2026-11-01,117,Europe,12,427.48
Latest Estimate,2026-11-01,117,Asia Pacific,8,284.99
Latest Estimate,2026-11-01,118,North America,56,1314.5
Latest Estimate,2026-11-01,118,Europe,26,610.3
Latest Estimate,2026-11-01,119,North America,18,1423.61
Latest Estimate,2026-11-01,119,Europe,41,3242.66
Latest Estimate,2026-11-01,119,Asia Pacific,11,869.98
Latest Estimate,2026-11-01,120,North America,36,2029.57
Latest Estimate,2026-11-01,120,Europe,11,620.15
Latest Estimate,2026-11-01,120,Asia Pacific,13,732.9
Latest Estimate,2026-12-01,101,North America,7,10150.0
Latest Estimate,2026-12-01,101,Europe,7,10150.0
Latest Estimate,2026-12-01,101,Asia Pacific,8,11600.0
Latest Estimate,2026-12-01,102,North America,2,2441.16
Latest Estimate,2026-12-01,102,Europe,2,2441.16
Latest Estimate,2026-12-01,102,Asia Pacific,8,9764.63
Latest Estimate,2026-12-01,103,North America,8,6859.23
Latest Estimate,2026-12-01,103,Europe,2,1714.81
Latest Estimate,2026-12-01,103,Asia Pacific,15,12861.05
Latest Estimate,2026-12-01,104,North America,15,4904.6
Latest Estimate,2026-12-01,104,Europe,17,5558.54
Latest Estimate,2026-12-01,105,North America,11,29043.19
Latest Estimate,2026-12-01,105,Asia Pacific,9,23762.61
Latest Estimate,2026-12-01,106,North America,57,4173.51
Latest Estimate,2026-12-01,106,Europe,26,1903.71
Latest Estimate,2026-12-01,106,Asia Pacific,36,2635.9
Latest Estimate,2026-12-01,107,North America,20,872.37
Latest Estimate,2026-12-01,107,Europe,24,1046.84
Latest Estimate,2026-12-01,107,Asia Pacific,11,479.8
Latest Estimate,2026-12-01,108,North America,44,512.29
Latest Estimate,2026-12-01,108,Europe,18,209.57
Latest Estimate,2026-12-01,108,Asia Pacific,26,302.72
Latest Estimate,2026-12-01,109,North America,39,2097.46
Latest Estimate,2026-12-01,109,Europe,40,2151.24
Latest Estimate,2026-12-01,109,Asia Pacific,11,591.59
Latest Estimate,2026-12-01,110,North America,34,1166.96
Latest Estimate,2026-12-01,110,Europe,10,343.22
Latest Estimate,2026-12-01,110,Asia Pacific,44,1510.18
Latest Estimate,2026-12-01,111,North America,20,1288.03
Latest Estimate,2026-12-01,111,Europe,4,257.61
Latest Estimate,2026-12-01,111,Asia Pacific,33,2125.24
Latest Estimate,2026-12-01,112,North America,15,1042.98
Latest Estimate,2026-12-01,112,Europe,13,903.92
Latest Estimate,2026-12-01,112,Asia Pacific,52,3615.67
Latest Estimate,2026-12-01,113,North America,7,195.58
Latest Estimate,2026-12-01,113,Europe,11,307.34
Latest Estimate,2026-12-01,113,Asia Pacific,68,1899.92
Latest Estimate,2026-12-01,114,North America,16,1927.45
Latest Estimate,2026-12-01,114,Europe,13,1566.05
Latest Estimate,2026-12-01,114,Asia Pacific,15,1806.99
Latest Estimate,2026-12-01,115,North America,18,249.96
Latest Estimate,2026-12-01,115,Europe,31,430.48
Latest Estimate,2026-12-01,115,Asia Pacific,37,513.8
Latest Estimate,2026-12-01,116,North America,9,408.55
Latest Estimate,2026-12-01,116,Europe,44,1997.35
Latest Estimate,2026-12-01,116,Asia Pacific,3,136.18
Latest Estimate,2026-12-01,117,North America,46,1638.68
Latest Estimate,2026-12-01,117,Europe,36,1282.45
Latest Estimate,2026-12-01,117,Asia Pacific,32,1139.95
Latest Estimate,2026-12-01,118,North America,29,680.72
Latest Estimate,2026-12-01,118,Europe,20,469.46
Latest Estimate,2026-12-01,118,Asia Pacific,17,399.04
Latest Estimate,2026-12-01,119,North America,22,1739.96
Latest Estimate,2026-12-01,119,Europe,7,553.62
Latest Estimate,2026-12-01,119,Asia Pacific,5,395.45
Latest Estimate,2026-12-01,120,North America,31,1747.68
Latest Estimate,2026-12-01,120,Europe,17,958.41
Latest Estimate,2026-12-01,120,Asia Pacific,22,1240.29
