Order ID,Order Date,Customer ID,Product ID,Quantity,Unit Price,Discount
50001,2025-01-01,1036,111,2,65,0
50001,2025-01-01,1036,111,6,65,0
50002,2025-01-02,1031,109,5,55,0
50003,2025-01-02,1018,107,6,45,0
50004,2025-01-02,1028,110,9,35,0.05
50005,2025-01-02,1060,103,2,850,0
50005,2025-01-02,1060,119,5,85,0.1
50006,2025-01-03,1074,111,9,65,0
50006,2025-01-03,1074,116,12,48,0.05
50007,2025-01-03,1070,119,4,85,0
50007,2025-01-03,1070,108,4,12,0
50008,2025-01-03,1050,115,4,14,0.1
50009,2025-01-03,1022,119,5,85,0.05
50009,2025-01-03,1022,101,2,1450,0.05
50010,2025-01-03,1073,101,2,1450,0
50010,2025-01-03,1073,118,2,25,0
50010,2025-01-03,1073,108,3,12,0
50011,2025-01-03,1059,109,4,55,0
50012,2025-01-03,1054,118,4,25,0
50013,2025-01-04,1070,120,3,60,0
50014,2025-01-04,1009,102,1,1200,0
50014,2025-01-04,1009,106,1,75,0.05
50014,2025-01-04,1009,106,2,75,0
50015,2025-01-04,1015,120,12,60,0.1
50015,2025-01-04,1015,107,9,45,0
50016,2025-01-04,1078,120,6,60,0
50016,2025-01-04,1078,117,2,38,0
50017,2025-01-05,1040,115,12,14,0
50017,2025-01-05,1040,119,6,85,0
50018,2025-01-05,1076,118,2,25,0
50018,2025-01-05,1076,115,3,14,0.15
50018,2025-01-05,1076,115,1,14,0.15
50019,2025-01-05,1073,109,4,55,0.1
50020,2025-01-05,1048,112,3,70,0
50021,2025-01-06,1054,104,2,320,0.1
50021,2025-01-06,1054,119,4,85,0.1
50022,2025-01-06,1020,106,5,75,0.1
50022,2025-01-06,1020,108,5,12,0.15
50023,2025-01-06,1062,111,6,65,0.05
50023,2025-01-06,1062,108,2,12,0.15
50024,2025-01-06,1012,118,2,25,0.15
50025,2025-01-07,1049,102,2,1200,0
50026,2025-01-08,1063,109,9,55,0
50027,2025-01-08,1036,115,3,14,0.05
50027,2025-01-08,1036,101,1,1450,0
50028,2025-01-08,1031,110,5,35,0.15
50028,2025-01-08,1031,107,4,45,0.1
50028,2025-01-08,1031,115,4,14,0.15
50029,2025-01-08,1003,108,4,12,0.1
50030,2025-01-09,1048,113,3,28,0
50030,2025-01-09,1048,120,5,60,0
50031,2025-01-09,1046,111,3,65,0
50031,2025-01-09,1046,107,6,45,0
50031,2025-01-09,1046,109,6,55,0.05
50032,2025-01-09,1024,107,12,45,0
50033,2025-01-09,1076,113,1,28,0.15
50033,2025-01-09,1076,106,2,75,0
50034,2025-01-10,1023,101,1,1450,0
50035,2025-01-10,1006,113,6,28,0
50036,2025-01-10,1063,118,15,25,0
50037,2025-01-10,1061,111,2,65,0
50037,2025-01-10,1061,107,4,45,0
50038,2025-01-10,1009,112,5,70,0.1
50038,2025-01-10,1009,115,2,14,0
50039,2025-01-10,1073,103,1,850,0
50040,2025-01-11,1077,107,5,45,0
50040,2025-01-11,1077,111,4,65,0
50041,2025-01-11,1076,108,5,12,0
50041,2025-01-11,1076,114,6,120,0
50042,2025-01-12,1027,107,6,45,0
50042,2025-01-12,1027,106,2,75,0.05
50042,2025-01-12,1027,103,1,850,0
50043,2025-01-12,1058,113,3,28,0
50043,2025-01-12,1058,107,6,45,0
50043,2025-01-12,1058,115,4,14,0
50044,2025-01-12,1030,117,18,38,0.05
50045,2025-01-13,1055,113,18,28,0
50046,2025-01-13,1035,103,1,850,0.15
50047,2025-01-14,1040,116,15,48,0
50047,2025-01-14,1040,111,12,65,0.1
50048,2025-01-15,1035,112,4,70,0
50048,2025-01-15,1035,113,4,28,0.1
50049,2025-01-15,1042,107,1,45,0
50049,2025-01-15,1042,120,5,60,0.05
50050,2025-01-15,1003,117,5,38,0
50050,2025-01-15,1003,116,2,48,0
50050,2025-01-15,1003,112,4,70,0
50051,2025-01-16,1024,111,12,65,0
50051,2025-01-16,1024,111,12,65,0
50052,2025-01-16,1042,104,1,320,0
50052,2025-01-16,1042,110,4,35,0
50052,2025-01-16,1042,115,4,14,0.15
50053,2025-01-16,1071,111,9,65,0
50054,2025-01-16,1042,120,4,60,0.15
50055,2025-01-16,1066,115,15,14,0
50056,2025-01-17,1047,116,6,48,0
50056,2025-01-17,1047,116,2,48,0
50057,2025-01-17,1071,119,12,85,0.1
50058,2025-01-17,1063,102,3,1200,0.1
50059,2025-01-18,1021,113,5,28,0
50060,2025-01-18,1012,120,1,60,0
50061,2025-01-18,1016,118,12,25,0.1
50061,2025-01-18,1016,108,18,12,0
50061,2025-01-18,1016,110,12,35,0
50062,2025-01-18,1032,113,4,28,0
50062,2025-01-18,1032,119,5,85,0.1
50063,2025-01-19,1036,109,5,55,0
50063,2025-01-19,1036,117,3,38,0.1
50064,2025-01-19,1039,113,6,28,0
50064,2025-01-19,1039,118,4,25,0.05
50065,2025-01-19,1062,109,5,55,0
50066,2025-01-19,1059,118,6,25,0
50067,2025-01-19,1074,107,12,45,0
50067,2025-01-19,1074,109,12,55,0.1
50068,2025-01-19,1049,120,6,60,0
50068,2025-01-19,1049,112,1,70,0
50069,2025-01-20,1065,109,1,55,0.15
50069,2025-01-20,1065,118,1,25,0.05
50070,2025-01-21,1019,118,2,25,0
50070,2025-01-21,1019,111,3,65,0
50071,2025-01-21,1080,110,1,35,0.15
50071,2025-01-21,1080,109,6,55,0.15
50071,2025-01-21,1080,112,3,70,0.1
50072,2025-01-21,1063,102,3,1200,0
50072,2025-01-21,1063,114,9,120,0
50073,2025-01-21,1012,120,6,60,0.1
50073,2025-01-21,1012,118,4,25,0
50074,2025-01-22,1039,102,1,1200,0
50075,2025-01-22,1046,111,2,65,0.05
50076,2025-01-22,1053,115,6,14,0
50076,2025-01-22,1053,106,15,75,0.15
50077,2025-01-23,1064,106,4,75,0.1
50077,2025-01-23,1064,107,3,45,0.1
50078,2025-01-23,1002,119,18,85,0.05
50078,2025-01-23,1002,106,12,75,0
50079,2025-01-24,1076,114,4,120,0.1
50080,2025-01-24,1033,118,2,25,0
50080,2025-01-24,1033,118,1,25,0
50081,2025-01-24,1049,109,3,55,0.1
50081,2025-01-24,1049,108,6,12,0
50082,2025-01-24,1036,113,6,28,0.15
50083,2025-01-24,1007,116,3,48,0.15
50083,2025-01-24,1007,117,5,38,0.15
50084,2025-01-25,1080,115,6,14,0.15
50085,2025-01-25,1018,104,1,320,0
50085,2025-01-25,1018,117,1,38,0.05
50085,2025-01-25,1018,109,2,55,0
50086,2025-01-26,1038,116,2,48,0
50087,2025-01-26,1017,118,3,25,0.05
50087,2025-01-26,1017,112,3,70,0.15
50088,2025-01-26,1022,119,4,85,0.15
50089,2025-01-26,1038,118,1,25,0
50089,2025-01-26,1038,120,2,60,0.15
50089,2025-01-26,1038,120,6,60,0.1
50090,2025-01-26,1051,109,12,55,0
50090,2025-01-26,1051,108,3,12,0
50091,2025-01-27,1034,110,6,35,0
50091,2025-01-27,1034,104,1,320,0
50092,2025-01-27,1004,118,5,25,0
50092,2025-01-27,1004,119,2,85,0.1
50093,2025-01-28,1009,117,6,38,0
50093,2025-01-28,1009,114,1,120,0
50093,2025-01-28,1009,102,1,1200,0
50094,2025-01-28,1064,104,1,320,0
50095,2025-01-28,1059,115,6,14,0.1
50096,2025-01-28,1070,113,6,28,0
50096,2025-01-28,1070,118,6,25,0
50097,2025-01-28,1063,110,9,35,0
50097,2025-01-28,1063,115,6,14,0
50098,2025-01-29,1047,120,3,60,0.05
50099,2025-01-29,1046,110,2,35,0
50100,2025-01-30,1059,115,6,14,0.1
50101,2025-01-30,1077,102,2,1200,0
50102,2025-01-30,1017,107,5,45,0
50102,2025-01-30,1017,113,2,28,0
50103,2025-01-30,1019,101,1,1450,0
50103,2025-01-30,1019,112,2,70,0
50104,2025-01-31,1002,117,6,38,0.05
50105,2025-01-31,1042,106,1,75,0
50106,2025-01-31,1054,104,1,320,0
50106,2025-01-31,1054,111,3,65,0.05
50107,2025-02-01,1076,111,2,65,0.05
50108,2025-02-01,1006,117,6,38,0.05
50108,2025-02-01,1006,108,6,12,0
50108,2025-02-01,1006,103,2,850,0.15
50109,2025-02-01,1052,115,4,14,0.1
50109,2025-02-01,1052,119,1,85,0
50110,2025-02-02,1017,114,5,120,0.05
50111,2025-02-02,1042,120,5,60,0
50111,2025-02-02,1042,111,5,65,0
50112,2025-02-02,1013,105,1,2600,0
50112,2025-02-02,1013,111,2,65,0
50112,2025-02-02,1013,109,4,55,0
50113,2025-02-03,1054,104,2,320,0
50113,2025-02-03,1054,115,3,14,0
50113,2025-02-03,1054,115,4,14,0
50114,2025-02-03,1012,104,1,320,0.1
50115,2025-02-03,1048,113,5,28,0.05
50116,2025-02-03,1072,115,4,14,0
50117,2025-02-04,1055,102,6,1200,0.05
50117,2025-02-04,1055,108,3,12,0.05
50117,2025-02-04,1055,112,6,70,0.1
50118,2025-02-04,1062,118,3,25,0.15
50119,2025-02-04,1072,105,2,2600,0.05
50120,2025-02-04,1029,118,5,25,0.05
50120,2025-02-04,1029,115,5,14,0
50121,2025-02-04,1078,118,3,25,0
50121,2025-02-04,1078,106,6,75,0.15
50121,2025-02-04,1078,108,3,12,0
50122,2025-02-04,1001,118,5,25,0.1
50123,2025-02-05,1052,105,1,2600,0
50124,2025-02-06,1054,109,3,55,0
50124,2025-02-06,1054,116,5,48,0.05
50125,2025-02-06,1011,106,15,75,0
50126,2025-02-06,1011,111,12,65,0
50127,2025-02-07,1078,110,2,35,0.15
50127,2025-02-07,1078,112,3,70,0
50128,2025-02-07,1015,115,15,14,0
50129,2025-02-08,1029,120,1,60,0
50129,2025-02-08,1029,107,2,45,0.15
50130,2025-02-08,1018,108,1,12,0
50131,2025-02-09,1064,111,2,65,0
50131,2025-02-09,1064,112,2,70,0.05
50131,2025-02-09,1064,113,6,28,0.15
50132,2025-02-09,1046,110,6,35,0
50133,2025-02-09,1056,111,1,65,0.15
50134,2025-02-10,1052,114,3,120,0
50134,2025-02-10,1052,110,3,35,0
50134,2025-02-10,1052,117,5,38,0
50135,2025-02-10,1047,111,1,65,0
50136,2025-02-10,1056,110,1,35,0
50136,2025-02-10,1056,118,6,25,0
50137,2025-02-11,1029,117,1,38,0.05
50138,2025-02-11,1015,112,9,70,0
50138,2025-02-11,1015,116,18,48,0.15
50139,2025-02-11,1019,104,2,320,0
50140,2025-02-11,1023,106,6,75,0
50140,2025-02-11,1023,106,6,75,0
50141,2025-02-11,1060,116,4,48,0.1
50141,2025-02-11,1060,119,5,85,0.1
50142,2025-02-12,1041,111,12,65,0
50143,2025-02-12,1039,113,3,28,0.05
50144,2025-02-13,1010,111,1,65,0
50145,2025-02-13,1048,103,1,850,0.05
50146,2025-02-14,1075,120,6,60,0
50146,2025-02-14,1075,111,5,65,0.1
50147,2025-02-14,1025,114,5,120,0
50148,2025-02-15,1008,104,6,320,0.1
50148,2025-02-15,1008,103,3,850,0
50149,2025-02-15,1032,111,4,65,0.05
50149,2025-02-15,1032,112,2,70,0
50149,2025-02-15,1032,110,3,35,0
50150,2025-02-15,1053,115,3,14,0.15
50151,2025-02-16,1043,113,4,28,0
50152,2025-02-16,1033,118,5,25,0.15
50152,2025-02-16,1033,106,1,75,0.05
50152,2025-02-16,1033,115,3,14,0
50153,2025-02-16,1051,113,3,28,0
50154,2025-02-17,1072,114,3,120,0.15
50154,2025-02-17,1072,105,1,2600,0.1
50155,2025-02-17,1055,109,9,55,0
50155,2025-02-17,1055,106,6,75,0
50156,2025-02-17,1063,107,6,45,0
50157,2025-02-18,1013,116,6,48,0.05
50157,2025-02-18,1013,102,2,1200,0.15
50158,2025-02-18,1080,113,2,28,0
50159,2025-02-18,1024,116,6,48,0.1
50159,2025-02-18,1024,111,12,65,0
50159,2025-02-18,1024,115,6,14,0
50160,2025-02-18,1079,116,4,48,0
50161,2025-02-18,1069,108,4,12,0.15
50162,2025-02-18,1025,115,5,14,0
50163,2025-02-19,1060,117,5,38,0.05
50164,2025-02-19,1054,117,5,38,0
50165,2025-02-19,1033,114,3,120,0.05
50166,2025-02-19,1014,118,1,25,0
50166,2025-02-19,1014,103,1,850,0
50166,2025-02-19,1014,111,5,65,0
50167,2025-02-19,1056,120,2,60,0.15
50168,2025-02-20,1004,102,2,1200,0
50168,2025-02-20,1004,110,1,35,0
50169,2025-02-20,1029,109,1,55,0.15
50170,2025-02-21,1043,105,2,2600,0.15
50171,2025-02-21,1061,118,6,25,0
50171,2025-02-21,1061,111,1,65,0
50171,2025-02-21,1061,101,1,1450,0.15
50172,2025-02-21,1020,119,5,85,0.05
50172,2025-02-21,1020,110,3,35,0
50173,2025-02-21,1039,102,2,1200,0.1
50174,2025-02-22,1015,113,3,28,0.1
50174,2025-02-22,1015,112,6,70,0.1
50175,2025-02-22,1019,111,5,65,0
50176,2025-02-22,1031,110,6,35,0.1
50176,2025-02-22,1031,103,2,850,0
50177,2025-02-22,1068,112,5,70,0.05
50177,2025-02-22,1068,101,2,1450,0
50178,2025-02-23,1050,107,1,45,0
50179,2025-02-23,1009,107,6,45,0.1
50180,2025-02-24,1043,102,2,1200,0.15
50181,2025-02-24,1023,111,6,65,0
50181,2025-02-24,1023,114,2,120,0
50181,2025-02-24,1023,116,4,48,0
50182,2025-02-24,1038,102,1,1200,0
50183,2025-02-24,1041,112,15,70,0
50184,2025-02-24,1033,116,2,48,0
50185,2025-02-25,1046,118,3,25,0
50186,2025-02-25,1016,111,12,65,0.1
50187,2025-02-25,1057,109,2,55,0
50187,2025-02-25,1057,115,3,14,0.15
50188,2025-02-25,1067,117,6,38,0
50189,2025-02-25,1011,114,6,120,0.05
50189,2025-02-25,1011,108,3,12,0
50190,2025-02-26,1058,116,2,48,0.1
50190,2025-02-26,1058,111,4,65,0
50191,2025-02-26,1046,120,3,60,0.1
50191,2025-02-26,1046,120,1,60,0
50192,2025-02-26,1052,112,6,70,0.1
50193,2025-02-27,1021,105,2,2600,0
50194,2025-02-27,1017,107,6,45,0
50195,2025-02-27,1047,120,1,60,0.05
50195,2025-02-27,1047,106,4,75,0
50196,2025-02-27,1048,116,5,48,0
50196,2025-02-27,1048,112,4,70,0
50197,2025-02-27,1036,120,1,60,0.1
50198,2025-02-28,1072,108,3,12,0.1
50199,2025-02-28,1058,120,3,60,0.1
50200,2025-02-28,1063,105,3,2600,0
50201,2025-02-28,1023,111,1,65,0.15
50201,2025-02-28,1023,115,3,14,0.1
50201,2025-02-28,1023,109,1,55,0.05
50202,2025-03-01,1070,119,2,85,0.1
50203,2025-03-01,1023,112,1,70,0
50204,2025-03-01,1018,117,1,38,0
50205,2025-03-01,1071,109,15,55,0
50205,2025-03-01,1071,114,3,120,0
50206,2025-03-01,1040,120,18,60,0
50206,2025-03-01,1040,112,12,70,0.15
50207,2025-03-02,1041,103,6,850,0.1
50207,2025-03-02,1041,112,6,70,0.15
50207,2025-03-02,1041,117,18,38,0.05
50208,2025-03-02,1024,111,3,65,0.15
50209,2025-03-02,1016,106,6,75,0
50209,2025-03-02,1016,109,18,55,0
50210,2025-03-03,1045,119,3,85,0
50210,2025-03-03,1045,106,15,75,0
50211,2025-03-03,1017,108,5,12,0
50211,2025-03-03,1017,112,2,70,0.05
50211,2025-03-03,1017,119,2,85,0
50212,2025-03-03,1080,119,3,85,0.15
50212,2025-03-03,1080,119,1,85,0.15
50212,2025-03-03,1080,118,1,25,0
50213,2025-03-04,1034,107,5,45,0
50213,2025-03-04,1034,114,1,120,0
50213,2025-03-04,1034,119,5,85,0
50214,2025-03-04,1039,107,6,45,0
50214,2025-03-04,1039,108,1,12,0.1
50215,2025-03-04,1008,111,12,65,0
50216,2025-03-04,1027,114,3,120,0.15
50217,2025-03-04,1041,120,9,60,0
50217,2025-03-04,1041,105,6,2600,0.05
50217,2025-03-04,1041,113,9,28,0
50218,2025-03-04,1060,108,2,12,0
50219,2025-03-05,1013,108,4,12,0.15
50220,2025-03-05,1079,107,2,45,0.15
50220,2025-03-05,1079,109,5,55,0.1
50221,2025-03-05,1041,116,12,48,0.05
50222,2025-03-07,1064,104,2,320,0.05
50223,2025-03-07,1059,107,3,45,0
50224,2025-03-07,1007,112,6,70,0.1
50225,2025-03-07,1061,112,1,70,0
50226,2025-03-08,1047,109,4,55,0
50226,2025-03-08,1047,113,2,28,0
50227,2025-03-08,1071,103,6,850,0.15
50228,2025-03-08,1071,117,15,38,0.1
50229,2025-03-08,1079,105,1,2600,0
50230,2025-03-09,1048,113,3,28,0.15
50231,2025-03-09,1019,114,4,120,0.05
50232,2025-03-09,1006,102,2,1200,0.15
50233,2025-03-09,1061,111,5,65,0.05
50233,2025-03-09,1061,105,2,2600,0
50234,2025-03-10,1039,109,5,55,0.05
50234,2025-03-10,1039,112,5,70,0
50235,2025-03-10,1061,109,6,55,0
50236,2025-03-11,1054,108,6,12,0.15
50236,2025-03-11,1054,115,1,14,0.05
50237,2025-03-11,1061,120,5,60,0.05
50238,2025-03-11,1030,102,6,1200,0
50238,2025-03-11,1030,112,18,70,0.05
50238,2025-03-11,1030,117,12,38,0
50239,2025-03-11,1032,113,6,28,0
50240,2025-03-11,1025,111,4,65,0
50241,2025-03-12,1065,119,6,85,0.1
50241,2025-03-12,1065,103,1,850,0.05
50242,2025-03-12,1027,109,6,55,0
50242,2025-03-12,1027,112,3,70,0
50243,2025-03-12,1059,109,3,55,0.1
50243,2025-03-12,1059,117,6,38,0.1
50244,2025-03-13,1034,111,2,65,0
50244,2025-03-13,1034,113,2,28,0
50245,2025-03-13,1037,107,6,45,0
50245,2025-03-13,1037,109,3,55,0.05
50245,2025-03-13,1037,119,6,85,0
50246,2025-03-13,1037,113,5,28,0
50247,2025-03-13,1051,120,6,60,0
50248,2025-03-14,1011,119,18,85,0
50249,2025-03-14,1062,107,5,45,0
50250,2025-03-14,1072,108,1,12,0.05
50250,2025-03-14,1072,116,2,48,0
50250,2025-03-14,1072,102,1,1200,0.1
50251,2025-03-14,1030,104,6,320,0.1
50252,2025-03-14,1061,115,2,14,0
50253,2025-03-14,1071,110,12,35,0
50254,2025-03-14,1026,109,6,55,0
50255,2025-03-15,1012,113,5,28,0.1
50255,2025-03-15,1012,116,1,48,0
50255,2025-03-15,1012,110,2,35,0
50256,2025-03-15,1051,106,18,75,0.15
50256,2025-03-15,1051,119,3,85,0
50257,2025-03-15,1039,114,3,120,0
50257,2025-03-15,1039,111,6,65,0.05
50258,2025-03-15,1068,119,2,85,0.15
50258,2025-03-15,1068,112,3,70,0
50259,2025-03-16,1059,108,2,12,0
50259,2025-03-16,1059,116,3,48,0.05
50259,2025-03-16,1059,115,2,14,0
50260,2025-03-16,1079,119,4,85,0.05
50260,2025-03-16,1079,109,4,55,0.1
50260,2025-03-16,1079,104,1,320,0
50261,2025-03-16,1042,101,2,1450,0
50262,2025-03-16,1058,120,3,60,0.05
50263,2025-03-17,1074,108,9,12,0.1
50264,2025-03-17,1031,115,4,14,0
50265,2025-03-18,1040,105,6,2600,0
50265,2025-03-18,1040,114,6,120,0
50265,2025-03-18,1040,111,12,65,0.1
50266,2025-03-18,1078,110,5,35,0
50267,2025-03-18,1069,117,2,38,0.1
50267,2025-03-18,1069,116,1,48,0.05
50267,2025-03-18,1069,111,6,65,0
50268,2025-03-18,1010,104,1,320,0.05
50268,2025-03-18,1010,112,2,70,0
50269,2025-03-18,1067,105,1,2600,0.1
50269,2025-03-18,1067,113,1,28,0.05
50270,2025-03-19,1058,111,5,65,0
50271,2025-03-19,1059,103,2,850,0.1
50271,2025-03-19,1059,117,6,38,0
50272,2025-03-19,1051,117,18,38,0
50273,2025-03-19,1075,102,2,1200,0.1
50274,2025-03-19,1009,120,1,60,0
50274,2025-03-19,1009,102,2,1200,0
50275,2025-03-20,1054,120,4,60,0
50276,2025-03-20,1049,103,1,850,0.1
50276,2025-03-20,1049,118,1,25,0
50277,2025-03-20,1069,112,6,70,0
50277,2025-03-20,1069,118,1,25,0
50278,2025-03-20,1060,116,4,48,0.05
50278,2025-03-20,1060,110,2,35,0
50278,2025-03-20,1060,111,2,65,0
50279,2025-03-21,1025,116,1,48,0.15
50279,2025-03-21,1025,115,5,14,0.15
50279,2025-03-21,1025,119,1,85,0
50280,2025-03-22,1005,113,18,28,0.15
50280,2025-03-22,1005,102,3,1200,0
50281,2025-03-22,1057,112,1,70,0
50282,2025-03-22,1065,107,6,45,0.05
50283,2025-03-22,1041,113,18,28,0.15
50283,2025-03-22,1041,109,9,55,0
50284,2025-03-23,1067,110,3,35,0
50285,2025-03-23,1072,118,2,25,0.1
50285,2025-03-23,1072,115,5,14,0
50286,2025-03-23,1007,119,6,85,0
50287,2025-03-23,1068,115,4,14,0
50288,2025-03-24,1069,107,2,45,0
50288,2025-03-24,1069,118,2,25,0.15
50289,2025-03-24,1060,113,4,28,0.05
50290,2025-03-24,1068,110,3,35,0
50291,2025-03-25,1043,103,2,850,0.15
50291,2025-03-25,1043,109,5,55,0.1
50291,2025-03-25,1043,118,1,25,0
50292,2025-03-25,1049,114,1,120,0.15
50292,2025-03-25,1049,103,1,850,0
50292,2025-03-25,1049,107,3,45,0
50293,2025-03-25,1002,119,18,85,0
50294,2025-03-25,1062,115,6,14,0
50295,2025-03-26,1042,110,5,35,0.1
50296,2025-03-26,1046,108,5,12,0
50297,2025-03-26,1060,117,6,38,0
50298,2025-03-27,1041,109,12,55,0
50299,2025-03-27,1073,116,1,48,0
50300,2025-03-27,1071,113,12,28,0
50300,2025-03-27,1071,106,9,75,0
50301,2025-03-27,1049,118,4,25,0.05
50301,2025-03-27,1049,114,6,120,0
50302,2025-03-28,1063,106,9,75,0
50302,2025-03-28,1063,105,6,2600,0
50303,2025-03-28,1070,120,5,60,0
50303,2025-03-28,1070,118,1,25,0.15
50303,2025-03-28,1070,115,1,14,0
50304,2025-03-28,1018,107,6,45,0
50304,2025-03-28,1018,101,2,1450,0
50304,2025-03-28,1018,103,2,850,0.1
50305,2025-03-29,1063,101,6,1450,0
50306,2025-03-29,1003,116,5,48,0
50306,2025-03-29,1003,101,2,1450,0.15
50307,2025-03-29,1023,119,5,85,0
50308,2025-03-29,1031,114,3,120,0.15
50309,2025-03-29,1046,117,1,38,0
50310,2025-03-29,1052,113,6,28,0
50310,2025-03-29,1052,108,1,12,0.1
50311,2025-03-30,1005,110,12,35,0.05
50312,2025-03-30,1061,114,6,120,0
50313,2025-03-30,1011,118,18,25,0.15
50313,2025-03-30,1011,109,3,55,0.05
50314,2025-03-30,1006,107,6,45,0.05
50315,2025-03-30,1061,102,1,1200,0.1
50316,2025-03-30,1036,113,1,28,0
50316,2025-03-30,1036,119,3,85,0
50317,2025-03-31,1027,106,6,75,0.15
50317,2025-03-31,1027,110,1,35,0
50318,2025-03-31,1021,107,4,45,0.1
50318,2025-03-31,1021,119,3,85,0
50319,2025-03-31,1018,116,5,48,0.1
50319,2025-03-31,1018,120,1,60,0
50319,2025-03-31,1018,111,1,65,0
50320,2025-04-01,1077,120,3,60,0
50320,2025-04-01,1077,114,4,120,0
50321,2025-04-01,1030,113,12,28,0
50322,2025-04-01,1024,113,12,28,0
50322,2025-04-01,1024,117,9,38,0.15
50322,2025-04-01,1024,107,3,45,0
50323,2025-04-01,1035,110,6,35,0
50324,2025-04-02,1050,109,1,55,0
50325,2025-04-02,1040,109,9,55,0
50325,2025-04-02,1040,105,3,2600,0
50326,2025-04-02,1058,113,4,28,0
50326,2025-04-02,1058,101,2,1450,0.05
50327,2025-04-02,1012,113,3,28,0.15
50327,2025-04-02,1012,110,3,35,0
50328,2025-04-03,1072,113,2,28,0.1
50329,2025-04-03,1049,105,2,2600,0
50330,2025-04-03,1064,103,2,850,0
50331,2025-04-03,1054,111,1,65,0
50332,2025-04-03,1033,116,4,48,0.05
50333,2025-04-04,1079,111,2,65,0
50334,2025-04-04,1001,109,5,55,0
50334,2025-04-04,1001,117,3,38,0
50335,2025-04-04,1043,117,6,38,0.05
50335,2025-04-04,1043,105,2,2600,0.05
50336,2025-04-04,1026,108,4,12,0
50336,2025-04-04,1026,108,6,12,0.1
50337,2025-04-04,1063,117,9,38,0
50337,2025-04-04,1063,108,12,12,0
50338,2025-04-04,1015,106,15,75,0
50338,2025-04-04,1015,115,15,14,0
50339,2025-04-05,1027,117,6,38,0
50339,2025-04-05,1027,117,4,38,0.1
50340,2025-04-05,1064,114,2,120,0
50341,2025-04-05,1020,110,4,35,0
50341,2025-04-05,1020,111,5,65,0
50341,2025-04-05,1020,113,5,28,0.05
50342,2025-04-05,1054,102,2,1200,0.1
50342,2025-04-05,1054,119,5,85,0.05
50343,2025-04-05,1011,116,18,48,0.1
50344,2025-04-05,1046,114,1,120,0.05
50345,2025-04-05,1052,120,4,60,0
50346,2025-04-06,1002,108,15,12,0.1
50347,2025-04-06,1067,113,5,28,0
50347,2025-04-06,1067,111,4,65,0
50348,2025-04-06,1076,112,3,70,0
50348,2025-04-06,1076,111,3,65,0
50348,2025-04-06,1076,119,1,85,0
50349,2025-04-06,1019,108,4,12,0.15
50350,2025-04-06,1027,111,4,65,0
50350,2025-04-06,1027,111,6,65,0
50351,2025-04-07,1015,118,18,25,0
50352,2025-04-07,1022,107,2,45,0.05
50352,2025-04-07,1022,106,5,75,0
50352,2025-04-07,1022,120,2,60,0.15
50353,2025-04-07,1052,106,6,75,0.1
50353,2025-04-07,1052,111,1,65,0.1
50353,2025-04-07,1052,114,2,120,0
50354,2025-04-07,1076,110,6,35,0
50354,2025-04-07,1076,107,6,45,0.15
50355,2025-04-07,1009,104,1,320,0
50355,2025-04-07,1009,109,4,55,0
50356,2025-04-08,1034,118,5,25,0.1
50356,2025-04-08,1034,108,4,12,0.05
50356,2025-04-08,1034,110,1,35,0
50357,2025-04-08,1046,114,6,120,0.1
50357,2025-04-08,1046,117,5,38,0.05
50358,2025-04-08,1011,105,3,2600,0
50358,2025-04-08,1011,108,6,12,0
50358,2025-04-08,1011,115,15,14,0
50359,2025-04-08,1054,105,2,2600,0
50359,2025-04-08,1054,106,6,75,0.05
50360,2025-04-08,1023,106,3,75,0
50360,2025-04-08,1023,106,4,75,0.05
50361,2025-04-08,1007,120,4,60,0
50362,2025-04-09,1072,114,4,120,0.1
50362,2025-04-09,1072,112,6,70,0.15
50363,2025-04-09,1057,106,5,75,0
50363,2025-04-09,1057,117,2,38,0
50364,2025-04-09,1005,107,9,45,0
50365,2025-04-09,1059,116,4,48,0.05
50365,2025-04-09,1059,112,5,70,0
50366,2025-04-09,1035,117,3,38,0.05
50366,2025-04-09,1035,117,1,38,0.15
50367,2025-04-09,1057,107,4,45,0
50367,2025-04-09,1057,116,6,48,0.15
50368,2025-04-10,1032,118,1,25,0
50369,2025-04-10,1034,118,1,25,0
50370,2025-04-10,1016,107,18,45,0.05
50371,2025-04-10,1045,114,12,120,0
50371,2025-04-10,1045,114,6,120,0.15
50371,2025-04-10,1045,107,3,45,0.05
50372,2025-04-10,1045,108,15,12,0
50372,2025-04-10,1045,109,18,55,0
50373,2025-04-10,1038,108,5,12,0.1
50373,2025-04-10,1038,117,2,38,0.15
50374,2025-04-10,1053,120,18,60,0
50375,2025-04-11,1019,109,2,55,0.15
50375,2025-04-11,1019,118,4,25,0
50375,2025-04-11,1019,105,2,2600,0.1
50376,2025-04-11,1054,111,6,65,0.15
50376,2025-04-11,1054,118,1,25,0
50377,2025-04-11,1066,108,9,12,0
50377,2025-04-11,1066,120,9,60,0.05
50377,2025-04-11,1066,101,3,1450,0.1
50378,2025-04-11,1059,115,3,14,0.15
50378,2025-04-11,1059,103,2,850,0
50378,2025-04-11,1059,120,2,60,0
50379,2025-04-11,1035,117,3,38,0.05
50380,2025-04-12,1074,113,12,28,0.15
50381,2025-04-12,1044,116,1,48,0
50381,2025-04-12,1044,114,4,120,0
50381,2025-04-12,1044,105,1,2600,0
50382,2025-04-12,1059,120,4,60,0
50383,2025-04-12,1017,108,3,12,0
50383,2025-04-12,1017,114,3,120,0
50383,2025-04-12,1017,110,6,35,0
50384,2025-04-12,1007,114,6,120,0.1
50384,2025-04-12,1007,116,4,48,0.1
50385,2025-04-13,1028,103,3,850,0.05
50385,2025-04-13,1028,115,3,14,0
50386,2025-04-13,1044,120,4,60,0.1
50387,2025-04-13,1017,103,2,850,0
50387,2025-04-13,1017,116,1,48,0
50388,2025-04-13,1041,118,6,25,0
50389,2025-04-13,1018,120,2,60,0
50389,2025-04-13,1018,112,1,70,0.05
50389,2025-04-13,1018,114,4,120,0
50390,2025-04-13,1028,116,12,48,0.05
50390,2025-04-13,1028,115,6,14,0
50390,2025-04-13,1028,119,6,85,0.15
50391,2025-04-14,1016,116,9,48,0
50391,2025-04-14,1016,109,6,55,0
50392,2025-04-14,1036,103,2,850,0.15
50392,2025-04-14,1036,119,1,85,0.15
50392,2025-04-14,1036,118,3,25,0
50393,2025-04-14,1067,112,6,70,0
50393,2025-04-14,1067,108,1,12,0.15
50394,2025-04-14,1031,110,2,35,0
50394,2025-04-14,1031,114,1,120,0.05
50395,2025-04-14,1002,119,6,85,0
50396,2025-04-14,1073,109,6,55,0
50396,2025-04-14,1073,116,1,48,0
50397,2025-04-15,1028,119,12,85,0.05
50398,2025-04-15,1037,115,4,14,0
50398,2025-04-15,1037,115,1,14,0.1
50398,2025-04-15,1037,112,5,70,0
50399,2025-04-15,1036,108,5,12,0
50400,2025-04-15,1020,109,5,55,0.1
50400,2025-04-15,1020,116,6,48,0.1
50401,2025-04-15,1009,115,6,14,0.15
50402,2025-04-16,1031,107,4,45,0
50403,2025-04-16,1059,114,3,120,0.1
50403,2025-04-16,1059,116,6,48,0
50404,2025-04-16,1016,115,18,14,0
50405,2025-04-16,1021,120,5,60,0.05
50405,2025-04-16,1021,117,6,38,0
50406,2025-04-16,1022,105,2,2600,0.1
50407,2025-04-17,1004,117,3,38,0.05
50408,2025-04-17,1009,115,5,14,0.1
50409,2025-04-17,1010,111,3,65,0
50409,2025-04-17,1010,112,5,70,0
50410,2025-04-17,1048,107,1,45,0.05
50411,2025-04-17,1015,116,3,48,0
50412,2025-04-17,1002,102,6,1200,0
50413,2025-04-17,1020,119,1,85,0.05
50414,2025-04-18,1054,109,4,55,0.1
50415,2025-04-18,1041,117,15,38,0
50416,2025-04-18,1016,115,3,14,0
50416,2025-04-18,1016,107,15,45,0
50417,2025-04-18,1052,118,3,25,0.15
50418,2025-04-19,1071,101,3,1450,0
50418,2025-04-19,1071,113,9,28,0.1
50419,2025-04-19,1080,111,5,65,0
50420,2025-04-19,1026,119,2,85,0
50420,2025-04-19,1026,101,2,1450,0
50420,2025-04-19,1026,107,3,45,0.1
50421,2025-04-19,1002,101,6,1450,0.15
50422,2025-04-19,1040,107,6,45,0
50423,2025-04-19,1063,120,6,60,0.1
50424,2025-04-20,1036,102,1,1200,0.15
50425,2025-04-20,1067,115,3,14,0
50425,2025-04-20,1067,120,1,60,0.05
50426,2025-04-20,1013,105,2,2600,0
50426,2025-04-20,1013,113,1,28,0
50427,2025-04-20,1017,108,3,12,0.15
50428,2025-04-21,1042,111,2,65,0
50429,2025-04-21,1026,117,5,38,0
50430,2025-04-21,1020,106,4,75,0
50431,2025-04-22,1053,112,6,70,0
50432,2025-04-22,1040,108,3,12,0
50432,2025-04-22,1040,106,18,75,0
50433,2025-04-22,1078,107,3,45,0
50434,2025-04-22,1012,107,3,45,0
50434,2025-04-22,1012,112,6,70,0
50434,2025-04-22,1012,108,2,12,0
50435,2025-04-22,1052,113,5,28,0
50435,2025-04-22,1052,104,1,320,0.15
50436,2025-04-22,1018,101,1,1450,0
50437,2025-04-22,1026,110,6,35,0.1
50437,2025-04-22,1026,103,2,850,0.15
50438,2025-04-23,1026,111,2,65,0
50438,2025-04-23,1026,119,3,85,0
50438,2025-04-23,1026,102,2,1200,0
50439,2025-04-23,1022,111,6,65,0
50439,2025-04-23,1022,112,4,70,0.1
50440,2025-04-23,1055,109,6,55,0
50441,2025-04-23,1036,118,1,25,0.05
50441,2025-04-23,1036,114,2,120,0.1
50442,2025-04-23,1038,110,5,35,0
50442,2025-04-23,1038,103,2,850,0
50443,2025-04-23,1018,106,5,75,0
50443,2025-04-23,1018,114,5,120,0.15
50444,2025-04-23,1003,117,3,38,0
50444,2025-04-23,1003,113,4,28,0
50445,2025-04-23,1073,109,3,55,0
50445,2025-04-23,1073,101,1,1450,0
50446,2025-04-23,1036,117,4,38,0.05
50447,2025-04-23,1046,120,2,60,0
50447,2025-04-23,1046,107,2,45,0
50448,2025-04-24,1069,102,1,1200,0.05
50448,2025-04-24,1069,118,4,25,0
50448,2025-04-24,1069,119,2,85,0
50449,2025-04-24,1031,109,6,55,0.1
50449,2025-04-24,1031,109,5,55,0
50450,2025-04-24,1046,113,5,28,0
50450,2025-04-24,1046,118,4,25,0.05
50451,2025-04-24,1040,112,3,70,0
50452,2025-04-24,1030,107,15,45,0
50452,2025-04-24,1030,101,3,1450,0.15
50453,2025-04-24,1017,116,3,48,0
50454,2025-04-24,1003,113,2,28,0.15
50455,2025-04-24,1015,118,3,25,0
50455,2025-04-24,1015,115,18,14,0
50456,2025-04-25,1042,120,6,60,0
50457,2025-04-25,1063,109,18,55,0.05
50457,2025-04-25,1063,115,15,14,0.15
50457,2025-04-25,1063,109,18,55,0.05
50458,2025-04-25,1023,108,6,12,0
50458,2025-04-25,1023,105,1,2600,0.1
50459,2025-04-25,1074,118,15,25,0
50459,2025-04-25,1074,106,9,75,0.15
50460,2025-04-26,1079,114,1,120,0
50461,2025-04-26,1019,116,2,48,0
50462,2025-04-26,1041,114,3,120,0.15
50463,2025-04-26,1043,101,1,1450,0
50463,2025-04-26,1043,115,3,14,0
50464,2025-04-26,1014,101,2,1450,0
50464,2025-04-26,1014,116,2,48,0
50464,2025-04-26,1014,112,4,70,0
50465,2025-04-27,1062,114,6,120,0
50465,2025-04-27,1062,106,1,75,0.15
50466,2025-04-27,1005,101,6,1450,0
50467,2025-04-27,1010,106,4,75,0
50468,2025-04-27,1010,119,1,85,0
50468,2025-04-27,1010,113,5,28,0
50469,2025-04-27,1004,119,2,85,0.05
50469,2025-04-27,1004,119,2,85,0
50470,2025-04-28,1013,107,2,45,0
50471,2025-04-28,1071,119,15,85,0
50471,2025-04-28,1071,115,9,14,0
50471,2025-04-28,1071,104,6,320,0.05
50472,2025-04-28,1071,106,9,75,0
50472,2025-04-28,1071,110,9,35,0.15
50473,2025-04-28,1077,106,1,75,0
50473,2025-04-28,1077,106,3,75,0
50474,2025-04-28,1061,108,4,12,0
50475,2025-04-29,1012,113,2,28,0
50475,2025-04-29,1012,118,3,25,0
50475,2025-04-29,1012,111,3,65,0
50476,2025-04-29,1060,107,3,45,0.05
50477,2025-04-29,1008,116,18,48,0
50478,2025-04-30,1011,109,15,55,0
50478,2025-04-30,1011,120,15,60,0
50478,2025-04-30,1011,113,12,28,0.15
50479,2025-04-30,1067,120,6,60,0.15
50479,2025-04-30,1067,119,5,85,0
50480,2025-04-30,1061,103,1,850,0.05
50481,2025-04-30,1074,117,18,38,0.05
50481,2025-04-30,1074,106,12,75,0
50482,2025-04-30,1022,117,2,38,0
50483,2025-05-01,1056,120,6,60,0
50484,2025-05-02,1077,109,6,55,0.15
50485,2025-05-02,1009,110,4,35,0.05
50486,2025-05-02,1042,112,1,70,0.15
50487,2025-05-02,1080,112,4,70,0
50487,2025-05-02,1080,110,2,35,0.05
50488,2025-05-02,1076,116,1,48,0
50488,2025-05-02,1076,113,1,28,0.15
50489,2025-05-02,1037,118,4,25,0
50489,2025-05-02,1037,110,4,35,0.05
50490,2025-05-02,1078,102,2,1200,0
50490,2025-05-02,1078,106,5,75,0.1
50491,2025-05-03,1043,107,6,45,0
50491,2025-05-03,1043,119,3,85,0
50491,2025-05-03,1043,109,3,55,0
50492,2025-05-03,1036,118,6,25,0
50492,2025-05-03,1036,120,2,60,0
50493,2025-05-03,1039,111,3,65,0
50493,2025-05-03,1039,116,5,48,0.1
50493,2025-05-03,1039,104,2,320,0
50494,2025-05-03,1053,111,15,65,0.15
50494,2025-05-03,1053,110,3,35,0.05
50494,2025-05-03,1053,117,3,38,0
50495,2025-05-03,1065,105,1,2600,0
50495,2025-05-03,1065,106,2,75,0.15
50496,2025-05-04,1008,102,3,1200,0
50497,2025-05-04,1026,109,4,55,0.05
50498,2025-05-04,1051,119,18,85,0
50498,2025-05-04,1051,107,12,45,0.05
50498,2025-05-04,1051,111,12,65,0.05
50499,2025-05-04,1071,109,9,55,0.1
50500,2025-05-04,1012,101,1,1450,0
50501,2025-05-05,1028,114,18,120,0
50502,2025-05-05,1035,110,1,35,0.15
50502,2025-05-05,1035,117,6,38,0
50502,2025-05-05,1035,111,2,65,0.1
50503,2025-05-05,1023,117,2,38,0
50503,2025-05-05,1023,114,3,120,0.1
50504,2025-05-05,1036,119,3,85,0
50504,2025-05-05,1036,107,4,45,0
50505,2025-05-05,1067,110,1,35,0
50505,2025-05-05,1067,112,6,70,0.15
50506,2025-05-05,1048,114,5,120,0
50506,2025-05-05,1048,108,1,12,0
50507,2025-05-05,1009,120,6,60,0
50508,2025-05-06,1036,114,6,120,0
50509,2025-05-06,1025,112,2,70,0
50510,2025-05-06,1077,115,6,14,0
50510,2025-05-06,1077,116,6,48,0
50511,2025-05-07,1054,110,1,35,0.05
50511,2025-05-07,1054,115,5,14,0.15
50512,2025-05-07,1025,116,2,48,0.1
50513,2025-05-07,1069,117,6,38,0
50513,2025-05-07,1069,112,2,70,0.15
50513,2025-05-07,1069,115,5,14,0
50514,2025-05-07,1038,111,6,65,0
50515,2025-05-07,1072,120,3,60,0.1
50516,2025-05-07,1012,109,6,55,0.15
50517,2025-05-08,1040,117,9,38,0
50517,2025-05-08,1040,108,9,12,0
50518,2025-05-08,1016,102,3,1200,0
50518,2025-05-08,1016,119,15,85,0
50519,2025-05-08,1049,108,1,12,0.15
50519,2025-05-08,1049,118,2,25,0
50520,2025-05-08,1044,120,4,60,0
50520,2025-05-08,1044,109,6,55,0
50521,2025-05-08,1011,109,6,55,0
50521,2025-05-08,1011,114,3,120,0
50522,2025-05-09,1022,116,4,48,0.15
50522,2025-05-09,1022,116,1,48,0
50523,2025-05-09,1079,114,4,120,0
50523,2025-05-09,1079,120,4,60,0
50524,2025-05-09,1005,106,9,75,0
50524,2025-05-09,1005,119,15,85,0
50525,2025-05-09,1003,101,1,1450,0
50525,2025-05-09,1003,115,3,14,0
50525,2025-05-09,1003,105,2,2600,0.05
50526,2025-05-09,1076,106,1,75,0
50527,2025-05-10,1038,116,5,48,0.05
50527,2025-05-10,1038,109,6,55,0
50528,2025-05-10,1044,109,2,55,0
50528,2025-05-10,1044,120,4,60,0
50529,2025-05-10,1030,116,6,48,0
50530,2025-05-10,1003,112,1,70,0
50530,2025-05-10,1003,115,1,14,0
50531,2025-05-10,1033,114,5,120,0
50531,2025-05-10,1033,115,6,14,0.15
50532,2025-05-10,1003,115,4,14,0
50533,2025-05-10,1049,113,4,28,0.1
50534,2025-05-10,1020,115,6,14,0
50535,2025-05-11,1067,114,6,120,0
50536,2025-05-11,1054,112,5,70,0
50537,2025-05-11,1037,117,4,38,0
50538,2025-05-11,1078,117,5,38,0
50539,2025-05-11,1046,110,2,35,0
50539,2025-05-11,1046,113,2,28,0.1
50539,2025-05-11,1046,119,3,85,0
50540,2025-05-12,1001,115,1,14,0.15
50541,2025-05-12,1074,112,3,70,0.15
50541,2025-05-12,1074,112,18,70,0.1
50541,2025-05-12,1074,104,6,320,0.1
50542,2025-05-12,1030,120,9,60,0
50542,2025-05-12,1030,111,3,65,0.15
50543,2025-05-12,1023,118,3,25,0.15
50544,2025-05-12,1041,116,3,48,0.15
50544,2025-05-12,1041,116,3,48,0
50545,2025-05-12,1018,114,3,120,0
50545,2025-05-12,1018,119,5,85,0
50545,2025-05-12,1018,118,1,25,0
50546,2025-05-12,1044,104,2,320,0
50547,2025-05-13,1062,114,2,120,0
50547,2025-05-13,1062,105,1,2600,0.15
50548,2025-05-13,1021,110,5,35,0
50549,2025-05-13,1073,111,5,65,0
50549,2025-05-13,1073,117,5,38,0
50549,2025-05-13,1073,118,6,25,0
50550,2025-05-13,1062,104,2,320,0
50550,2025-05-13,1062,102,2,1200,0.1
50551,2025-05-13,1041,115,18,14,0.05
50552,2025-05-14,1074,113,18,28,0.15
50552,2025-05-14,1074,109,15,55,0.1
50552,2025-05-14,1074,115,3,14,0
50553,2025-05-14,1032,109,6,55,0.1
50553,2025-05-14,1032,110,5,35,0.05
50554,2025-05-14,1007,114,2,120,0.05
50555,2025-05-14,1061,118,1,25,0.15
50555,2025-05-14,1061,112,2,70,0
50556,2025-05-14,1036,112,5,70,0.1
50557,2025-05-14,1049,117,1,38,0
50557,2025-05-14,1049,111,5,65,0
50558,2025-05-14,1012,111,1,65,0
50558,2025-05-14,1012,116,1,48,0
50559,2025-05-15,1071,117,15,38,0.05
50560,2025-05-15,1039,113,6,28,0.1
50560,2025-05-15,1039,111,3,65,0
50561,2025-05-15,1007,118,3,25,0.05
50562,2025-05-15,1080,111,6,65,0
50562,2025-05-15,1080,116,1,48,0
50563,2025-05-15,1029,109,6,55,0.15
50564,2025-05-16,1038,112,6,70,0
50564,2025-05-16,1038,102,1,1200,0
50565,2025-05-16,1018,116,4,48,0
50565,2025-05-16,1018,107,2,45,0
50565,2025-05-16,1018,105,2,2600,0
50566,2025-05-16,1059,116,1,48,0.15
50567,2025-05-16,1054,119,6,85,0.05
50568,2025-05-16,1016,111,15,65,0.05
50568,2025-05-16,1016,105,6,2600,0
50569,2025-05-16,1068,102,2,1200,0.15
50569,2025-05-16,1068,113,5,28,0.15
50569,2025-05-16,1068,119,2,85,0.1
50570,2025-05-17,1017,110,5,35,0.05
50571,2025-05-17,1042,118,4,25,0.05
50571,2025-05-17,1042,119,2,85,0
50572,2025-05-17,1051,120,12,60,0.15
50573,2025-05-18,1018,110,6,35,0.1
50574,2025-05-18,1066,118,15,25,0.15
50575,2025-05-18,1041,116,15,48,0.1
50575,2025-05-18,1041,107,6,45,0.05
50575,2025-05-18,1041,116,18,48,0
50576,2025-05-18,1017,114,2,120,0.05
50576,2025-05-18,1017,112,6,70,0
50576,2025-05-18,1017,115,3,14,0.05
50577,2025-05-19,1054,116,5,48,0
50577,2025-05-19,1054,118,4,25,0.15
50577,2025-05-19,1054,101,1,1450,0
50578,2025-05-19,1049,102,1,1200,0
50579,2025-05-19,1035,120,6,60,0
50580,2025-05-20,1019,115,3,14,0
50581,2025-05-20,1070,109,4,55,0
50582,2025-05-20,1079,116,2,48,0.1
50582,2025-05-20,1079,114,4,120,0
50582,2025-05-20,1079,112,6,70,0
50583,2025-05-20,1007,110,6,35,0
50583,2025-05-20,1007,120,1,60,0
50584,2025-05-20,1033,114,4,120,0.15
50585,2025-05-20,1029,115,6,14,0
50585,2025-05-20,1029,116,5,48,0.1
50585,2025-05-20,1029,114,6,120,0
50586,2025-05-21,1010,120,6,60,0.05
50587,2025-05-21,1016,102,6,1200,0.05
50587,2025-05-21,1016,108,6,12,0.05
50588,2025-05-21,1033,109,6,55,0
50589,2025-05-21,1006,119,5,85,0
50590,2025-05-21,1079,108,5,12,0.05
50590,2025-05-21,1079,109,6,55,0
50590,2025-05-21,1079,112,2,70,0.05
50591,2025-05-22,1009,106,5,75,0.05
50591,2025-05-22,1009,110,3,35,0
50592,2025-05-22,1028,109,9,55,0
50592,2025-05-22,1028,107,15,45,0.05
50592,2025-05-22,1028,111,15,65,0.15
50593,2025-05-22,1002,115,12,14,0
50594,2025-05-22,1079,107,1,45,0.1
50594,2025-05-22,1079,118,4,25,0.15
50595,2025-05-22,1015,107,18,45,0
50595,2025-05-22,1015,101,6,1450,0.05
50596,2025-05-22,1066,112,9,70,0.1
50596,2025-05-22,1066,106,15,75,0
50597,2025-05-23,1069,101,1,1450,0
50597,2025-05-23,1069,115,2,14,0.15
50598,2025-05-23,1055,107,18,45,0.1
50599,2025-05-23,1056,117,1,38,0.1
50599,2025-05-23,1056,115,1,14,0
50599,2025-05-23,1056,116,1,48,0
50600,2025-05-23,1010,106,3,75,0.05
50601,2025-05-23,1010,117,3,38,0
50601,2025-05-23,1010,110,6,35,0
50602,2025-05-23,1056,101,1,1450,0.05
50603,2025-05-24,1001,116,1,48,0.15
50603,2025-05-24,1001,116,1,48,0.1
50603,2025-05-24,1001,118,3,25,0.05
50604,2025-05-24,1014,117,3,38,0.05
50605,2025-05-24,1012,116,4,48,0
50606,2025-05-24,1051,102,3,1200,0.05
50606,2025-05-24,1051,107,18,45,0
50606,2025-05-24,1051,117,15,38,0
50607,2025-05-24,1019,115,6,14,0.1
50608,2025-05-25,1071,105,3,2600,0
50608,2025-05-25,1071,113,12,28,0.05
50609,2025-05-25,1071,108,18,12,0.1
50610,2025-05-25,1045,110,18,35,0.15
50611,2025-05-26,1066,106,6,75,0.05
50612,2025-05-26,1033,105,1,2600,0.15
50613,2025-05-26,1071,114,3,120,0
50613,2025-05-26,1071,115,9,14,0
50614,2025-05-26,1026,113,3,28,0
50614,2025-05-26,1026,105,1,2600,0
50614,2025-05-26,1026,108,1,12,0
50615,2025-05-26,1041,111,15,65,0.1
50615,2025-05-26,1041,108,15,12,0
50616,2025-05-26,1073,109,3,55,0
50616,2025-05-26,1073,106,3,75,0
50617,2025-05-26,1029,116,4,48,0
50617,2025-05-26,1029,118,2,25,0.1
50617,2025-05-26,1029,116,4,48,0
50618,2025-05-26,1058,117,4,38,0.05
50619,2025-05-27,1011,118,6,25,0.05
50620,2025-05-27,1026,116,6,48,0
50621,2025-05-27,1010,118,6,25,0
50622,2025-05-27,1075,110,5,35,0
50622,2025-05-27,1075,119,5,85,0
50623,2025-05-27,1070,111,2,65,0
50623,2025-05-27,1070,110,5,35,0.1
50624,2025-05-27,1038,111,5,65,0
50625,2025-05-27,1051,112,18,70,0
50626,2025-05-28,1079,106,5,75,0
50626,2025-05-28,1079,111,2,65,0.05
50626,2025-05-28,1079,120,6,60,0.15
50627,2025-05-28,1019,116,3,48,0
50627,2025-05-28,1019,107,4,45,0
50627,2025-05-28,1019,103,2,850,0
50628,2025-05-28,1006,107,3,45,0
50628,2025-05-28,1006,111,4,65,0
50628,2025-05-28,1006,102,2,1200,0
50629,2025-05-28,1067,118,6,25,0
50629,2025-05-28,1067,113,5,28,0
50629,2025-05-28,1067,110,4,35,0
50630,2025-05-28,1076,119,1,85,0.05
50630,2025-05-28,1076,107,2,45,0.05
50630,2025-05-28,1076,110,3,35,0
50631,2025-05-28,1062,101,1,1450,0
50631,2025-05-28,1062,106,1,75,0.05
50632,2025-05-28,1036,106,2,75,0
50633,2025-05-29,1030,117,18,38,0
50633,2025-05-29,1030,111,12,65,0
50634,2025-05-29,1027,106,4,75,0
50634,2025-05-29,1027,107,2,45,0.05
50635,2025-05-29,1076,105,1,2600,0.05
50636,2025-05-30,1019,106,2,75,0.05
50637,2025-05-30,1052,120,6,60,0
50637,2025-05-30,1052,118,6,25,0.1
50638,2025-05-30,1037,107,5,45,0
50639,2025-05-30,1062,107,4,45,0.05
50640,2025-05-31,1024,115,9,14,0
50640,2025-05-31,1024,116,9,48,0
50641,2025-05-31,1077,103,2,850,0
50641,2025-05-31,1077,105,1,2600,0
50642,2025-05-31,1067,115,2,14,0.05
50642,2025-05-31,1067,104,2,320,0.05
50643,2025-05-31,1077,118,5,25,0.05
50644,2025-05-31,1016,111,6,65,0.05
50645,2025-05-31,1070,119,6,85,0.1
50646,2025-05-31,1056,110,1,35,0.1
50646,2025-05-31,1056,112,2,70,0.15
50647,2025-06-01,1062,109,6,55,0.15
50647,2025-06-01,1062,118,5,25,0
50648,2025-06-01,1055,107,6,45,0.15
50649,2025-06-01,1011,113,15,28,0
50650,2025-06-01,1033,101,1,1450,0.05
50651,2025-06-01,1067,112,4,70,0.1
50652,2025-06-01,1027,117,4,38,0
50652,2025-06-01,1027,104,2,320,0.1
50652,2025-06-01,1027,113,3,28,0.15
50653,2025-06-01,1069,113,5,28,0
50653,2025-06-01,1069,120,4,60,0.15
50654,2025-06-02,1072,106,5,75,0.05
50654,2025-06-02,1072,111,3,65,0.05
50655,2025-06-02,1045,110,6,35,0.15
50655,2025-06-02,1045,118,3,25,0.1
50655,2025-06-02,1045,107,18,45,0
50656,2025-06-02,1013,112,3,70,0.15
50657,2025-06-02,1071,115,18,14,0
50657,2025-06-02,1071,106,18,75,0
50658,2025-06-02,1012,111,5,65,0
50659,2025-06-02,1012,108,3,12,0
50660,2025-06-03,1078,116,4,48,0.05
50661,2025-06-03,1067,115,5,14,0
50662,2025-06-03,1023,112,1,70,0
50662,2025-06-03,1023,118,5,25,0
50662,2025-06-03,1023,106,5,75,0.05
50663,2025-06-03,1067,107,2,45,0.1
50663,2025-06-03,1067,102,1,1200,0.1
50663,2025-06-03,1067,101,1,1450,0
50664,2025-06-03,1036,109,4,55,0
50664,2025-06-03,1036,113,5,28,0
50665,2025-06-03,1009,113,6,28,0.15
50666,2025-06-03,1072,109,3,55,0
50666,2025-06-03,1072,114,2,120,0
50667,2025-06-04,1034,110,1,35,0.05
50668,2025-06-04,1010,108,1,12,0.15
50668,2025-06-04,1010,112,3,70,0.05
50669,2025-06-04,1074,115,12,14,0.05
50670,2025-06-04,1062,116,4,48,0.1
50671,2025-06-04,1059,118,4,25,0
50671,2025-06-04,1059,108,4,12,0.1
50672,2025-06-04,1029,115,3,14,0
50672,2025-06-04,1029,120,5,60,0.05
50672,2025-06-04,1029,101,2,1450,0
50673,2025-06-04,1037,110,6,35,0.15
50674,2025-06-05,1044,113,2,28,0
50675,2025-06-05,1041,107,15,45,0
50676,2025-06-05,1024,115,6,14,0
50676,2025-06-05,1024,116,6,48,0.1
50676,2025-06-05,1024,107,9,45,0
50677,2025-06-05,1030,118,15,25,0
50678,2025-06-06,1011,120,12,60,0.05
50678,2025-06-06,1011,101,3,1450,0.15
50678,2025-06-06,1011,111,15,65,0
50679,2025-06-06,1064,118,4,25,0
50679,2025-06-06,1064,120,5,60,0
50680,2025-06-06,1051,116,6,48,0
50681,2025-06-06,1068,111,5,65,0
50681,2025-06-06,1068,112,4,70,0.15
50682,2025-06-06,1023,120,6,60,0.05
50682,2025-06-06,1023,111,6,65,0
50683,2025-06-06,1002,107,15,45,0
50683,2025-06-06,1002,109,15,55,0.15
50683,2025-06-06,1002,108,15,12,0
50684,2025-06-07,1031,111,5,65,0
50685,2025-06-07,1047,112,2,70,0
50686,2025-06-07,1048,118,3,25,0
50687,2025-06-07,1024,105,3,2600,0.15
50687,2025-06-07,1024,104,6,320,0.15
50688,2025-06-07,1031,111,4,65,0
50688,2025-06-07,1031,106,6,75,0
50689,2025-06-07,1061,106,4,75,0
50690,2025-06-08,1067,116,4,48,0
50690,2025-06-08,1067,107,5,45,0
50691,2025-06-08,1051,115,3,14,0
50692,2025-06-08,1033,118,1,25,0
50692,2025-06-08,1033,116,3,48,0
50693,2025-06-08,1047,113,3,28,0
50693,2025-06-08,1047,101,1,1450,0
50694,2025-06-08,1078,113,6,28,0.1
50695,2025-06-08,1069,120,3,60,0
50696,2025-06-08,1042,112,6,70,0
50696,2025-06-08,1042,119,4,85,0.05
50696,2025-06-08,1042,108,6,12,0
50697,2025-06-08,1022,117,3,38,0
50697,2025-06-08,1022,114,5,120,0
50697,2025-06-08,1022,118,1,25,0
50698,2025-06-09,1021,107,3,45,0.1
50699,2025-06-09,1038,108,6,12,0
50699,2025-06-09,1038,108,4,12,0.15
50699,2025-06-09,1038,118,3,25,0.1
50700,2025-06-09,1076,120,4,60,0
50700,2025-06-09,1076,106,1,75,0
50701,2025-06-09,1031,107,6,45,0.1
50701,2025-06-09,1031,116,2,48,0
50701,2025-06-09,1031,110,1,35,0
50702,2025-06-09,1061,102,2,1200,0.05
50702,2025-06-09,1061,116,1,48,0
50703,2025-06-10,1050,107,6,45,0
50704,2025-06-10,1057,105,1,2600,0
50704,2025-06-10,1057,102,2,1200,0.15
50704,2025-06-10,1057,119,4,85,0
50705,2025-06-10,1070,113,2,28,0.1
50706,2025-06-10,1070,113,4,28,0.1
50707,2025-06-10,1073,112,6,70,0.05
50707,2025-06-10,1073,108,3,12,0
50708,2025-06-11,1070,117,4,38,0
50709,2025-06-11,1047,108,3,12,0
50709,2025-06-11,1047,101,1,1450,0
50710,2025-06-11,1037,112,6,70,0
50710,2025-06-11,1037,120,4,60,0
50711,2025-06-11,1002,117,15,38,0
50711,2025-06-11,1002,117,15,38,0
50712,2025-06-11,1025,118,4,25,0
50712,2025-06-11,1025,107,6,45,0.1
50713,2025-06-11,1050,107,1,45,0
50713,2025-06-11,1050,114,5,120,0.15
50714,2025-06-12,1035,114,5,120,0.15
50715,2025-06-12,1035,106,1,75,0
50715,2025-06-12,1035,105,1,2600,0.1
50716,2025-06-12,1059,111,6,65,0.05
50716,2025-06-12,1059,112,3,70,0
50717,2025-06-12,1020,120,1,60,0
50718,2025-06-12,1014,108,6,12,0
50719,2025-06-12,1002,104,3,320,0
50720,2025-06-13,1028,110,12,35,0
50721,2025-06-13,1060,117,3,38,0
50721,2025-06-13,1060,118,2,25,0
50721,2025-06-13,1060,108,4,12,0
50722,2025-06-13,1070,106,3,75,0.15
50722,2025-06-13,1070,110,1,35,0
50723,2025-06-14,1050,107,1,45,0
50723,2025-06-14,1050,111,1,65,0.05
50724,2025-06-14,1027,110,3,35,0
50724,2025-06-14,1027,106,6,75,0
50725,2025-06-14,1071,105,6,2600,0.1
50725,2025-06-14,1071,108,9,12,0
50726,2025-06-14,1028,107,12,45,0
50727,2025-06-14,1002,117,15,38,0
50728,2025-06-14,1051,101,3,1450,0.05
50729,2025-06-14,1061,113,3,28,0.15
50729,2025-06-14,1061,104,1,320,0
50729,2025-06-14,1061,104,2,320,0.15
50730,2025-06-14,1008,109,6,55,0.1
50731,2025-06-15,1069,105,1,2600,0
50732,2025-06-15,1072,116,4,48,0.1
50732,2025-06-15,1072,106,6,75,0
50732,2025-06-15,1072,109,2,55,0
50733,2025-06-15,1006,115,5,14,0
50733,2025-06-15,1006,112,4,70,0
50734,2025-06-15,1073,113,3,28,0.1
50735,2025-06-15,1060,118,5,25,0.15
50736,2025-06-16,1020,108,3,12,0.05
50736,2025-06-16,1020,109,1,55,0.15
50737,2025-06-16,1065,116,1,48,0.05
50737,2025-06-16,1065,118,5,25,0
50738,2025-06-16,1042,103,2,850,0
50738,2025-06-16,1042,112,4,70,0.15
50738,2025-06-16,1042,113,5,28,0
50739,2025-06-16,1042,114,1,120,0
50739,2025-06-16,1042,112,1,70,0
50740,2025-06-16,1017,118,2,25,0
50741,2025-06-17,1063,104,6,320,0.1
50742,2025-06-17,1063,114,15,120,0
50742,2025-06-17,1063,102,3,1200,0.05
50743,2025-06-17,1010,119,2,85,0.1
50744,2025-06-17,1063,111,18,65,0
50745,2025-06-17,1047,116,4,48,0.15
50745,2025-06-17,1047,109,6,55,0
50746,2025-06-18,1006,103,2,850,0
50746,2025-06-18,1006,120,5,60,0
50746,2025-06-18,1006,104,1,320,0.05
50747,2025-06-18,1050,106,6,75,0
50748,2025-06-18,1073,120,5,60,0.1
50748,2025-06-18,1073,113,6,28,0
50748,2025-06-18,1073,116,5,48,0
50749,2025-06-18,1059,115,1,14,0
50749,2025-06-18,1059,117,5,38,0
50749,2025-06-18,1059,112,6,70,0
50750,2025-06-18,1069,111,3,65,0
50750,2025-06-18,1069,113,3,28,0.15
50751,2025-06-18,1048,116,4,48,0.15
50751,2025-06-18,1048,116,5,48,0
50752,2025-06-19,1073,107,5,45,0.1
50752,2025-06-19,1073,107,4,45,0
50753,2025-06-19,1051,116,9,48,0.05
50754,2025-06-19,1003,105,2,2600,0
50754,2025-06-19,1003,108,2,12,0
50755,2025-06-19,1041,117,18,38,0.15
50756,2025-06-20,1072,119,2,85,0
50756,2025-06-20,1072,102,2,1200,0
50757,2025-06-20,1018,109,5,55,0
50758,2025-06-20,1030,117,3,38,0.05
50759,2025-06-20,1052,119,6,85,0
50759,2025-06-20,1052,116,4,48,0
50760,2025-06-20,1063,115,3,14,0.05
50760,2025-06-20,1063,114,3,120,0.1
50760,2025-06-20,1063,117,12,38,0
50761,2025-06-21,1008,109,12,55,0
50762,2025-06-21,1016,116,15,48,0
50763,2025-06-21,1049,108,1,12,0
50764,2025-06-21,1070,106,5,75,0.1
50764,2025-06-21,1070,107,1,45,0.1
50765,2025-06-21,1051,116,15,48,0.05
50765,2025-06-21,1051,104,6,320,0
50766,2025-06-21,1051,105,3,2600,0
50767,2025-06-21,1074,102,6,1200,0
50767,2025-06-21,1074,103,6,850,0.15
50767,2025-06-21,1074,115,6,14,0
50768,2025-06-22,1074,113,18,28,0.05
50769,2025-06-22,1032,103,2,850,0
50770,2025-06-22,1074,104,6,320,0
50771,2025-06-22,1047,106,3,75,0.05
50772,2025-06-23,1004,106,3,75,0.05
50773,2025-06-23,1057,106,1,75,0.15
50773,2025-06-23,1057,107,6,45,0
50774,2025-06-23,1020,118,1,25,0.1
50774,2025-06-23,1020,102,1,1200,0.15
50774,2025-06-23,1020,118,3,25,0
50775,2025-06-23,1044,117,3,38,0
50775,2025-06-23,1044,111,3,65,0
50775,2025-06-23,1044,116,2,48,0
50776,2025-06-23,1070,116,5,48,0
50776,2025-06-23,1070,114,2,120,0.1
50777,2025-06-24,1075,112,3,70,0
50777,2025-06-24,1075,103,1,850,0.15
50777,2025-06-24,1075,115,3,14,0
50778,2025-06-24,1060,120,1,60,0
50778,2025-06-24,1060,115,6,14,0.15
50778,2025-06-24,1060,119,3,85,0.15
50779,2025-06-24,1014,108,6,12,0
50780,2025-06-24,1030,112,18,70,0
50780,2025-06-24,1030,119,12,85,0.15
50781,2025-06-24,1077,104,1,320,0.05
50781,2025-06-24,1077,120,5,60,0.1
50782,2025-06-25,1003,107,5,45,0
50783,2025-06-25,1043,110,2,35,0
50783,2025-06-25,1043,109,3,55,0
50784,2025-06-25,1039,120,5,60,0
50785,2025-06-25,1008,108,12,12,0.15
50785,2025-06-25,1008,120,15,60,0
50785,2025-06-25,1008,107,9,45,0
50786,2025-06-25,1018,116,5,48,0.1
50787,2025-06-26,1030,107,6,45,0
50787,2025-06-26,1030,120,15,60,0
50788,2025-06-26,1058,105,1,2600,0.05
50788,2025-06-26,1058,112,2,70,0.15
50789,2025-06-26,1018,115,5,14,0
50790,2025-06-26,1056,114,5,120,0
50791,2025-06-27,1041,113,18,28,0
50792,2025-06-27,1024,118,6,25,0.1
50793,2025-06-27,1004,118,4,25,0
50794,2025-06-27,1039,116,6,48,0.1
50794,2025-06-27,1039,108,2,12,0
50795,2025-06-28,1079,108,5,12,0.05
50795,2025-06-28,1079,107,2,45,0
50796,2025-06-28,1004,103,2,850,0
50797,2025-06-28,1065,111,6,65,0
50797,2025-06-28,1065,106,4,75,0
50798,2025-06-28,1061,106,2,75,0
50799,2025-06-28,1053,119,12,85,0
50800,2025-06-28,1026,103,2,850,0.15
50801,2025-06-29,1079,115,4,14,0
50801,2025-06-29,1079,110,1,35,0.05
50802,2025-06-29,1049,108,5,12,0.1
50802,2025-06-29,1049,113,5,28,0.05
50802,2025-06-29,1049,114,6,120,0.15
50803,2025-06-29,1005,104,6,320,0.15
50803,2025-06-29,1005,118,6,25,0.05
50804,2025-06-29,1069,120,1,60,0.05
50804,2025-06-29,1069,110,6,35,0
50805,2025-06-29,1025,111,3,65,0.15
50806,2025-06-29,1037,106,3,75,0.05
50806,2025-06-29,1037,119,6,85,0.05
50807,2025-06-30,1058,116,1,48,0
50808,2025-06-30,1075,113,4,28,0
50808,2025-06-30,1075,109,1,55,0
50808,2025-06-30,1075,111,6,65,0
50809,2025-06-30,1059,107,6,45,0.1
50810,2025-06-30,1021,116,1,48,0
50810,2025-06-30,1021,115,6,14,0
50810,2025-06-30,1021,103,2,850,0.1
50811,2025-06-30,1066,120,12,60,0.05
50811,2025-06-30,1066,110,6,35,0
50812,2025-06-30,1073,118,2,25,0.15
50812,2025-06-30,1073,106,6,75,0
50812,2025-06-30,1073,110,3,35,0.1
50813,2025-06-30,1058,114,1,120,0
50814,2025-07-01,1026,114,3,120,0
50815,2025-07-01,1059,118,5,25,0.15
50815,2025-07-01,1059,101,2,1450,0
50816,2025-07-01,1028,115,12,14,0
50816,2025-07-01,1028,111,15,65,0.05
50817,2025-07-01,1001,118,3,25,0.05
50818,2025-07-02,1027,106,1,75,0.1
50819,2025-07-02,1045,106,3,75,0.1
50820,2025-07-02,1074,108,3,12,0
50820,2025-07-02,1074,104,3,320,0
50821,2025-07-03,1037,115,6,14,0.05
50821,2025-07-03,1037,113,5,28,0
50822,2025-07-03,1059,113,1,28,0
50822,2025-07-03,1059,116,3,48,0
50822,2025-07-03,1059,119,1,85,0.15
50823,2025-07-03,1055,103,6,850,0
50823,2025-07-03,1055,105,6,2600,0
50824,2025-07-04,1027,103,1,850,0
50824,2025-07-04,1027,116,5,48,0.15
50825,2025-07-04,1037,114,3,120,0
50825,2025-07-04,1037,112,5,70,0
50826,2025-07-04,1017,113,5,28,0.1
50826,2025-07-04,1017,114,4,120,0.15
50827,2025-07-05,1024,107,9,45,0
50827,2025-07-05,1024,101,3,1450,0
50828,2025-07-05,1016,118,15,25,0
50828,2025-07-05,1016,110,9,35,0
50828,2025-07-05,1016,113,18,28,0
50829,2025-07-05,1002,107,9,45,0
50829,2025-07-05,1002,117,9,38,0
50829,2025-07-05,1002,112,9,70,0.15
50830,2025-07-05,1001,115,3,14,0
50831,2025-07-05,1073,120,2,60,0
50831,2025-07-05,1073,109,3,55,0.1
50832,2025-07-06,1005,105,3,2600,0.1
50832,2025-07-06,1005,111,15,65,0
50832,2025-07-06,1005,111,12,65,0.1
50833,2025-07-06,1008,108,18,12,0.1
50833,2025-07-06,1008,109,15,55,0
50834,2025-07-06,1027,115,3,14,0
50834,2025-07-06,1027,120,3,60,0.15
50835,2025-07-06,1004,120,6,60,0.05
50836,2025-07-07,1022,114,2,120,0.05
50836,2025-07-07,1022,105,2,2600,0.1
50837,2025-07-07,1041,102,6,1200,0
50837,2025-07-07,1041,112,6,70,0
50837,2025-07-07,1041,111,9,65,0
50838,2025-07-07,1068,106,3,75,0.15
50839,2025-07-07,1005,119,12,85,0.05
50840,2025-07-07,1004,119,2,85,0
50840,2025-07-07,1004,109,4,55,0.1
50841,2025-07-07,1068,117,2,38,0.15
50842,2025-07-08,1067,120,2,60,0.1
50842,2025-07-08,1067,102,2,1200,0.1
50842,2025-07-08,1067,118,1,25,0
50843,2025-07-08,1040,115,15,14,0.15
50844,2025-07-08,1012,111,1,65,0
50845,2025-07-08,1067,116,1,48,0.05
50845,2025-07-08,1067,116,6,48,0
50845,2025-07-08,1067,109,2,55,0
50846,2025-07-08,1036,109,4,55,0.1
50846,2025-07-08,1036,105,1,2600,0
50847,2025-07-08,1036,101,1,1450,0
50848,2025-07-08,1070,113,3,28,0
50849,2025-07-09,1037,107,1,45,0
50849,2025-07-09,1037,114,3,120,0.05
50850,2025-07-09,1057,105,2,2600,0.1
50851,2025-07-09,1007,110,1,35,0
50852,2025-07-10,1076,118,6,25,0
50852,2025-07-10,1076,114,3,120,0
50852,2025-07-10,1076,117,6,38,0.15
50853,2025-07-10,1069,120,4,60,0.05
50854,2025-07-10,1017,117,6,38,0
50855,2025-07-11,1013,108,6,12,0.1
50855,2025-07-11,1013,116,4,48,0
50856,2025-07-11,1029,118,5,25,0
50857,2025-07-11,1047,106,6,75,0
50857,2025-07-11,1047,117,3,38,0
50858,2025-07-11,1063,103,3,850,0
50859,2025-07-11,1062,118,3,25,0.15
50859,2025-07-11,1062,109,5,55,0
50860,2025-07-11,1066,110,18,35,0.15
50861,2025-07-11,1014,113,1,28,0.15
50862,2025-07-12,1076,107,2,45,0.05
50862,2025-07-12,1076,106,4,75,0
50863,2025-07-12,1009,107,6,45,0.05
50864,2025-07-12,1056,113,3,28,0.05
50864,2025-07-12,1056,115,2,14,0.1
50865,2025-07-12,1010,119,5,85,0.15
50865,2025-07-12,1010,112,5,70,0.05
50865,2025-07-12,1010,111,5,65,0
50866,2025-07-12,1057,108,4,12,0
50867,2025-07-13,1077,115,5,14,0.15
50868,2025-07-13,1049,112,6,70,0
50869,2025-07-13,1012,117,5,38,0.15
50870,2025-07-13,1001,115,4,14,0.05
50871,2025-07-13,1038,114,4,120,0
50871,2025-07-13,1038,107,3,45,0
50872,2025-07-13,1073,108,4,12,0.1
50872,2025-07-13,1073,120,3,60,0
50872,2025-07-13,1073,113,5,28,0.05
50873,2025-07-13,1052,118,1,25,0
50874,2025-07-14,1001,113,3,28,0
50874,2025-07-14,1001,118,1,25,0
50874,2025-07-14,1001,111,5,65,0
50875,2025-07-14,1041,110,12,35,0
50875,2025-07-14,1041,113,18,28,0
50875,2025-07-14,1041,111,6,65,0.05
50876,2025-07-14,1050,118,2,25,0
50877,2025-07-14,1017,101,1,1450,0
50878,2025-07-14,1063,111,6,65,0
50878,2025-07-14,1063,105,6,2600,0.15
50878,2025-07-14,1063,111,18,65,0.05
50879,2025-07-14,1055,106,15,75,0
50879,2025-07-14,1055,113,12,28,0
50880,2025-07-14,1046,106,5,75,0
50881,2025-07-14,1074,118,6,25,0.1
50881,2025-07-14,1074,112,12,70,0.05
50882,2025-07-15,1074,102,3,1200,0.05
50883,2025-07-15,1062,109,5,55,0
50883,2025-07-15,1062,120,1,60,0
50883,2025-07-15,1062,116,5,48,0.15
50884,2025-07-15,1036,112,5,70,0.05
50884,2025-07-15,1036,104,2,320,0.1
50885,2025-07-16,1010,114,5,120,0
50885,2025-07-16,1010,114,3,120,0.05
50885,2025-07-16,1010,117,4,38,0
50886,2025-07-16,1066,113,9,28,0
50886,2025-07-16,1066,109,9,55,0
50887,2025-07-16,1022,115,5,14,0.1
50888,2025-07-16,1039,117,3,38,0
50888,2025-07-16,1039,114,5,120,0
50888,2025-07-16,1039,113,6,28,0
50889,2025-07-16,1080,108,1,12,0
50890,2025-07-17,1065,118,3,25,0
50891,2025-07-18,1033,116,5,48,0
50892,2025-07-18,1076,106,4,75,0
50892,2025-07-18,1076,117,3,38,0.15
50892,2025-07-18,1076,115,4,14,0
50893,2025-07-18,1068,109,1,55,0
50894,2025-07-18,1077,118,4,25,0.15
50895,2025-07-18,1050,115,6,14,0.1
50896,2025-07-18,1022,113,3,28,0
50897,2025-07-19,1034,102,2,1200,0
50898,2025-07-19,1061,111,5,65,0
50899,2025-07-19,1049,115,4,14,0
50899,2025-07-19,1049,106,4,75,0
50899,2025-07-19,1049,108,4,12,0
50900,2025-07-19,1041,115,3,14,0
50900,2025-07-19,1041,119,18,85,0
50901,2025-07-19,1056,119,3,85,0
50901,2025-07-19,1056,108,1,12,0
50902,2025-07-19,1075,111,6,65,0.1
50902,2025-07-19,1075,107,6,45,0.05
50903,2025-07-20,1024,113,18,28,0
50904,2025-07-20,1009,110,5,35,0
50905,2025-07-20,1058,107,3,45,0
50906,2025-07-20,1025,101,1,1450,0
50907,2025-07-20,1077,119,2,85,0.05
50907,2025-07-20,1077,114,6,120,0
50907,2025-07-20,1077,104,1,320,0
50908,2025-07-20,1073,119,6,85,0
50909,2025-07-21,1033,111,1,65,0.1
50910,2025-07-21,1059,116,6,48,0.1
50911,2025-07-21,1042,106,1,75,0
50912,2025-07-22,1043,108,3,12,0
50913,2025-07-22,1057,112,2,70,0.05
50914,2025-07-22,1051,114,3,120,0
50915,2025-07-22,1070,107,6,45,0
50915,2025-07-22,1070,119,6,85,0
50916,2025-07-22,1014,103,2,850,0.15
50917,2025-07-22,1058,119,2,85,0.1
50918,2025-07-23,1001,115,3,14,0
50919,2025-07-23,1043,113,5,28,0.1
50919,2025-07-23,1043,119,4,85,0
50920,2025-07-23,1056,118,1,25,0.05
50920,2025-07-23,1056,107,4,45,0.1
50921,2025-07-23,1062,113,3,28,0
50922,2025-07-24,1012,112,3,70,0
50923,2025-07-24,1059,114,2,120,0.05
50924,2025-07-24,1006,115,3,14,0.1
50924,2025-07-24,1006,110,1,35,0.1
50925,2025-07-24,1046,103,2,850,0.1
50925,2025-07-24,1046,106,1,75,0
50926,2025-07-24,1004,120,2,60,0
50926,2025-07-24,1004,110,5,35,0.1
50926,2025-07-24,1004,108,5,12,0.15
50927,2025-07-25,1058,102,1,1200,0
50928,2025-07-25,1006,105,2,2600,0.1
50928,2025-07-25,1006,118,5,25,0
50929,2025-07-25,1075,119,1,85,0.1
50930,2025-07-25,1019,114,4,120,0.05
50930,2025-07-25,1019,102,1,1200,0
50931,2025-07-26,1040,111,6,65,0.15
50932,2025-07-26,1076,117,1,38,0
50933,2025-07-26,1064,117,2,38,0
50933,2025-07-26,1064,117,4,38,0
50934,2025-07-26,1052,105,1,2600,0
50935,2025-07-26,1028,113,9,28,0
50936,2025-07-26,1016,105,6,2600,0
50937,2025-07-27,1048,106,2,75,0.05
50937,2025-07-27,1048,102,1,1200,0.15
50938,2025-07-27,1079,117,1,38,0
50938,2025-07-27,1079,103,1,850,0
50939,2025-07-27,1012,114,3,120,0
50939,2025-07-27,1012,115,4,14,0.1
50939,2025-07-27,1012,105,1,2600,0.1
50940,2025-07-27,1035,111,2,65,0
50940,2025-07-27,1035,114,1,120,0.05
50941,2025-07-27,1024,112,3,70,0.1
50941,2025-07-27,1024,117,9,38,0
50941,2025-07-27,1024,110,15,35,0
50942,2025-07-27,1025,120,1,60,0.05
50943,2025-07-28,1070,107,6,45,0.1
50943,2025-07-28,1070,107,1,45,0
50944,2025-07-28,1015,115,12,14,0
50945,2025-07-28,1023,115,1,14,0
50946,2025-07-28,1047,107,3,45,0
50947,2025-07-29,1079,102,1,1200,0.05
50947,2025-07-29,1079,106,1,75,0
50948,2025-07-29,1066,103,3,850,0.1
50949,2025-07-29,1057,113,4,28,0
50949,2025-07-29,1057,116,3,48,0
50950,2025-07-29,1015,107,6,45,0.1
50951,2025-07-29,1053,110,6,35,0
50952,2025-07-29,1061,111,4,65,0
50952,2025-07-29,1061,107,5,45,0
50953,2025-07-29,1023,110,4,35,0.1
50953,2025-07-29,1023,106,3,75,0
50954,2025-07-30,1073,108,1,12,0.15
50955,2025-07-30,1060,110,3,35,0
50955,2025-07-30,1060,119,5,85,0
50956,2025-07-30,1079,113,5,28,0.15
50957,2025-07-30,1030,110,15,35,0
50958,2025-07-30,1028,111,12,65,0
50958,2025-07-30,1028,101,6,1450,0.1
50959,2025-07-30,1032,109,5,55,0
50960,2025-07-31,1076,119,1,85,0
50961,2025-07-31,1006,120,6,60,0.15
50962,2025-07-31,1065,110,4,35,0
50963,2025-07-31,1013,112,1,70,0.05
50963,2025-07-31,1013,116,6,48,0.1
50964,2025-07-31,1053,105,6,2600,0
50965,2025-07-31,1012,111,3,65,0
50966,2025-08-01,1075,120,4,60,0.15
50967,2025-08-01,1018,110,3,35,0.1
50967,2025-08-01,1018,111,6,65,0
50967,2025-08-01,1018,118,1,25,0
50968,2025-08-01,1043,102,2,1200,0.15
50968,2025-08-01,1043,108,5,12,0.05
50969,2025-08-01,1074,117,3,38,0.05
50970,2025-08-02,1043,119,5,85,0.1
50970,2025-08-02,1043,109,1,55,0
50970,2025-08-02,1043,110,4,35,0.05
50971,2025-08-02,1006,109,6,55,0.05
50972,2025-08-03,1027,120,2,60,0.05
50973,2025-08-03,1015,111,15,65,0.15
50973,2025-08-03,1015,120,6,60,0.15
50973,2025-08-03,1015,116,6,48,0
50974,2025-08-03,1046,112,4,70,0
50975,2025-08-03,1007,110,4,35,0
50976,2025-08-03,1065,118,4,25,0.1
50976,2025-08-03,1065,112,5,70,0
50977,2025-08-04,1058,109,6,55,0.1
50977,2025-08-04,1058,117,1,38,0
50978,2025-08-04,1059,103,1,850,0
50979,2025-08-04,1010,106,1,75,0.1
50980,2025-08-05,1027,120,1,60,0
50980,2025-08-05,1027,110,6,35,0.05
50981,2025-08-05,1017,109,4,55,0.1
50981,2025-08-05,1017,114,3,120,0
50982,2025-08-05,1009,118,2,25,0.15
50983,2025-08-05,1067,109,5,55,0
50983,2025-08-05,1067,114,3,120,0
50983,2025-08-05,1067,113,6,28,0.05
50984,2025-08-05,1071,111,15,65,0
50984,2025-08-05,1071,119,9,85,0
50985,2025-08-05,1034,111,3,65,0.15
50986,2025-08-06,1007,109,4,55,0
50987,2025-08-06,1080,115,3,14,0
50988,2025-08-06,1023,115,6,14,0.15
50988,2025-08-06,1023,106,2,75,0
50988,2025-08-06,1023,102,2,1200,0.05
50989,2025-08-06,1017,108,2,12,0
50989,2025-08-06,1017,113,1,28,0.1
50990,2025-08-06,1041,106,12,75,0.05
50991,2025-08-06,1021,108,1,12,0
50991,2025-08-06,1021,119,2,85,0
50992,2025-08-07,1070,109,6,55,0
50992,2025-08-07,1070,111,3,65,0.15
50993,2025-08-07,1074,106,15,75,0.1
50993,2025-08-07,1074,119,12,85,0
50993,2025-08-07,1074,115,18,14,0
50994,2025-08-07,1006,115,1,14,0
50995,2025-08-07,1004,114,2,120,0
50995,2025-08-07,1004,109,3,55,0
50996,2025-08-07,1078,106,5,75,0
50996,2025-08-07,1078,117,3,38,0
50996,2025-08-07,1078,101,2,1450,0.1
50997,2025-08-07,1012,110,4,35,0
50997,2025-08-07,1012,114,5,120,0
50998,2025-08-08,1047,106,4,75,0
50998,2025-08-08,1047,110,1,35,0
50999,2025-08-08,1045,108,12,12,0.15
51000,2025-08-08,1072,107,4,45,0.1
51001,2025-08-08,1054,108,6,12,0
51001,2025-08-08,1054,116,4,48,0
51002,2025-08-08,1076,104,1,320,0
51002,2025-08-08,1076,111,5,65,0
51003,2025-08-09,1049,101,2,1450,0
51004,2025-08-09,1023,111,5,65,0.15
51004,2025-08-09,1023,119,2,85,0
51005,2025-08-09,1049,113,1,28,0.15
51006,2025-08-09,1039,108,5,12,0.1
51006,2025-08-09,1039,111,1,65,0.15
51007,2025-08-09,1001,108,6,12,0.15
51008,2025-08-09,1061,114,3,120,0
51009,2025-08-09,1023,119,6,85,0
51009,2025-08-09,1023,101,2,1450,0
51010,2025-08-09,1009,116,5,48,0
51010,2025-08-09,1009,113,3,28,0.1
51011,2025-08-09,1061,117,3,38,0.05
51011,2025-08-09,1061,116,1,48,0.15
51011,2025-08-09,1061,108,5,12,0
51012,2025-08-10,1019,111,6,65,0
51013,2025-08-10,1046,102,2,1200,0
51014,2025-08-10,1046,108,5,12,0.1
51015,2025-08-10,1010,106,6,75,0
51015,2025-08-10,1010,116,5,48,0.15
51016,2025-08-10,1022,109,3,55,0.15
51016,2025-08-10,1022,118,3,25,0
51017,2025-08-10,1047,112,3,70,0.15
51018,2025-08-10,1019,105,2,2600,0
51019,2025-08-11,1021,107,5,45,0
51020,2025-08-11,1025,114,5,120,0.15
51020,2025-08-11,1025,112,5,70,0.1
51021,2025-08-11,1015,111,3,65,0
51021,2025-08-11,1015,117,3,38,0
51022,2025-08-11,1045,115,6,14,0.15
51023,2025-08-11,1057,112,3,70,0
51023,2025-08-11,1057,115,1,14,0.1
51024,2025-08-11,1016,105,3,2600,0.1
51025,2025-08-12,1030,105,3,2600,0
51026,2025-08-12,1055,116,3,48,0
51026,2025-08-12,1055,101,6,1450,0.15
51026,2025-08-12,1055,111,6,65,0
51027,2025-08-12,1005,112,3,70,0
51027,2025-08-12,1005,105,6,2600,0
51027,2025-08-12,1005,103,3,850,0.15
51028,2025-08-12,1013,119,2,85,0.05
51029,2025-08-13,1045,104,6,320,0.05
51030,2025-08-13,1045,106,15,75,0.15
51031,2025-08-13,1079,112,1,70,0
51032,2025-08-13,1075,112,6,70,0
51033,2025-08-13,1037,119,5,85,0
51034,2025-08-13,1013,119,6,85,0
51035,2025-08-14,1047,113,4,28,0.1
51035,2025-08-14,1047,120,2,60,0.15
51035,2025-08-14,1047,109,4,55,0
51036,2025-08-14,1028,107,3,45,0.15
51036,2025-08-14,1028,120,3,60,0
51037,2025-08-14,1015,105,6,2600,0.1
51037,2025-08-14,1015,108,18,12,0
51038,2025-08-14,1011,112,12,70,0
51039,2025-08-14,1059,116,6,48,0.15
51039,2025-08-14,1059,111,5,65,0
51040,2025-08-15,1025,119,4,85,0.1
51041,2025-08-15,1048,101,2,1450,0.1
51042,2025-08-15,1014,111,6,65,0.1
51042,2025-08-15,1014,103,1,850,0
51043,2025-08-15,1052,113,1,28,0.1
51043,2025-08-15,1052,119,2,85,0
51043,2025-08-15,1052,109,2,55,0
51044,2025-08-15,1026,118,4,25,0
51044,2025-08-15,1026,107,4,45,0.1
51045,2025-08-16,1064,116,5,48,0.05
51046,2025-08-16,1035,120,3,60,0
51046,2025-08-16,1035,115,4,14,0
51046,2025-08-16,1035,112,2,70,0.15
51047,2025-08-16,1059,105,2,2600,0
51048,2025-08-16,1030,119,3,85,0
51048,2025-08-16,1030,116,3,48,0
51048,2025-08-16,1030,115,6,14,0
51049,2025-08-16,1078,109,3,55,0.05
51049,2025-08-16,1078,114,1,120,0.1
51049,2025-08-16,1078,116,4,48,0.15
51050,2025-08-16,1060,108,4,12,0
51051,2025-08-16,1065,112,5,70,0.05
51052,2025-08-16,1003,120,1,60,0
51053,2025-08-17,1057,102,1,1200,0.05
51053,2025-08-17,1057,115,3,14,0.1
51054,2025-08-17,1022,111,3,65,0.1
51054,2025-08-17,1022,110,1,35,0.05
51055,2025-08-17,1063,113,15,28,0.05
51055,2025-08-17,1063,111,15,65,0.15
51055,2025-08-17,1063,106,3,75,0
51056,2025-08-18,1034,113,4,28,0.05
51056,2025-08-18,1034,115,3,14,0
51057,2025-08-18,1008,113,6,28,0.15
51058,2025-08-18,1047,117,5,38,0
51059,2025-08-18,1044,104,2,320,0
51059,2025-08-18,1044,110,1,35,0.1
51060,2025-08-18,1032,107,3,45,0.05
51061,2025-08-18,1011,103,6,850,0
51061,2025-08-18,1011,109,3,55,0.05
51061,2025-08-18,1011,109,12,55,0.1
51062,2025-08-19,1054,101,2,1450,0.05
51063,2025-08-19,1003,110,4,35,0
51064,2025-08-19,1074,117,3,38,0.1
51065,2025-08-19,1027,112,6,70,0
51066,2025-08-19,1022,108,4,12,0
51066,2025-08-19,1022,112,1,70,0.15
51067,2025-08-19,1069,108,1,12,0
51068,2025-08-19,1074,117,15,38,0.1
51068,2025-08-19,1074,120,18,60,0.15
51069,2025-08-20,1075,113,3,28,0
51070,2025-08-20,1073,111,2,65,0
51070,2025-08-20,1073,117,6,38,0.15
51071,2025-08-20,1039,117,4,38,0.1
51071,2025-08-20,1039,112,2,70,0
51072,2025-08-20,1052,114,4,120,0.1
51073,2025-08-21,1003,115,2,14,0.05
51073,2025-08-21,1003,112,6,70,0.15
51073,2025-08-21,1003,116,4,48,0
51074,2025-08-21,1069,118,4,25,0.05
51074,2025-08-21,1069,116,1,48,0.05
51075,2025-08-21,1026,111,2,65,0
51076,2025-08-21,1039,110,1,35,0.1
51076,2025-08-21,1039,107,4,45,0
51077,2025-08-21,1037,106,6,75,0.05
51077,2025-08-21,1037,107,2,45,0
51077,2025-08-21,1037,106,1,75,0
51078,2025-08-22,1040,111,12,65,0
51078,2025-08-22,1040,114,3,120,0
51079,2025-08-22,1021,105,2,2600,0.15
51080,2025-08-22,1036,113,6,28,0.15
51080,2025-08-22,1036,102,2,1200,0.15
51080,2025-08-22,1036,101,1,1450,0
51081,2025-08-22,1078,118,4,25,0
51082,2025-08-23,1051,118,6,25,0
51082,2025-08-23,1051,113,15,28,0
51082,2025-08-23,1051,112,15,70,0.15
51083,2025-08-23,1068,112,1,70,0
51084,2025-08-23,1077,117,3,38,0
51085,2025-08-23,1075,110,6,35,0.1
51085,2025-08-23,1075,107,4,45,0
51085,2025-08-23,1075,106,2,75,0
51086,2025-08-24,1036,110,5,35,0
51086,2025-08-24,1036,112,3,70,0.1
51087,2025-08-24,1015,113,12,28,0.1
51088,2025-08-24,1032,118,2,25,0
51089,2025-08-25,1040,114,15,120,0
51090,2025-08-25,1007,119,6,85,0
51090,2025-08-25,1007,107,4,45,0
51090,2025-08-25,1007,114,6,120,0
51091,2025-08-25,1016,118,12,25,0
51091,2025-08-25,1016,101,6,1450,0
51092,2025-08-25,1039,119,2,85,0
51093,2025-08-26,1027,119,6,85,0
51094,2025-08-26,1053,108,3,12,0.15
51095,2025-08-26,1063,116,9,48,0.1
51095,2025-08-26,1063,110,3,35,0.15
51096,2025-08-26,1021,108,1,12,0
51096,2025-08-26,1021,110,6,35,0.15
51096,2025-08-26,1021,113,3,28,0
51097,2025-08-26,1004,114,2,120,0.1
51098,2025-08-26,1057,105,2,2600,0
51098,2025-08-26,1057,114,3,120,0.05
51098,2025-08-26,1057,103,1,850,0
51099,2025-08-27,1017,115,3,14,0
51099,2025-08-27,1017,111,6,65,0
51100,2025-08-28,1034,115,3,14,0.15
51101,2025-08-28,1037,103,2,850,0
51102,2025-08-28,1051,120,15,60,0
51102,2025-08-28,1051,101,3,1450,0.05
51103,2025-08-28,1079,107,1,45,0
51103,2025-08-28,1079,106,6,75,0.15
51103,2025-08-28,1079,106,4,75,0.05
51104,2025-08-28,1055,108,3,12,0
51104,2025-08-28,1055,106,15,75,0
51105,2025-08-29,1059,112,2,70,0.1
51105,2025-08-29,1059,107,3,45,0
51105,2025-08-29,1059,116,4,48,0
51106,2025-08-29,1056,114,3,120,0.1
51107,2025-08-29,1025,106,2,75,0
51107,2025-08-29,1025,108,3,12,0
51108,2025-08-29,1080,119,3,85,0.05
51108,2025-08-29,1080,115,4,14,0
51109,2025-08-29,1002,105,6,2600,0.1
51109,2025-08-29,1002,110,6,35,0.1
51110,2025-08-29,1050,110,5,35,0
51110,2025-08-29,1050,103,1,850,0
51110,2025-08-29,1050,109,2,55,0
51111,2025-08-29,1046,119,5,85,0.1
51111,2025-08-29,1046,116,1,48,0
51112,2025-08-30,1033,114,3,120,0
51112,2025-08-30,1033,115,2,14,0.05
51113,2025-08-30,1006,106,2,75,0.05
51113,2025-08-30,1006,112,3,70,0
51114,2025-08-30,1017,109,5,55,0
51115,2025-08-30,1019,105,1,2600,0
51116,2025-08-30,1064,116,4,48,0
51117,2025-08-31,1034,108,2,12,0
51117,2025-08-31,1034,116,4,48,0.15
51118,2025-08-31,1020,118,6,25,0.1
51118,2025-08-31,1020,117,1,38,0
51119,2025-08-31,1020,107,1,45,0
51120,2025-08-31,1034,115,4,14,0
51121,2025-08-31,1064,111,6,65,0.05
51122,2025-08-31,1063,112,18,70,0.15
51122,2025-08-31,1063,106,9,75,0
51123,2025-09-01,1027,106,2,75,0.1
51124,2025-09-01,1066,113,18,28,0.05
51125,2025-09-01,1028,120,3,60,0.05
51125,2025-09-01,1028,116,6,48,0
51126,2025-09-02,1064,104,2,320,0
51126,2025-09-02,1064,108,6,12,0
51126,2025-09-02,1064,110,5,35,0
51127,2025-09-02,1042,102,2,1200,0.15
51128,2025-09-02,1062,114,3,120,0.05
51128,2025-09-02,1062,115,3,14,0
51129,2025-09-02,1080,109,6,55,0.1
51129,2025-09-02,1080,119,5,85,0
51130,2025-09-03,1028,117,9,38,0
51131,2025-09-03,1008,103,6,850,0
51131,2025-09-03,1008,110,6,35,0
51131,2025-09-03,1008,120,12,60,0
51132,2025-09-03,1003,106,4,75,0
51133,2025-09-04,1020,108,4,12,0.1
51134,2025-09-05,1040,114,9,120,0.1
51134,2025-09-05,1040,104,6,320,0.05
51134,2025-09-05,1040,106,12,75,0
51135,2025-09-06,1055,116,9,48,0.05
51136,2025-09-06,1024,114,3,120,0
51136,2025-09-06,1024,112,12,70,0.1
51137,2025-09-07,1029,115,2,14,0
51137,2025-09-07,1029,112,6,70,0.05
51137,2025-09-07,1029,103,2,850,0
51138,2025-09-07,1011,108,6,12,0.1
51138,2025-09-07,1011,119,6,85,0.05
51139,2025-09-07,1055,113,15,28,0
51140,2025-09-07,1006,104,2,320,0
51140,2025-09-07,1006,104,2,320,0
51141,2025-09-08,1065,104,2,320,0
51142,2025-09-08,1024,102,6,1200,0.1
51142,2025-09-08,1024,108,15,12,0.1
51143,2025-09-08,1059,111,3,65,0
51143,2025-09-08,1059,120,2,60,0
51143,2025-09-08,1059,106,6,75,0.05
51144,2025-09-09,1034,104,1,320,0
51144,2025-09-09,1034,110,1,35,0
51144,2025-09-09,1034,114,4,120,0.1
51145,2025-09-09,1052,120,5,60,0.1
51145,2025-09-09,1052,112,5,70,0.15
51145,2025-09-09,1052,120,3,60,0.1
51146,2025-09-09,1051,104,3,320,0
51147,2025-09-09,1025,117,6,38,0
51148,2025-09-10,1019,107,6,45,0.15
51148,2025-09-10,1019,117,2,38,0
51148,2025-09-10,1019,108,4,12,0
51149,2025-09-10,1061,101,1,1450,0
51149,2025-09-10,1061,116,4,48,0
51150,2025-09-10,1061,118,5,25,0
51151,2025-09-10,1026,113,4,28,0
51152,2025-09-11,1043,104,2,320,0
51153,2025-09-11,1064,113,6,28,0.05
51153,2025-09-11,1064,120,1,60,0
51153,2025-09-11,1064,110,5,35,0.05
51154,2025-09-11,1079,119,4,85,0
51154,2025-09-11,1079,116,5,48,0
51154,2025-09-11,1079,110,3,35,0.05
51155,2025-09-12,1054,105,2,2600,0
51155,2025-09-12,1054,115,1,14,0
51156,2025-09-12,1037,106,3,75,0
51156,2025-09-12,1037,107,2,45,0.05
51156,2025-09-12,1037,119,3,85,0.05
51157,2025-09-12,1060,118,6,25,0.1
51158,2025-09-12,1050,118,6,25,0.1
51158,2025-09-12,1050,116,4,48,0.15
51159,2025-09-12,1021,107,6,45,0.1
51159,2025-09-12,1021,104,2,320,0
51160,2025-09-12,1023,106,4,75,0
51161,2025-09-13,1054,108,2,12,0.05
51161,2025-09-13,1054,102,1,1200,0
51162,2025-09-13,1034,115,2,14,0.15
51163,2025-09-13,1065,117,3,38,0
51164,2025-09-13,1015,107,15,45,0
51164,2025-09-13,1015,112,9,70,0.15
51165,2025-09-13,1046,116,5,48,0
51166,2025-09-14,1066,115,18,14,0
51166,2025-09-14,1066,119,12,85,0.15
51167,2025-09-14,1059,120,5,60,0.05
51168,2025-09-14,1014,102,1,1200,0
51168,2025-09-14,1014,114,2,120,0
51169,2025-09-14,1021,108,4,12,0.15
51169,2025-09-14,1021,112,6,70,0.15
51169,2025-09-14,1021,104,2,320,0
51170,2025-09-14,1018,118,4,25,0
51171,2025-09-14,1001,118,4,25,0
51172,2025-09-15,1037,106,3,75,0
51172,2025-09-15,1037,116,4,48,0
51173,2025-09-15,1032,116,5,48,0
51174,2025-09-16,1055,119,12,85,0.15
51174,2025-09-16,1055,112,18,70,0
51175,2025-09-16,1004,106,1,75,0.1
51175,2025-09-16,1004,117,1,38,0
51176,2025-09-16,1044,110,2,35,0
51177,2025-09-16,1008,116,18,48,0.1
51177,2025-09-16,1008,106,15,75,0
51178,2025-09-17,1067,110,6,35,0.1
51179,2025-09-17,1071,116,9,48,0
51180,2025-09-17,1002,119,15,85,0
51181,2025-09-18,1027,114,5,120,0.1
51181,2025-09-18,1027,111,3,65,0.15
51182,2025-09-18,1052,118,1,25,0
51183,2025-09-18,1069,110,6,35,0.1
51184,2025-09-19,1017,120,3,60,0
51184,2025-09-19,1017,104,2,320,0.05
51185,2025-09-19,1044,106,1,75,0.15
51185,2025-09-19,1044,112,3,70,0
51185,2025-09-19,1044,118,3,25,0.1
51186,2025-09-20,1008,108,15,12,0
51187,2025-09-20,1016,116,3,48,0
51188,2025-09-21,1039,116,4,48,0
51188,2025-09-21,1039,120,6,60,0.05
51189,2025-09-21,1073,119,6,85,0.1
51189,2025-09-21,1073,112,5,70,0
51189,2025-09-21,1073,109,3,55,0.1
51190,2025-09-21,1074,105,6,2600,0.05
51190,2025-09-21,1074,116,3,48,0
51190,2025-09-21,1074,112,6,70,0.15
51191,2025-09-21,1047,104,2,320,0.15
51191,2025-09-21,1047,110,1,35,0
51192,2025-09-22,1028,103,6,850,0.05
51192,2025-09-22,1028,113,12,28,0.15
51193,2025-09-22,1034,112,4,70,0
51193,2025-09-22,1034,115,4,14,0.1
51194,2025-09-22,1054,106,2,75,0
51195,2025-09-23,1059,120,5,60,0.15
51196,2025-09-23,1068,115,4,14,0
51197,2025-09-23,1005,106,15,75,0
51197,2025-09-23,1005,119,3,85,0.05
51197,2025-09-23,1005,118,3,25,0
51198,2025-09-23,1048,108,5,12,0
51198,2025-09-23,1048,105,2,2600,0
51199,2025-09-24,1019,117,4,38,0
51200,2025-09-24,1040,107,18,45,0
51201,2025-09-24,1001,113,1,28,0.15
51202,2025-09-25,1006,111,3,65,0.05
51202,2025-09-25,1006,111,3,65,0.15
51203,2025-09-25,1049,118,5,25,0
51203,2025-09-25,1049,116,5,48,0.1
51204,2025-09-25,1059,115,2,14,0.15
51204,2025-09-25,1059,116,1,48,0.15
51205,2025-09-25,1080,114,4,120,0
51205,2025-09-25,1080,119,3,85,0.05
51205,2025-09-25,1080,102,2,1200,0.1
51206,2025-09-25,1036,104,1,320,0.1
51206,2025-09-25,1036,101,2,1450,0.05
51206,2025-09-25,1036,114,6,120,0.05
51207,2025-09-26,1070,116,5,48,0.05
51207,2025-09-26,1070,106,4,75,0.05
51208,2025-09-26,1003,115,5,14,0
51209,2025-09-26,1003,117,2,38,0.15
51210,2025-09-26,1075,103,2,850,0
51210,2025-09-26,1075,113,4,28,0.15
51211,2025-09-26,1003,111,4,65,0
51212,2025-09-26,1068,110,1,35,0
51213,2025-09-26,1013,106,2,75,0
51213,2025-09-26,1013,107,1,45,0
51214,2025-09-27,1040,115,3,14,0.05
51214,2025-09-27,1040,120,6,60,0
51215,2025-09-27,1008,110,9,35,0
51216,2025-09-27,1053,108,3,12,0
51217,2025-09-27,1026,116,5,48,0
51218,2025-09-27,1064,116,4,48,0
51218,2025-09-27,1064,108,3,12,0
51219,2025-09-28,1004,114,1,120,0
51219,2025-09-28,1004,113,5,28,0.1
51220,2025-09-28,1013,116,6,48,0.15
51221,2025-09-28,1017,113,4,28,0
51222,2025-09-29,1065,117,2,38,0
51223,2025-09-29,1070,117,5,38,0
51224,2025-09-29,1072,102,2,1200,0.15
51224,2025-09-29,1072,114,6,120,0
51225,2025-09-30,1062,113,6,28,0
51226,2025-09-30,1045,107,15,45,0
51226,2025-09-30,1045,102,3,1200,0
51226,2025-09-30,1045,104,3,320,0.15
51227,2025-09-30,1018,113,3,28,0
51227,2025-09-30,1018,107,5,45,0.15
51227,2025-09-30,1018,109,6,55,0
51228,2025-09-30,1034,111,2,65,0.1
51228,2025-09-30,1034,120,3,60,0
51228,2025-09-30,1034,111,5,65,0
51229,2025-09-30,1003,105,1,2600,0.05
51229,2025-09-30,1003,111,1,65,0.1
51229,2025-09-30,1003,106,5,75,0.1
51230,2025-09-30,1063,112,18,70,0.1
51230,2025-09-30,1063,103,3,850,0.15
51231,2025-09-30,1057,105,2,2600,0.15
51231,2025-09-30,1057,114,4,120,0
51231,2025-09-30,1057,118,6,25,0
51232,2025-10-01,1016,109,6,55,0
51232,2025-10-01,1016,101,3,1450,0.15
51233,2025-10-01,1036,119,3,85,0
51233,2025-10-01,1036,104,2,320,0.15
51233,2025-10-01,1036,116,2,48,0
51234,2025-10-01,1047,108,6,12,0.1
51235,2025-10-01,1078,101,2,1450,0
51236,2025-10-02,1064,113,6,28,0.1
51237,2025-10-02,1073,115,5,14,0
51237,2025-10-02,1073,103,1,850,0.1
51237,2025-10-02,1073,103,2,850,0.05
51238,2025-10-02,1030,116,9,48,0
51238,2025-10-02,1030,118,3,25,0.1
51239,2025-10-02,1069,107,5,45,0
51239,2025-10-02,1069,101,2,1450,0.1
51240,2025-10-02,1007,111,4,65,0
51241,2025-10-03,1016,112,12,70,0
51241,2025-10-03,1016,112,3,70,0.1
51241,2025-10-03,1016,107,9,45,0
51242,2025-10-03,1069,109,4,55,0
51242,2025-10-03,1069,109,5,55,0.15
51243,2025-10-04,1055,119,6,85,0
51244,2025-10-04,1043,103,1,850,0
51245,2025-10-04,1062,117,5,38,0.15
51245,2025-10-04,1062,114,3,120,0.15
51246,2025-10-04,1033,104,1,320,0
51247,2025-10-04,1007,112,2,70,0
51248,2025-10-04,1077,111,1,65,0.1
51248,2025-10-04,1077,111,1,65,0
51249,2025-10-05,1008,110,18,35,0
51250,2025-10-05,1017,119,4,85,0
51251,2025-10-05,1039,114,1,120,0
51251,2025-10-05,1039,115,5,14,0
51252,2025-10-05,1038,110,5,35,0.15
51252,2025-10-05,1038,110,5,35,0.15
51253,2025-10-06,1050,117,5,38,0.05
51253,2025-10-06,1050,104,1,320,0
51254,2025-10-06,1067,113,1,28,0
51255,2025-10-06,1002,115,15,14,0.15
51255,2025-10-06,1002,118,15,25,0
51256,2025-10-07,1066,109,12,55,0.1
51257,2025-10-07,1080,106,2,75,0.15
51257,2025-10-07,1080,102,1,1200,0
51258,2025-10-07,1075,112,6,70,0.15
51258,2025-10-07,1075,109,5,55,0.05
51259,2025-10-08,1040,109,9,55,0
51259,2025-10-08,1040,112,18,70,0.1
51260,2025-10-08,1019,107,5,45,0.15
51261,2025-10-08,1007,109,2,55,0.1
51261,2025-10-08,1007,119,1,85,0
51262,2025-10-08,1025,111,6,65,0
51262,2025-10-08,1025,113,3,28,0.15
51262,2025-10-08,1025,113,3,28,0.05
51263,2025-10-09,1039,109,1,55,0
51263,2025-10-09,1039,118,1,25,0
51264,2025-10-09,1029,114,6,120,0
51265,2025-10-09,1060,107,4,45,0.1
51265,2025-10-09,1060,116,3,48,0.15
51266,2025-10-10,1024,109,3,55,0
51267,2025-10-10,1004,105,2,2600,0
51267,2025-10-10,1004,106,5,75,0.15
51268,2025-10-10,1047,120,2,60,0
51269,2025-10-11,1037,107,3,45,0.1
51270,2025-10-11,1023,118,2,25,0
51271,2025-10-12,1034,101,1,1450,0
51272,2025-10-12,1015,119,9,85,0
51273,2025-10-12,1031,117,6,38,0
51274,2025-10-12,1068,118,6,25,0
51274,2025-10-12,1068,105,1,2600,0.15
51275,2025-10-13,1025,112,6,70,0
51276,2025-10-13,1041,111,18,65,0
51276,2025-10-13,1041,119,15,85,0.05
51277,2025-10-13,1025,108,2,12,0
51277,2025-10-13,1025,107,6,45,0.15
51278,2025-10-13,1036,118,5,25,0
51279,2025-10-14,1061,114,2,120,0.05
51279,2025-10-14,1061,110,6,35,0.15
51279,2025-10-14,1061,112,4,70,0.05
51280,2025-10-14,1060,109,3,55,0.05
51281,2025-10-14,1062,120,4,60,0
51281,2025-10-14,1062,113,6,28,0.15
51281,2025-10-14,1062,113,1,28,0
51282,2025-10-14,1029,111,2,65,0
51283,2025-10-15,1028,110,12,35,0.05
51284,2025-10-15,1021,107,1,45,0
51285,2025-10-15,1011,111,9,65,0
51286,2025-10-15,1075,111,5,65,0
51287,2025-10-16,1053,117,9,38,0
51288,2025-10-16,1049,106,2,75,0
51289,2025-10-17,1010,119,3,85,0.15
51290,2025-10-17,1065,113,1,28,0.15
51290,2025-10-17,1065,108,2,12,0
51291,2025-10-17,1016,109,15,55,0
51292,2025-10-17,1043,115,3,14,0
51293,2025-10-18,1036,115,2,14,0.15
51294,2025-10-18,1070,101,2,1450,0
51295,2025-10-18,1045,120,15,60,0.15
51295,2025-10-18,1045,114,12,120,0.1
51296,2025-10-19,1066,118,6,25,0
51297,2025-10-20,1030,113,15,28,0.15
51297,2025-10-20,1030,111,12,65,0
51298,2025-10-20,1011,118,12,25,0.15
51299,2025-10-20,1054,111,5,65,0
51300,2025-10-21,1048,113,2,28,0
51301,2025-10-21,1002,117,9,38,0
51301,2025-10-21,1002,107,12,45,0.1
51302,2025-10-22,1069,109,1,55,0.05
51303,2025-10-22,1005,106,9,75,0.05
51304,2025-10-22,1078,113,4,28,0
51304,2025-10-22,1078,107,4,45,0
51305,2025-10-22,1069,106,1,75,0
51305,2025-10-22,1069,113,4,28,0.1
51306,2025-10-23,1039,106,6,75,0.05
51307,2025-10-24,1078,101,1,1450,0
51307,2025-10-24,1078,119,4,85,0
51308,2025-10-24,1027,108,5,12,0
51309,2025-10-24,1059,109,1,55,0
51310,2025-10-24,1042,110,1,35,0
51310,2025-10-24,1042,112,4,70,0.1
51311,2025-10-24,1009,120,2,60,0
51311,2025-10-24,1009,118,3,25,0
51312,2025-10-25,1061,114,3,120,0.05
51313,2025-10-25,1026,116,4,48,0
51313,2025-10-25,1026,107,2,45,0
51314,2025-10-25,1009,114,2,120,0.05
51314,2025-10-25,1009,109,5,55,0
51315,2025-10-25,1059,113,6,28,0
51315,2025-10-25,1059,108,4,12,0
51316,2025-10-25,1039,114,2,120,0
51316,2025-10-25,1039,107,5,45,0.1
51317,2025-10-25,1056,110,6,35,0
51317,2025-10-25,1056,115,1,14,0
51318,2025-10-26,1021,118,5,25,0
51319,2025-10-26,1009,116,2,48,0
51319,2025-10-26,1009,110,5,35,0
51319,2025-10-26,1009,120,1,60,0.15
51320,2025-10-26,1014,116,3,48,0
51320,2025-10-26,1014,111,3,65,0
51321,2025-10-27,1065,111,1,65,0.1
51322,2025-10-27,1060,109,4,55,0.15
51322,2025-10-27,1060,106,1,75,0
51323,2025-10-27,1033,115,2,14,0
51324,2025-10-28,1060,103,1,850,0.1
51325,2025-10-28,1057,111,3,65,0.15
51326,2025-10-28,1021,118,5,25,0
51327,2025-10-29,1023,105,2,2600,0
51328,2025-10-29,1010,116,6,48,0
51328,2025-10-29,1010,106,3,75,0
51328,2025-10-29,1010,107,1,45,0.1
51329,2025-10-30,1007,117,6,38,0.1
51329,2025-10-30,1007,116,1,48,0
51329,2025-10-30,1007,115,4,14,0
51330,2025-10-30,1077,102,2,1200,0.15
51331,2025-10-31,1026,110,2,35,0
51332,2025-10-31,1012,110,1,35,0
51333,2025-10-31,1025,115,2,14,0
51333,2025-10-31,1025,117,6,38,0
51333,2025-10-31,1025,116,1,48,0
51334,2025-11-01,1042,114,5,120,0
51334,2025-11-01,1042,119,4,85,0
51335,2025-11-01,1016,107,9,45,0
51336,2025-11-02,1023,110,3,35,0
51337,2025-11-02,1050,111,1,65,0.1
51338,2025-11-02,1036,114,1,120,0
51338,2025-11-02,1036,118,4,25,0
51338,2025-11-02,1036,116,4,48,0
51339,2025-11-02,1069,106,1,75,0.05
51339,2025-11-02,1069,109,6,55,0.1
51340,2025-11-03,1018,106,6,75,0
51341,2025-11-03,1062,109,5,55,0.05
51342,2025-11-04,1058,112,6,70,0
51342,2025-11-04,1058,112,6,70,0
51343,2025-11-04,1030,114,3,120,0
51344,2025-11-04,1031,110,2,35,0.05
51344,2025-11-04,1031,103,1,850,0
51344,2025-11-04,1031,112,2,70,0
51345,2025-11-04,1049,114,2,120,0.1
51346,2025-11-04,1077,116,3,48,0
51346,2025-11-04,1077,108,6,12,0.15
51347,2025-11-04,1006,117,4,38,0.1
51347,2025-11-04,1006,117,1,38,0
51348,2025-11-04,1043,107,5,45,0
51349,2025-11-05,1032,115,2,14,0.05
51349,2025-11-05,1032,118,5,25,0
51349,2025-11-05,1032,106,6,75,0
51350,2025-11-05,1009,103,1,850,0
51350,2025-11-05,1009,114,2,120,0
51351,2025-11-05,1017,106,5,75,0.15
51352,2025-11-05,1027,112,4,70,0.1
51353,2025-11-05,1060,106,2,75,0
51354,2025-11-05,1055,114,9,120,0
51355,2025-11-05,1074,120,6,60,0
51355,2025-11-05,1074,118,12,25,0
51356,2025-11-06,1047,110,4,35,0
51356,2025-11-06,1047,110,5,35,0.1
51357,2025-11-06,1056,117,4,38,0
51358,2025-11-06,1049,118,3,25,0.05
51358,2025-11-06,1049,112,5,70,0.1
51359,2025-11-07,1040,108,15,12,0.05
51359,2025-11-07,1040,111,9,65,0
51360,2025-11-07,1061,106,2,75,0
51361,2025-11-07,1002,116,9,48,0
51361,2025-11-07,1002,110,12,35,0
51362,2025-11-07,1048,112,6,70,0.05
51362,2025-11-07,1048,103,1,850,0
51363,2025-11-07,1050,106,4,75,0
51363,2025-11-07,1050,116,6,48,0
51364,2025-11-08,1066,112,18,70,0
51364,2025-11-08,1066,115,18,14,0
51364,2025-11-08,1066,119,18,85,0
51365,2025-11-08,1032,102,2,1200,0.1
51365,2025-11-08,1032,115,1,14,0.1
51366,2025-11-08,1019,114,6,120,0
51367,2025-11-08,1033,114,6,120,0.15
51368,2025-11-08,1021,105,1,2600,0.1
51369,2025-11-08,1050,115,1,14,0.05
51369,2025-11-08,1050,119,4,85,0
51370,2025-11-09,1039,120,6,60,0
51370,2025-11-09,1039,113,6,28,0
51371,2025-11-09,1012,114,3,120,0.15
51372,2025-11-09,1019,116,6,48,0
51373,2025-11-09,1040,120,12,60,0
51374,2025-11-09,1013,117,4,38,0.05
51375,2025-11-10,1054,108,4,12,0
51375,2025-11-10,1054,106,2,75,0.1
51375,2025-11-10,1054,105,2,2600,0
51376,2025-11-10,1065,111,2,65,0
51377,2025-11-10,1026,116,2,48,0
51378,2025-11-10,1053,114,15,120,0
51378,2025-11-10,1053,118,6,25,0
51379,2025-11-11,1036,109,5,55,0
51380,2025-11-11,1062,115,1,14,0
51380,2025-11-11,1062,103,1,850,0.1
51381,2025-11-11,1075,104,1,320,0
51382,2025-11-11,1078,120,3,60,0
51382,2025-11-11,1078,111,3,65,0.05
51383,2025-11-12,1055,109,9,55,0
51384,2025-11-12,1031,115,4,14,0.05
51385,2025-11-12,1008,118,3,25,0
51386,2025-11-12,1059,110,2,35,0
51386,2025-11-12,1059,114,5,120,0
51386,2025-11-12,1059,120,2,60,0
51387,2025-11-12,1058,115,4,14,0.05
51387,2025-11-12,1058,110,2,35,0
51388,2025-11-12,1042,114,1,120,0.15
51389,2025-11-13,1030,111,18,65,0.05
51389,2025-11-13,1030,117,9,38,0
51390,2025-11-13,1061,118,1,25,0.1
51390,2025-11-13,1061,110,5,35,0
51390,2025-11-13,1061,115,5,14,0.05
51391,2025-11-13,1065,105,1,2600,0
51392,2025-11-13,1071,106,12,75,0
51392,2025-11-13,1071,111,15,65,0
51393,2025-11-14,1032,106,6,75,0.1
51394,2025-11-14,1012,111,6,65,0
51395,2025-11-15,1050,107,3,45,0.1
51396,2025-11-15,1061,105,1,2600,0.05
51396,2025-11-15,1061,114,4,120,0
51396,2025-11-15,1061,117,3,38,0.15
51397,2025-11-15,1029,116,5,48,0
51397,2025-11-15,1029,114,4,120,0.1
51398,2025-11-15,1049,114,5,120,0.15
51398,2025-11-15,1049,111,2,65,0
51398,2025-11-15,1049,108,3,12,0
51399,2025-11-15,1015,109,15,55,0
51400,2025-11-15,1015,109,9,55,0
51400,2025-11-15,1015,113,3,28,0
51401,2025-11-15,1008,112,12,70,0
51401,2025-11-15,1008,109,9,55,0.15
51402,2025-11-16,1017,115,5,14,0
51402,2025-11-16,1017,104,1,320,0.05
51403,2025-11-16,1059,106,3,75,0.15
51404,2025-11-16,1029,115,2,14,0.05
51404,2025-11-16,1029,108,6,12,0.1
51405,2025-11-16,1005,109,15,55,0.1
51405,2025-11-16,1005,105,6,2600,0.1
51406,2025-11-16,1028,108,12,12,0
51406,2025-11-16,1028,120,9,60,0
51407,2025-11-16,1027,119,2,85,0.1
51407,2025-11-16,1027,116,2,48,0.15
51407,2025-11-16,1027,112,4,70,0
51408,2025-11-16,1021,113,3,28,0
51409,2025-11-16,1061,116,4,48,0
51410,2025-11-17,1025,118,4,25,0
51410,2025-11-17,1025,105,1,2600,0.15
51410,2025-11-17,1025,119,3,85,0
51411,2025-11-17,1021,105,2,2600,0
51411,2025-11-17,1021,119,2,85,0
51412,2025-11-17,1026,114,3,120,0.1
51412,2025-11-17,1026,118,1,25,0.1
51412,2025-11-17,1026,117,2,38,0
51413,2025-11-18,1055,118,3,25,0
51413,2025-11-18,1055,109,12,55,0
51413,2025-11-18,1055,120,3,60,0.05
51414,2025-11-18,1044,111,2,65,0.1
51414,2025-11-18,1044,116,2,48,0
51415,2025-11-18,1016,110,9,35,0.1
51416,2025-11-18,1077,114,4,120,0.15
51417,2025-11-19,1012,118,6,25,0
51417,2025-11-19,1012,108,6,12,0
51418,2025-11-19,1048,105,1,2600,0
51419,2025-11-19,1063,115,15,14,0
51419,2025-11-19,1063,101,6,1450,0
51419,2025-11-19,1063,115,3,14,0.15
51420,2025-11-19,1076,110,6,35,0.1
51421,2025-11-20,1056,113,1,28,0
51422,2025-11-20,1009,119,5,85,0
51422,2025-11-20,1009,110,6,35,0
51422,2025-11-20,1009,110,5,35,0.15
51423,2025-11-21,1067,112,6,70,0
51423,2025-11-21,1067,116,2,48,0.1
51424,2025-11-21,1016,118,18,25,0
51425,2025-11-21,1001,111,3,65,0
51425,2025-11-21,1001,102,1,1200,0.1
51426,2025-11-21,1021,113,1,28,0
51427,2025-11-21,1016,108,15,12,0
51427,2025-11-21,1016,110,18,35,0
51428,2025-11-22,1032,102,2,1200,0.1
51429,2025-11-22,1069,105,2,2600,0.1
51429,2025-11-22,1069,108,3,12,0.05
51430,2025-11-22,1069,107,1,45,0.1
51430,2025-11-22,1069,117,2,38,0
51431,2025-11-23,1028,114,6,120,0.05
51432,2025-11-23,1046,105,2,2600,0
51433,2025-11-23,1071,108,18,12,0
51434,2025-11-23,1052,103,2,850,0.1
51434,2025-11-23,1052,110,6,35,0
51435,2025-11-23,1069,103,2,850,0.1
51436,2025-11-24,1025,110,6,35,0.1
51436,2025-11-24,1025,117,5,38,0
51436,2025-11-24,1025,110,2,35,0
51437,2025-11-24,1056,101,1,1450,0
51437,2025-11-24,1056,108,5,12,0
51438,2025-11-24,1071,103,3,850,0
51438,2025-11-24,1071,119,9,85,0
51439,2025-11-24,1029,101,2,1450,0
51440,2025-11-24,1049,117,1,38,0
51441,2025-11-24,1068,118,5,25,0.15
51441,2025-11-24,1068,117,1,38,0.05
51441,2025-11-24,1068,109,5,55,0.15
51442,2025-11-25,1013,106,4,75,0
51443,2025-11-25,1045,115,15,14,0.05
51443,2025-11-25,1045,113,12,28,0
51443,2025-11-25,1045,113,9,28,0
51444,2025-11-25,1066,106,6,75,0
51444,2025-11-25,1066,110,18,35,0
51444,2025-11-25,1066,102,6,1200,0.1
51445,2025-11-25,1032,114,6,120,0
51445,2025-11-25,1032,106,3,75,0.15
51445,2025-11-25,1032,111,3,65,0
51446,2025-11-26,1055,119,6,85,0
51446,2025-11-26,1055,114,3,120,0
51447,2025-11-26,1053,118,18,25,0
51448,2025-11-26,1010,107,1,45,0
51448,2025-11-26,1010,113,1,28,0.1
51448,2025-11-26,1010,108,4,12,0.15
51449,2025-11-26,1002,115,18,14,0
51449,2025-11-26,1002,111,15,65,0.1
51450,2025-11-26,1069,105,1,2600,0.05
51450,2025-11-26,1069,106,6,75,0
51450,2025-11-26,1069,115,6,14,0.05
51451,2025-11-26,1045,120,18,60,0.15
51452,2025-11-27,1078,114,2,120,0.1
51453,2025-11-27,1068,106,3,75,0.15
51454,2025-11-27,1018,109,1,55,0
51454,2025-11-27,1018,112,2,70,0
51455,2025-11-27,1015,119,6,85,0.15
51456,2025-11-27,1070,108,4,12,0
51457,2025-11-27,1034,101,2,1450,0
51458,2025-11-27,1040,112,3,70,0
51458,2025-11-27,1040,119,12,85,0
51458,2025-11-27,1040,109,15,55,0
51459,2025-11-27,1043,109,1,55,0
51460,2025-11-28,1024,109,3,55,0
51460,2025-11-28,1024,112,3,70,0.05
51461,2025-11-28,1066,110,12,35,0
51462,2025-11-28,1020,107,4,45,0
51462,2025-11-28,1020,110,3,35,0
51462,2025-11-28,1020,119,5,85,0.15
51463,2025-11-28,1035,120,6,60,0.15
51464,2025-11-28,1057,105,2,2600,0
51465,2025-11-29,1026,106,1,75,0
51466,2025-11-29,1051,116,3,48,0
51466,2025-11-29,1051,115,12,14,0.1
51467,2025-11-29,1035,110,5,35,0
51468,2025-11-30,1017,116,4,48,0.05
51469,2025-11-30,1050,104,1,320,0.15
51470,2025-11-30,1003,106,5,75,0
51471,2025-11-30,1031,115,3,14,0
51472,2025-11-30,1077,101,2,1450,0
51472,2025-11-30,1077,108,1,12,0.15
51472,2025-11-30,1077,111,5,65,0
51473,2025-11-30,1066,107,3,45,0.15
51474,2025-11-30,1034,107,4,45,0
51474,2025-11-30,1034,111,1,65,0.1
51474,2025-11-30,1034,116,5,48,0
51475,2025-12-01,1020,105,2,2600,0
51476,2025-12-01,1036,119,4,85,0
51477,2025-12-01,1079,104,1,320,0
51478,2025-12-01,1053,108,18,12,0
51478,2025-12-01,1053,107,12,45,0
51479,2025-12-01,1008,110,3,35,0
51479,2025-12-01,1008,104,6,320,0
51480,2025-12-01,1045,110,9,35,0
51480,2025-12-01,1045,106,3,75,0
51480,2025-12-01,1045,115,9,14,0
51481,2025-12-02,1037,108,5,12,0
51481,2025-12-02,1037,111,3,65,0
51482,2025-12-02,1047,108,1,12,0.1
51483,2025-12-02,1002,113,6,28,0
51483,2025-12-02,1002,109,9,55,0.1
51483,2025-12-02,1002,117,15,38,0.05
51484,2025-12-02,1048,114,2,120,0.05
51485,2025-12-02,1050,119,2,85,0.1
51486,2025-12-02,1078,102,1,1200,0
51487,2025-12-02,1058,103,2,850,0
51488,2025-12-03,1026,116,1,48,0
51488,2025-12-03,1026,106,5,75,0.1
51489,2025-12-03,1033,120,3,60,0
51489,2025-12-03,1033,114,1,120,0
51490,2025-12-03,1009,110,5,35,0.15
51490,2025-12-03,1009,101,2,1450,0.1
51491,2025-12-03,1017,102,1,1200,0.15
51492,2025-12-05,1051,115,15,14,0
51492,2025-12-05,1051,106,15,75,0
51493,2025-12-05,1072,110,3,35,0
51493,2025-12-05,1072,106,2,75,0.05
51494,2025-12-05,1028,115,15,14,0
51494,2025-12-05,1028,112,18,70,0.05
51495,2025-12-05,1034,118,3,25,0.1
51496,2025-12-05,1035,105,1,2600,0
51496,2025-12-05,1035,112,3,70,0
51497,2025-12-05,1019,119,3,85,0.15
51498,2025-12-06,1007,120,2,60,0.05
51498,2025-12-06,1007,105,2,2600,0.1
51498,2025-12-06,1007,114,3,120,0
51499,2025-12-06,1011,118,9,25,0.1
51499,2025-12-06,1011,105,6,2600,0
51499,2025-12-06,1011,120,18,60,0.15
51500,2025-12-06,1002,107,9,45,0
51501,2025-12-06,1033,112,5,70,0
51502,2025-12-06,1049,108,6,12,0.1
51502,2025-12-06,1049,114,2,120,0.15
51502,2025-12-06,1049,111,3,65,0
51503,2025-12-07,1051,111,18,65,0.1
51504,2025-12-07,1056,106,4,75,0
51505,2025-12-07,1064,111,2,65,0
51506,2025-12-07,1073,120,2,60,0.1
51506,2025-12-07,1073,108,3,12,0
51507,2025-12-07,1023,115,2,14,0
51507,2025-12-07,1023,106,4,75,0
51508,2025-12-08,1059,120,1,60,0.1
51508,2025-12-08,1059,112,6,70,0.15
51508,2025-12-08,1059,117,5,38,0
51509,2025-12-08,1049,101,1,1450,0.15
51509,2025-12-08,1049,118,1,25,0
51510,2025-12-08,1032,108,6,12,0.05
51511,2025-12-08,1002,120,3,60,0.05
51512,2025-12-08,1044,103,1,850,0
51512,2025-12-08,1044,116,4,48,0.15
51512,2025-12-08,1044,106,3,75,0
51513,2025-12-08,1020,102,2,1200,0.1
51514,2025-12-08,1070,101,1,1450,0
51515,2025-12-09,1054,101,1,1450,0
51516,2025-12-09,1030,110,9,35,0.1
51516,2025-12-09,1030,108,18,12,0
51517,2025-12-09,1015,106,3,75,0
51517,2025-12-09,1015,104,6,320,0
51518,2025-12-09,1010,109,3,55,0
51518,2025-12-09,1010,119,5,85,0
51519,2025-12-10,1023,112,5,70,0
51519,2025-12-10,1023,115,2,14,0.1
51520,2025-12-10,1039,117,3,38,0
51520,2025-12-10,1039,108,4,12,0.1
51521,2025-12-10,1048,117,6,38,0.15
51522,2025-12-10,1010,118,2,25,0.15
51523,2025-12-10,1019,106,4,75,0.1
51524,2025-12-11,1009,113,6,28,0
51525,2025-12-11,1019,109,2,55,0
51526,2025-12-11,1050,109,4,55,0
51527,2025-12-11,1053,117,9,38,0
51527,2025-12-11,1053,117,18,38,0
51528,2025-12-11,1050,113,5,28,0.05
51528,2025-12-11,1050,112,5,70,0.15
51529,2025-12-11,1030,103,6,850,0.05
51529,2025-12-11,1030,113,18,28,0.15
51530,2025-12-12,1029,104,2,320,0
51530,2025-12-12,1029,107,1,45,0
51530,2025-12-12,1029,113,2,28,0
51531,2025-12-13,1018,111,5,65,0
51532,2025-12-13,1032,117,1,38,0.1
51533,2025-12-13,1018,120,6,60,0
51534,2025-12-13,1049,101,2,1450,0
51534,2025-12-13,1049,102,1,1200,0.1
51534,2025-12-13,1049,113,4,28,0.15
51535,2025-12-13,1077,102,2,1200,0
51536,2025-12-13,1011,103,6,850,0
51537,2025-12-14,1024,116,18,48,0.05
51537,2025-12-14,1024,115,9,14,0
51538,2025-12-14,1053,109,18,55,0.1
51538,2025-12-14,1053,101,3,1450,0
51538,2025-12-14,1053,103,3,850,0.05
51539,2025-12-14,1023,106,4,75,0.15
51539,2025-12-14,1023,110,4,35,0.05
51540,2025-12-14,1034,112,6,70,0
51540,2025-12-14,1034,110,2,35,0
51541,2025-12-14,1012,110,2,35,0.1
51541,2025-12-14,1012,107,5,45,0
51542,2025-12-15,1072,118,6,25,0
51542,2025-12-15,1072,111,6,65,0.1
51543,2025-12-15,1052,106,3,75,0.1
51543,2025-12-15,1052,110,3,35,0
51544,2025-12-15,1014,109,3,55,0
51545,2025-12-15,1031,106,1,75,0
51546,2025-12-15,1028,101,6,1450,0
51546,2025-12-15,1028,113,18,28,0
51547,2025-12-16,1031,103,1,850,0.05
51548,2025-12-16,1062,102,1,1200,0
51549,2025-12-16,1002,116,12,48,0.05
51550,2025-12-16,1025,116,6,48,0
51551,2025-12-16,1017,115,3,14,0
51551,2025-12-16,1017,119,5,85,0
51551,2025-12-16,1017,112,2,70,0
51552,2025-12-16,1076,111,1,65,0
51552,2025-12-16,1076,106,6,75,0
51553,2025-12-17,1030,117,18,38,0
51554,2025-12-17,1021,112,6,70,0.05
51554,2025-12-17,1021,114,3,120,0
51555,2025-12-17,1017,108,5,12,0.15
51556,2025-12-17,1056,119,6,85,0
51557,2025-12-17,1031,120,5,60,0
51558,2025-12-17,1020,114,4,120,0
51558,2025-12-17,1020,117,2,38,0.15
51559,2025-12-17,1040,118,3,25,0
51559,2025-12-17,1040,104,6,320,0
51560,2025-12-18,1038,103,2,850,0
51561,2025-12-18,1012,106,4,75,0
51562,2025-12-18,1061,116,4,48,0.1
51563,2025-12-18,1018,120,4,60,0
51564,2025-12-18,1047,110,5,35,0.1
51565,2025-12-18,1017,109,5,55,0
51565,2025-12-18,1017,110,6,35,0
51566,2025-12-19,1006,120,1,60,0.1
51566,2025-12-19,1006,117,6,38,0.15
51567,2025-12-19,1072,106,1,75,0
51568,2025-12-19,1049,113,1,28,0
51569,2025-12-19,1050,115,3,14,0
51569,2025-12-19,1050,111,5,65,0.15
51570,2025-12-20,1060,104,1,320,0
51571,2025-12-20,1056,110,1,35,0
51572,2025-12-20,1044,112,6,70,0.1
51572,2025-12-20,1044,111,3,65,0
51573,2025-12-20,1005,106,12,75,0
51573,2025-12-20,1005,114,9,120,0.05
51574,2025-12-20,1005,117,3,38,0.15
51574,2025-12-20,1005,109,12,55,0
51575,2025-12-21,1003,110,3,35,0.1
51575,2025-12-21,1003,106,2,75,0
51575,2025-12-21,1003,108,1,12,0
51576,2025-12-21,1058,112,6,70,0
51576,2025-12-21,1058,106,1,75,0
51577,2025-12-21,1055,120,9,60,0
51578,2025-12-21,1026,119,4,85,0
51579,2025-12-21,1069,117,6,38,0
51579,2025-12-21,1069,109,6,55,0.05
51579,2025-12-21,1069,110,1,35,0.05
51580,2025-12-22,1077,103,1,850,0
51581,2025-12-22,1041,106,12,75,0
51582,2025-12-22,1064,104,2,320,0
51583,2025-12-22,1067,101,2,1450,0.15
51583,2025-12-22,1067,118,6,25,0
51583,2025-12-22,1067,114,5,120,0
51584,2025-12-22,1005,116,6,48,0
51585,2025-12-22,1070,114,2,120,0
51586,2025-12-23,1074,109,9,55,0
51587,2025-12-23,1039,112,1,70,0.1
51588,2025-12-23,1064,120,4,60,0
51588,2025-12-23,1064,109,5,55,0
51588,2025-12-23,1064,112,3,70,0
51589,2025-12-23,1023,110,2,35,0.05
51589,2025-12-23,1023,113,5,28,0
51590,2025-12-23,1049,118,6,25,0.1
51591,2025-12-24,1056,108,5,12,0.15
51591,2025-12-24,1056,104,1,320,0.15
51591,2025-12-24,1056,118,1,25,0.1
51592,2025-12-24,1003,119,1,85,0
51592,2025-12-24,1003,116,5,48,0.05
51593,2025-12-24,1013,111,5,65,0.15
51593,2025-12-24,1013,102,2,1200,0.15
51593,2025-12-24,1013,110,2,35,0.15
51594,2025-12-24,1059,110,2,35,0.15
51594,2025-12-24,1059,111,1,65,0
51595,2025-12-24,1060,119,6,85,0.1
51595,2025-12-24,1060,117,4,38,0
51596,2025-12-24,1048,112,3,70,0.1
51597,2025-12-25,1054,107,4,45,0
51597,2025-12-25,1054,101,1,1450,0.15
51597,2025-12-25,1054,110,5,35,0.15
51598,2025-12-25,1077,109,5,55,0
51599,2025-12-25,1031,120,2,60,0.05
51599,2025-12-25,1031,114,1,120,0.15
51600,2025-12-25,1074,105,6,2600,0.1
51600,2025-12-25,1074,106,9,75,0.05
51601,2025-12-26,1021,107,6,45,0.15
51601,2025-12-26,1021,105,1,2600,0.1
51602,2025-12-26,1074,118,18,25,0
51602,2025-12-26,1074,118,6,25,0
51603,2025-12-26,1027,104,2,320,0
51604,2025-12-26,1076,101,1,1450,0.05
51605,2025-12-26,1049,116,2,48,0
51606,2025-12-26,1046,107,2,45,0
51607,2025-12-26,1025,118,6,25,0.15
51607,2025-12-26,1025,117,4,38,0.15
51608,2025-12-26,1034,102,1,1200,0
51608,2025-12-26,1034,114,6,120,0.05
51608,2025-12-26,1034,118,1,25,0
51609,2025-12-27,1019,108,2,12,0
51610,2025-12-27,1010,118,2,25,0
51610,2025-12-27,1010,104,1,320,0
51611,2025-12-27,1010,120,1,60,0
51611,2025-12-27,1010,115,4,14,0
51612,2025-12-27,1058,106,1,75,0
51613,2025-12-27,1073,114,1,120,0
51613,2025-12-27,1073,120,3,60,0
51613,2025-12-27,1073,120,5,60,0.05
51614,2025-12-28,1001,112,3,70,0
51615,2025-12-28,1025,102,1,1200,0.05
51615,2025-12-28,1025,112,2,70,0
51616,2025-12-28,1047,119,1,85,0
51617,2025-12-28,1018,103,1,850,0
51618,2025-12-29,1012,115,6,14,0
51619,2025-12-29,1060,117,4,38,0.05
51619,2025-12-29,1060,120,2,60,0
51619,2025-12-29,1060,106,6,75,0.15
51620,2025-12-29,1036,104,2,320,0
51620,2025-12-29,1036,117,6,38,0
51621,2025-12-29,1056,110,6,35,0
51621,2025-12-29,1056,117,5,38,0
51622,2025-12-29,1078,111,5,65,0
51622,2025-12-29,1078,110,6,35,0.15
51623,2025-12-30,1009,106,1,75,0.05
51623,2025-12-30,1009,107,4,45,0
51624,2025-12-30,1078,120,5,60,0
51624,2025-12-30,1078,110,1,35,0
51624,2025-12-30,1078,117,4,38,0.15
51625,2025-12-30,1024,107,6,45,0.1
51626,2025-12-30,1048,106,3,75,0
51627,2025-12-30,1002,115,18,14,0
51628,2025-12-30,1028,113,9,28,0
51628,2025-12-30,1028,113,12,28,0
51629,2025-12-31,1014,108,5,12,0.15
51629,2025-12-31,1014,118,1,25,0.05
51630,2025-12-31,1054,116,3,48,0.15
51630,2025-12-31,1054,109,2,55,0
51630,2025-12-31,1054,117,4,38,0
51631,2025-12-31,1036,105,2,2600,0
51631,2025-12-31,1036,114,5,120,0
51632,2026-01-01,1031,101,1,1537.0,0.1
51632,2026-01-01,1031,116,5,47.04,0
51633,2026-01-01,1060,104,2,339.2,0
51634,2026-01-01,1069,102,1,1272.0,0
51634,2026-01-01,1069,111,4,67.6,0.1
51635,2026-01-02,1045,103,6,901.0,0
51635,2026-01-02,1045,113,12,29.12,0
51636,2026-01-02,1059,117,1,37.24,0.15
51636,2026-01-02,1059,109,5,56.1,0
51637,2026-01-02,1004,102,1,1272.0,0
51638,2026-01-03,1014,118,6,24.5,0
51639,2026-01-03,1029,103,2,901.0,0.15
51640,2026-01-03,1069,119,1,83.3,0
51641,2026-01-03,1006,102,2,1272.0,0
51642,2026-01-03,1034,114,4,124.8,0
51643,2026-01-04,1075,104,2,339.2,0.15
51643,2026-01-04,1075,105,2,2756.0,0.1
51644,2026-01-04,1058,104,1,339.2,0.05
51644,2026-01-04,1058,111,4,67.6,0
51644,2026-01-04,1058,108,6,12.24,0
51645,2026-01-04,1029,107,3,45.9,0.1
51646,2026-01-05,1011,112,6,72.8,0.1
51647,2026-01-06,1010,120,1,58.8,0
51648,2026-01-06,1002,106,12,76.5,0
51648,2026-01-06,1002,111,9,67.6,0
51648,2026-01-06,1002,117,15,37.24,0.05
51649,2026-01-07,1041,115,18,14.56,0
51650,2026-01-08,1017,119,4,83.3,0
51651,2026-01-08,1080,106,4,76.5,0
51651,2026-01-08,1080,103,2,901.0,0
51652,2026-01-08,1040,114,6,124.8,0
51652,2026-01-08,1040,118,18,24.5,0
51653,2026-01-08,1031,118,2,24.5,0
51654,2026-01-09,1004,114,4,124.8,0
51654,2026-01-09,1004,107,5,45.9,0
51655,2026-01-09,1046,106,4,76.5,0.05
51655,2026-01-09,1046,110,3,35.7,0
51656,2026-01-09,1057,109,1,56.1,0.1
51657,2026-01-10,1025,106,2,76.5,0.05
51658,2026-01-11,1036,113,5,29.12,0
51658,2026-01-11,1036,104,1,339.2,0.1
51659,2026-01-11,1032,106,1,76.5,0
51660,2026-01-11,1074,107,15,45.9,0
51661,2026-01-11,1036,118,6,24.5,0.1
51662,2026-01-11,1052,109,2,56.1,0.1
51662,2026-01-11,1052,117,6,37.24,0
51663,2026-01-11,1064,106,2,76.5,0
51664,2026-01-12,1037,101,1,1537.0,0.05
51664,2026-01-12,1037,119,5,83.3,0
51664,2026-01-12,1037,115,6,14.56,0
51665,2026-01-12,1022,114,2,124.8,0
51666,2026-01-13,1043,105,1,2756.0,0.1
51666,2026-01-13,1043,111,3,67.6,0
51667,2026-01-13,1023,118,2,24.5,0.1
51668,2026-01-14,1046,113,4,29.12,0.15
51668,2026-01-14,1046,107,1,45.9,0
51669,2026-01-14,1003,114,3,124.8,0.15
51669,2026-01-14,1003,107,5,45.9,0
51670,2026-01-14,1019,103,2,901.0,0
51671,2026-01-14,1063,109,15,56.1,0
51671,2026-01-14,1063,114,9,124.8,0
51671,2026-01-14,1063,110,9,35.7,0
51672,2026-01-15,1043,116,5,47.04,0
51672,2026-01-15,1043,104,1,339.2,0
51673,2026-01-15,1053,114,6,124.8,0
51674,2026-01-15,1064,107,6,45.9,0.1
51675,2026-01-15,1056,106,1,76.5,0
51676,2026-01-16,1014,118,6,24.5,0.05
51677,2026-01-16,1058,106,6,76.5,0
51677,2026-01-16,1058,118,4,24.5,0.05
51678,2026-01-16,1054,108,1,12.24,0.05
51679,2026-01-16,1067,109,5,56.1,0
51679,2026-01-16,1067,110,4,35.7,0.05
51679,2026-01-16,1067,120,3,58.8,0
51680,2026-01-16,1015,111,18,67.6,0
51681,2026-01-17,1060,105,2,2756.0,0.05
51681,2026-01-17,1060,112,2,72.8,0
51681,2026-01-17,1060,111,1,67.6,0.15
51682,2026-01-17,1038,110,2,35.7,0
51683,2026-01-17,1076,102,2,1272.0,0
51684,2026-01-18,1001,107,3,45.9,0
51685,2026-01-18,1065,120,5,58.8,0
51685,2026-01-18,1065,120,6,58.8,0
51685,2026-01-18,1065,105,1,2756.0,0
51686,2026-01-19,1075,108,1,12.24,0
51687,2026-01-19,1046,117,6,37.24,0
51688,2026-01-19,1055,120,3,58.8,0
51688,2026-01-19,1055,119,15,83.3,0
51689,2026-01-19,1023,110,3,35.7,0.15
51689,2026-01-19,1023,112,6,72.8,0.15
51690,2026-01-19,1026,105,1,2756.0,0
51691,2026-01-20,1060,106,4,76.5,0
51691,2026-01-20,1060,105,2,2756.0,0.1
51692,2026-01-20,1041,119,18,83.3,0
51692,2026-01-20,1041,111,12,67.6,0
51693,2026-01-20,1054,111,5,67.6,0
51693,2026-01-20,1054,120,4,58.8,0
51694,2026-01-21,1018,119,2,83.3,0.05
51694,2026-01-21,1018,111,2,67.6,0.05
51695,2026-01-21,1070,118,1,24.5,0.15
51695,2026-01-21,1070,117,2,37.24,0
51696,2026-01-21,1001,117,5,37.24,0
51696,2026-01-21,1001,117,1,37.24,0
51697,2026-01-21,1035,104,1,339.2,0.15
51697,2026-01-21,1035,108,4,12.24,0.1
51697,2026-01-21,1035,108,1,12.24,0
51698,2026-01-21,1075,111,6,67.6,0
51698,2026-01-21,1075,115,5,14.56,0
51698,2026-01-21,1075,112,4,72.8,0
51699,2026-01-22,1020,113,6,29.12,0
51700,2026-01-22,1063,114,3,124.8,0
51700,2026-01-22,1063,101,3,1537.0,0.05
51701,2026-01-22,1013,106,4,76.5,0
51702,2026-01-22,1065,109,1,56.1,0
51702,2026-01-22,1065,110,2,35.7,0.15
51703,2026-01-23,1031,107,5,45.9,0.1
51703,2026-01-23,1031,110,6,35.7,0.05
51704,2026-01-23,1016,105,3,2756.0,0
51704,2026-01-23,1016,105,3,2756.0,0
51705,2026-01-23,1066,115,6,14.56,0
51705,2026-01-23,1066,111,9,67.6,0.1
51705,2026-01-23,1066,104,6,339.2,0
51706,2026-01-23,1036,109,1,56.1,0
51706,2026-01-23,1036,110,4,35.7,0
51707,2026-01-23,1004,110,5,35.7,0
51708,2026-01-23,1002,108,18,12.24,0.1
51708,2026-01-23,1002,118,15,24.5,0
51709,2026-01-24,1018,118,4,24.5,0
51709,2026-01-24,1018,101,1,1537.0,0
51710,2026-01-24,1065,106,6,76.5,0.05
51710,2026-01-24,1065,109,1,56.1,0
51711,2026-01-24,1020,114,5,124.8,0
51712,2026-01-24,1059,118,2,24.5,0
51712,2026-01-24,1059,116,6,47.04,0
51712,2026-01-24,1059,119,1,83.3,0.15
51713,2026-01-24,1062,120,5,58.8,0.1
51713,2026-01-24,1062,106,6,76.5,0.05
51714,2026-01-24,1068,104,2,339.2,0.05
51715,2026-01-24,1075,113,4,29.12,0
51716,2026-01-25,1006,117,2,37.24,0
51717,2026-01-25,1013,104,2,339.2,0
51717,2026-01-25,1013,116,6,47.04,0.15
51717,2026-01-25,1013,107,2,45.9,0.1
51718,2026-01-25,1050,119,1,83.3,0.05
51718,2026-01-25,1050,107,1,45.9,0.15
51719,2026-01-25,1010,116,5,47.04,0.1
51719,2026-01-25,1010,117,2,37.24,0
51720,2026-01-25,1014,110,2,35.7,0.1
51720,2026-01-25,1014,112,2,72.8,0
51720,2026-01-25,1014,107,4,45.9,0.1
51721,2026-01-26,1021,117,2,37.24,0
51721,2026-01-26,1021,113,6,29.12,0.1
51722,2026-01-26,1013,101,1,1537.0,0
51723,2026-01-26,1047,112,1,72.8,0
51723,2026-01-26,1047,106,6,76.5,0.1
51724,2026-01-26,1068,106,2,76.5,0.05
51724,2026-01-26,1068,117,5,37.24,0
51725,2026-01-27,1046,118,2,24.5,0.15
51725,2026-01-27,1046,103,2,901.0,0.1
51726,2026-01-27,1049,112,2,72.8,0.15
51727,2026-01-27,1067,104,2,339.2,0
51728,2026-01-27,1007,112,1,72.8,0
51728,2026-01-27,1007,117,3,37.24,0.15
51729,2026-01-27,1033,115,1,14.56,0.15
51729,2026-01-27,1033,118,3,24.5,0
51730,2026-01-28,1067,111,4,67.6,0.05
51730,2026-01-28,1067,102,1,1272.0,0.05
51731,2026-01-28,1061,114,1,124.8,0
51732,2026-01-28,1054,106,1,76.5,0
51733,2026-01-29,1027,117,3,37.24,0.15
51733,2026-01-29,1027,114,1,124.8,0
51734,2026-01-29,1064,117,5,37.24,0.05
51735,2026-01-29,1005,120,12,58.8,0.05
51736,2026-01-29,1079,118,4,24.5,0
51737,2026-01-30,1005,111,18,67.6,0
51737,2026-01-30,1005,110,9,35.7,0.15
51738,2026-01-30,1030,119,3,83.3,0.15
51739,2026-01-30,1026,113,4,29.12,0.1
51739,2026-01-30,1026,114,1,124.8,0.05
51740,2026-01-30,1062,109,4,56.1,0.1
51741,2026-01-31,1017,115,5,14.56,0
51741,2026-01-31,1017,104,1,339.2,0.05
51742,2026-01-31,1048,106,4,76.5,0
51743,2026-01-31,1031,103,1,901.0,0
51744,2026-01-31,1053,115,15,14.56,0.05
51744,2026-01-31,1053,102,3,1272.0,0.15
51744,2026-01-31,1053,115,3,14.56,0
51745,2026-02-01,1037,108,5,12.24,0.1
51746,2026-02-01,1032,104,2,339.2,0
51747,2026-02-01,1016,103,6,901.0,0.05
51747,2026-02-01,1016,106,18,76.5,0.1
51747,2026-02-01,1016,117,6,37.24,0
51748,2026-02-01,1039,116,3,47.04,0.15
51749,2026-02-01,1032,118,3,24.5,0.1
51749,2026-02-01,1032,112,1,72.8,0
51750,2026-02-02,1045,115,15,14.56,0
51750,2026-02-02,1045,107,6,45.9,0
51751,2026-02-02,1067,108,5,12.24,0
51752,2026-02-02,1016,115,6,14.56,0
51753,2026-02-02,1031,110,4,35.7,0
51753,2026-02-02,1031,101,1,1537.0,0
51753,2026-02-02,1031,107,4,45.9,0
51754,2026-02-03,1036,109,1,56.1,0.15
51754,2026-02-03,1036,109,4,56.1,0
51755,2026-02-03,1029,109,6,56.1,0
51756,2026-02-03,1069,114,1,124.8,0.05
51757,2026-02-03,1045,119,9,83.3,0.15
51758,2026-02-04,1034,106,1,76.5,0
51758,2026-02-04,1034,115,5,14.56,0
51759,2026-02-04,1055,119,3,83.3,0.15
51759,2026-02-04,1055,104,6,339.2,0.1
51759,2026-02-04,1055,119,9,83.3,0.15
51760,2026-02-04,1069,110,6,35.7,0.05
51760,2026-02-04,1069,116,3,47.04,0
51761,2026-02-05,1031,119,3,83.3,0.15
51762,2026-02-05,1036,120,5,58.8,0
51763,2026-02-05,1044,109,5,56.1,0
51763,2026-02-05,1044,109,6,56.1,0
51764,2026-02-05,1078,104,2,339.2,0.15
51765,2026-02-05,1034,110,1,35.7,0
51766,2026-02-06,1002,102,6,1272.0,0
51766,2026-02-06,1002,114,15,124.8,0
51767,2026-02-06,1053,113,3,29.12,0
51768,2026-02-06,1079,108,1,12.24,0
51768,2026-02-06,1079,106,3,76.5,0
51769,2026-02-07,1023,118,6,24.5,0
51770,2026-02-07,1030,114,6,124.8,0.1
51771,2026-02-07,1065,113,1,29.12,0.05
51771,2026-02-07,1065,115,1,14.56,0.1
51772,2026-02-07,1034,101,2,1537.0,0.05
51773,2026-02-08,1006,107,1,45.9,0
51773,2026-02-08,1006,111,1,67.6,0.05
51774,2026-02-08,1010,106,5,76.5,0
51775,2026-02-08,1054,114,3,124.8,0
51776,2026-02-09,1047,120,6,58.8,0
51777,2026-02-09,1061,113,2,29.12,0
51778,2026-02-09,1006,119,5,83.3,0
51779,2026-02-09,1014,106,3,76.5,0.05
51779,2026-02-09,1014,115,6,14.56,0.05
51780,2026-02-09,1075,109,2,56.1,0
51780,2026-02-09,1075,117,1,37.24,0.1
51780,2026-02-09,1075,115,4,14.56,0.15
51781,2026-02-09,1011,120,6,58.8,0.05
51782,2026-02-10,1065,113,6,29.12,0
51782,2026-02-10,1065,112,1,72.8,0.15
51783,2026-02-10,1068,113,6,29.12,0.05
51784,2026-02-10,1067,108,2,12.24,0.15
51784,2026-02-10,1067,112,2,72.8,0
51785,2026-02-10,1032,107,3,45.9,0.1
51786,2026-02-11,1057,120,4,58.8,0
51786,2026-02-11,1057,103,1,901.0,0
51786,2026-02-11,1057,114,5,124.8,0
51787,2026-02-11,1058,107,2,45.9,0.05
51787,2026-02-11,1058,107,4,45.9,0.1
51788,2026-02-11,1075,105,2,2756.0,0.15
51788,2026-02-11,1075,108,3,12.24,0
51788,2026-02-11,1075,103,2,901.0,0.05
51789,2026-02-11,1019,111,2,67.6,0
51789,2026-02-11,1019,118,1,24.5,0
51790,2026-02-11,1016,107,15,45.9,0.1
51790,2026-02-11,1016,119,18,83.3,0
51791,2026-02-11,1017,117,1,37.24,0.1
51792,2026-02-12,1022,104,2,339.2,0
51793,2026-02-12,1046,110,5,35.7,0
51794,2026-02-12,1038,108,3,12.24,0.05
51795,2026-02-13,1006,115,3,14.56,0
51796,2026-02-13,1053,110,12,35.7,0
51796,2026-02-13,1053,116,18,47.04,0
51796,2026-02-13,1053,115,18,14.56,0.15
51797,2026-02-13,1076,103,1,901.0,0.05
51797,2026-02-13,1076,113,6,29.12,0.1
51798,2026-02-14,1059,108,2,12.24,0.05
51798,2026-02-14,1059,115,3,14.56,0.15
51799,2026-02-14,1013,108,3,12.24,0
51800,2026-02-14,1073,118,5,24.5,0.05
51800,2026-02-14,1073,117,4,37.24,0
51801,2026-02-15,1023,102,1,1272.0,0
51802,2026-02-15,1067,112,5,72.8,0
51803,2026-02-15,1013,108,1,12.24,0
51804,2026-02-16,1036,110,2,35.7,0
51804,2026-02-16,1036,119,3,83.3,0.05
51805,2026-02-16,1014,114,2,124.8,0
51806,2026-02-16,1027,117,2,37.24,0
51806,2026-02-16,1027,113,1,29.12,0.05
51807,2026-02-16,1069,101,1,1537.0,0
51808,2026-02-16,1027,119,5,83.3,0
51809,2026-02-17,1059,119,6,83.3,0.1
51810,2026-02-17,1016,118,12,24.5,0
51810,2026-02-17,1016,103,3,901.0,0
51811,2026-02-17,1015,116,18,47.04,0.15
51812,2026-02-17,1029,103,1,901.0,0.05
51812,2026-02-17,1029,108,4,12.24,0.1
51812,2026-02-17,1029,115,6,14.56,0.15
51813,2026-02-18,1010,114,1,124.8,0
51813,2026-02-18,1010,104,2,339.2,0
51813,2026-02-18,1010,117,6,37.24,0.15
51814,2026-02-18,1005,113,6,29.12,0
51814,2026-02-18,1005,113,6,29.12,0.1
51814,2026-02-18,1005,106,12,76.5,0
51815,2026-02-19,1064,104,1,339.2,0.05
51816,2026-02-19,1028,110,12,35.7,0.05
51817,2026-02-19,1079,115,1,14.56,0
51818,2026-02-20,1034,109,5,56.1,0
51818,2026-02-20,1034,114,4,124.8,0.05
51819,2026-02-20,1024,117,9,37.24,0.1
51820,2026-02-20,1063,116,12,47.04,0.05
51820,2026-02-20,1063,109,12,56.1,0
51821,2026-02-20,1013,104,2,339.2,0
51822,2026-02-21,1055,106,9,76.5,0.1
51823,2026-02-21,1015,115,18,14.56,0
51824,2026-02-21,1062,113,6,29.12,0
51824,2026-02-21,1062,101,2,1537.0,0.05
51825,2026-02-21,1028,102,6,1272.0,0
51825,2026-02-21,1028,114,12,124.8,0
51826,2026-02-21,1057,109,1,56.1,0
51826,2026-02-21,1057,111,2,67.6,0
51827,2026-02-22,1006,110,2,35.7,0.05
51828,2026-02-22,1022,106,6,76.5,0
51828,2026-02-22,1022,119,5,83.3,0.05
51829,2026-02-22,1043,113,1,29.12,0.1
51830,2026-02-23,1043,116,5,47.04,0
51831,2026-02-23,1007,106,5,76.5,0
51831,2026-02-23,1007,120,5,58.8,0
51832,2026-02-23,1030,116,9,47.04,0
51833,2026-02-23,1053,112,6,72.8,0
51834,2026-02-23,1005,116,15,47.04,0
51835,2026-02-24,1065,116,1,47.04,0
51835,2026-02-24,1065,107,1,45.9,0
51836,2026-02-24,1032,107,1,45.9,0.15
51837,2026-02-24,1049,109,6,56.1,0
51837,2026-02-24,1049,118,1,24.5,0
51837,2026-02-24,1049,111,6,67.6,0.15
51838,2026-02-24,1054,101,1,1537.0,0
51839,2026-02-25,1025,118,3,24.5,0
51839,2026-02-25,1025,111,1,67.6,0
51840,2026-02-25,1036,106,3,76.5,0.1
51840,2026-02-25,1036,112,4,72.8,0
51841,2026-02-25,1055,106,12,76.5,0.05
51842,2026-02-25,1036,108,6,12.24,0.05
51842,2026-02-25,1036,111,4,67.6,0
51843,2026-02-26,1064,109,3,56.1,0.15
51843,2026-02-26,1064,112,1,72.8,0
51843,2026-02-26,1064,106,1,76.5,0
51844,2026-02-27,1062,104,2,339.2,0
51844,2026-02-27,1062,105,1,2756.0,0
51845,2026-02-27,1072,106,4,76.5,0.05
51846,2026-02-27,1032,105,2,2756.0,0.05
51847,2026-02-27,1073,102,2,1272.0,0
51848,2026-02-28,1053,115,6,14.56,0
51849,2026-02-28,1042,112,4,72.8,0.15
51849,2026-02-28,1042,101,1,1537.0,0.15
51849,2026-02-28,1042,112,4,72.8,0.05
51850,2026-03-02,1031,111,4,67.6,0.05
51851,2026-03-02,1072,120,1,58.8,0
51851,2026-03-02,1072,110,1,35.7,0
51851,2026-03-02,1072,104,1,339.2,0
51852,2026-03-02,1067,104,1,339.2,0
51852,2026-03-02,1067,118,1,24.5,0
51852,2026-03-02,1067,118,4,24.5,0
51853,2026-03-02,1068,105,2,2756.0,0
51853,2026-03-02,1068,101,1,1537.0,0
51854,2026-03-03,1035,108,3,12.24,0.05
51854,2026-03-03,1035,114,2,124.8,0
51855,2026-03-03,1067,106,5,76.5,0.1
51855,2026-03-03,1067,109,5,56.1,0
51855,2026-03-03,1067,111,2,67.6,0
51856,2026-03-03,1018,112,4,72.8,0
51857,2026-03-03,1041,106,12,76.5,0
51857,2026-03-03,1041,120,3,58.8,0
51858,2026-03-03,1025,114,5,124.8,0
51859,2026-03-03,1043,102,2,1272.0,0.05
51860,2026-03-04,1021,109,5,56.1,0
51861,2026-03-04,1045,101,3,1537.0,0
51861,2026-03-04,1045,107,12,45.9,0.05
51861,2026-03-04,1045,115,9,14.56,0.05
51862,2026-03-04,1052,112,6,72.8,0.1
51863,2026-03-04,1026,113,1,29.12,0.1
51864,2026-03-05,1073,104,2,339.2,0
51865,2026-03-05,1074,113,18,29.12,0.15
51865,2026-03-05,1074,113,12,29.12,0
51866,2026-03-05,1022,116,2,47.04,0
51867,2026-03-05,1079,105,2,2756.0,0.15
51868,2026-03-06,1001,103,1,901.0,0
51869,2026-03-06,1066,110,12,35.7,0
51869,2026-03-06,1066,108,3,12.24,0
51870,2026-03-06,1072,109,4,56.1,0.1
51870,2026-03-06,1072,111,3,67.6,0.15
51871,2026-03-06,1067,112,5,72.8,0.15
51872,2026-03-06,1028,119,9,83.3,0.1
51873,2026-03-07,1057,114,3,124.8,0.1
51873,2026-03-07,1057,104,2,339.2,0.1
51874,2026-03-07,1045,101,6,1537.0,0.15
51875,2026-03-07,1060,109,4,56.1,0
51875,2026-03-07,1060,113,2,29.12,0
51875,2026-03-07,1060,109,6,56.1,0
51876,2026-03-07,1026,109,2,56.1,0
51876,2026-03-07,1026,113,3,29.12,0
51877,2026-03-07,1048,111,1,67.6,0.05
51878,2026-03-08,1035,114,6,124.8,0
51879,2026-03-08,1051,120,18,58.8,0
51880,2026-03-08,1036,102,1,1272.0,0.15
51880,2026-03-08,1036,115,4,14.56,0.05
51880,2026-03-08,1036,113,4,29.12,0
51881,2026-03-08,1061,118,5,24.5,0.15
51881,2026-03-08,1061,104,2,339.2,0
51881,2026-03-08,1061,113,6,29.12,0
51882,2026-03-08,1023,103,1,901.0,0
51883,2026-03-09,1041,118,9,24.5,0.15
51884,2026-03-09,1025,113,1,29.12,0
51884,2026-03-09,1025,117,3,37.24,0.1
51884,2026-03-09,1025,106,5,76.5,0.1
51885,2026-03-10,1047,101,2,1537.0,0
51885,2026-03-10,1047,117,6,37.24,0
51886,2026-03-10,1009,117,5,37.24,0
51887,2026-03-10,1035,106,1,76.5,0
51888,2026-03-10,1078,114,4,124.8,0
51889,2026-03-10,1001,107,3,45.9,0
51890,2026-03-11,1012,119,1,83.3,0
51890,2026-03-11,1012,119,2,83.3,0.1
51891,2026-03-11,1012,108,6,12.24,0
51892,2026-03-11,1022,106,3,76.5,0
51893,2026-03-12,1011,119,9,83.3,0.15
51893,2026-03-12,1011,114,6,124.8,0.1
51893,2026-03-12,1011,116,6,47.04,0
51894,2026-03-12,1007,115,2,14.56,0
51894,2026-03-12,1007,105,2,2756.0,0
51895,2026-03-12,1029,107,2,45.9,0
51896,2026-03-12,1038,115,3,14.56,0
51897,2026-03-12,1063,113,9,29.12,0.15
51898,2026-03-13,1022,119,5,83.3,0
51899,2026-03-13,1020,112,6,72.8,0
51899,2026-03-13,1020,109,6,56.1,0.15
51900,2026-03-13,1037,108,5,12.24,0.05
51901,2026-03-14,1035,111,2,67.6,0
51902,2026-03-14,1028,107,3,45.9,0.05
51902,2026-03-14,1028,114,6,124.8,0
51903,2026-03-15,1048,109,5,56.1,0
51903,2026-03-15,1048,108,1,12.24,0.1
51904,2026-03-15,1046,105,2,2756.0,0
51905,2026-03-15,1044,119,2,83.3,0
51905,2026-03-15,1044,108,4,12.24,0.05
51905,2026-03-15,1044,106,1,76.5,0
51906,2026-03-15,1079,113,6,29.12,0
51906,2026-03-15,1079,115,4,14.56,0.15
51907,2026-03-15,1032,115,5,14.56,0
51908,2026-03-16,1062,109,1,56.1,0
51908,2026-03-16,1062,116,5,47.04,0
51908,2026-03-16,1062,110,3,35.7,0.05
51909,2026-03-16,1052,101,1,1537.0,0
51909,2026-03-16,1052,118,6,24.5,0.05
51910,2026-03-16,1026,115,2,14.56,0.1
51910,2026-03-16,1026,108,1,12.24,0
51911,2026-03-16,1040,116,12,47.04,0
51912,2026-03-16,1022,101,1,1537.0,0
51912,2026-03-16,1022,118,3,24.5,0
51913,2026-03-17,1027,103,1,901.0,0
51913,2026-03-17,1027,114,3,124.8,0
51914,2026-03-17,1062,109,4,56.1,0.05
51915,2026-03-17,1051,106,12,76.5,0.1
51915,2026-03-17,1051,109,12,56.1,0.1
51915,2026-03-17,1051,107,3,45.9,0
51916,2026-03-17,1017,116,2,47.04,0
51917,2026-03-17,1042,117,6,37.24,0.15
51918,2026-03-18,1055,109,3,56.1,0
51918,2026-03-18,1055,111,18,67.6,0.05
51919,2026-03-18,1004,118,2,24.5,0.15
51920,2026-03-18,1031,109,5,56.1,0.15
51921,2026-03-18,1001,113,4,29.12,0
51921,2026-03-18,1001,114,2,124.8,0
51922,2026-03-19,1056,108,6,12.24,0
51923,2026-03-19,1055,108,12,12.24,0.1
51924,2026-03-19,1062,107,4,45.9,0
51925,2026-03-19,1021,114,1,124.8,0
51925,2026-03-19,1021,117,3,37.24,0.1
51926,2026-03-20,1013,118,1,24.5,0
51926,2026-03-20,1013,108,5,12.24,0.05
51926,2026-03-20,1013,109,4,56.1,0
51927,2026-03-20,1063,120,12,58.8,0
51927,2026-03-20,1063,116,9,47.04,0
51927,2026-03-20,1063,107,18,45.9,0
51928,2026-03-20,1078,111,4,67.6,0.1
51928,2026-03-20,1078,108,5,12.24,0
51929,2026-03-20,1015,120,15,58.8,0.15
51930,2026-03-20,1050,103,1,901.0,0
51930,2026-03-20,1050,119,6,83.3,0.05
51930,2026-03-20,1050,107,5,45.9,0.15
51931,2026-03-21,1056,111,1,67.6,0
51932,2026-03-22,1063,109,15,56.1,0.1
51932,2026-03-22,1063,109,12,56.1,0
51933,2026-03-22,1038,112,2,72.8,0
51934,2026-03-23,1042,113,5,29.12,0
51935,2026-03-23,1046,102,2,1272.0,0
51935,2026-03-23,1046,106,5,76.5,0
51935,2026-03-23,1046,104,1,339.2,0.1
51936,2026-03-23,1064,118,3,24.5,0
51936,2026-03-23,1064,114,2,124.8,0.15
51937,2026-03-23,1068,110,1,35.7,0
51937,2026-03-23,1068,109,2,56.1,0.05
51938,2026-03-24,1013,111,6,67.6,0
51938,2026-03-24,1013,108,6,12.24,0.1
51939,2026-03-24,1039,109,2,56.1,0.1
51939,2026-03-24,1039,107,6,45.9,0.1
51940,2026-03-24,1011,120,6,58.8,0.05
51940,2026-03-24,1011,107,9,45.9,0.05
51941,2026-03-24,1066,118,6,24.5,0.1
51941,2026-03-24,1066,116,9,47.04,0.05
51942,2026-03-25,1056,115,2,14.56,0
51943,2026-03-26,1065,102,2,1272.0,0
51943,2026-03-26,1065,114,3,124.8,0
51943,2026-03-26,1065,110,1,35.7,0.15
51944,2026-03-26,1054,104,2,339.2,0
51944,2026-03-26,1054,113,6,29.12,0
51944,2026-03-26,1054,103,1,901.0,0
51945,2026-03-26,1042,102,2,1272.0,0.1
51946,2026-03-26,1078,113,6,29.12,0.05
51946,2026-03-26,1078,108,4,12.24,0
51947,2026-03-27,1044,109,4,56.1,0
51948,2026-03-27,1060,111,5,67.6,0.1
51948,2026-03-27,1060,106,4,76.5,0
51948,2026-03-27,1060,110,6,35.7,0.15
51949,2026-03-27,1074,113,15,29.12,0
51950,2026-03-27,1011,115,15,14.56,0
51951,2026-03-28,1039,115,4,14.56,0.1
51952,2026-03-28,1060,105,1,2756.0,0.05
51953,2026-03-28,1046,110,1,35.7,0.15
51953,2026-03-28,1046,120,5,58.8,0.1
51954,2026-03-28,1063,109,15,56.1,0
51955,2026-03-29,1016,109,6,56.1,0
51956,2026-03-30,1074,106,6,76.5,0.15
51957,2026-03-30,1052,110,2,35.7,0
51957,2026-03-30,1052,118,3,24.5,0
51958,2026-03-30,1047,104,2,339.2,0.05
51958,2026-03-30,1047,112,4,72.8,0
51958,2026-03-30,1047,118,4,24.5,0.15
51959,2026-03-30,1060,117,4,37.24,0
51960,2026-03-30,1023,108,5,12.24,0.15
51960,2026-03-30,1023,108,4,12.24,0.1
51961,2026-03-30,1023,119,4,83.3,0.05
51961,2026-03-30,1023,114,4,124.8,0
51961,2026-03-30,1023,106,1,76.5,0.05
51962,2026-03-31,1065,113,6,29.12,0
51963,2026-03-31,1003,113,2,29.12,0.05
51964,2026-03-31,1061,103,2,901.0,0
51964,2026-03-31,1061,115,6,14.56,0
51964,2026-03-31,1061,112,2,72.8,0.15
51965,2026-03-31,1021,109,2,56.1,0
51965,2026-03-31,1021,111,6,67.6,0
51966,2026-04-01,1042,108,1,12.24,0
51967,2026-04-01,1074,110,18,35.7,0.05
51967,2026-04-01,1074,110,6,35.7,0.15
51968,2026-04-01,1023,111,1,67.6,0.15
51968,2026-04-01,1023,113,3,29.12,0.15
51969,2026-04-01,1021,111,1,67.6,0
51970,2026-04-01,1005,114,15,124.8,0
51970,2026-04-01,1005,118,3,24.5,0.15
51970,2026-04-01,1005,110,9,35.7,0.1
51971,2026-04-01,1069,115,5,14.56,0.1
51972,2026-04-01,1069,101,2,1537.0,0.15
51972,2026-04-01,1069,115,3,14.56,0.15
51972,2026-04-01,1069,109,6,56.1,0.15
51973,2026-04-01,1006,109,5,56.1,0.1
51974,2026-04-02,1016,105,6,2756.0,0.15
51975,2026-04-02,1075,115,3,14.56,0
51976,2026-04-02,1044,119,4,83.3,0
51977,2026-04-02,1034,108,6,12.24,0
51978,2026-04-02,1059,111,2,67.6,0.15
51978,2026-04-02,1059,107,3,45.9,0.1
51978,2026-04-02,1059,110,4,35.7,0.1
51979,2026-04-03,1034,107,1,45.9,0.15
51979,2026-04-03,1034,105,2,2756.0,0
51980,2026-04-03,1029,112,6,72.8,0
51981,2026-04-03,1040,105,6,2756.0,0
51981,2026-04-03,1040,115,18,14.56,0
51981,2026-04-03,1040,105,3,2756.0,0
51982,2026-04-03,1078,118,3,24.5,0.1
51983,2026-04-04,1075,105,1,2756.0,0
51984,2026-04-04,1047,111,5,67.6,0
51984,2026-04-04,1047,111,2,67.6,0
51984,2026-04-04,1047,114,5,124.8,0.15
51985,2026-04-04,1065,112,4,72.8,0.15
51986,2026-04-04,1063,106,15,76.5,0
51986,2026-04-04,1063,106,12,76.5,0
51986,2026-04-04,1063,114,3,124.8,0
51987,2026-04-04,1029,106,2,76.5,0
51988,2026-04-04,1078,116,6,47.04,0
51988,2026-04-04,1078,109,4,56.1,0.05
51988,2026-04-04,1078,119,1,83.3,0.15
51989,2026-04-05,1068,115,3,14.56,0.1
51990,2026-04-05,1005,113,9,29.12,0.05
51990,2026-04-05,1005,103,3,901.0,0.15
51991,2026-04-05,1008,112,6,72.8,0
51991,2026-04-05,1008,107,18,45.9,0
51992,2026-04-05,1032,114,4,124.8,0
51993,2026-04-05,1006,107,3,45.9,0
51993,2026-04-05,1006,115,6,14.56,0.15
51994,2026-04-05,1009,112,1,72.8,0
51995,2026-04-05,1030,113,15,29.12,0
51996,2026-04-05,1060,112,1,72.8,0
51997,2026-04-05,1010,111,4,67.6,0
51998,2026-04-06,1076,113,3,29.12,0.05
51999,2026-04-06,1002,110,3,35.7,0.1
51999,2026-04-06,1002,118,18,24.5,0
52000,2026-04-06,1076,113,4,29.12,0
52000,2026-04-06,1076,107,4,45.9,0.05
52000,2026-04-06,1076,107,6,45.9,0
52001,2026-04-06,1043,111,3,67.6,0.1
52001,2026-04-06,1043,108,5,12.24,0
52002,2026-04-06,1044,114,5,124.8,0
52003,2026-04-07,1057,120,2,58.8,0
52004,2026-04-07,1001,118,5,24.5,0
52005,2026-04-07,1064,106,4,76.5,0.1
52006,2026-04-07,1039,119,4,83.3,0
52007,2026-04-07,1069,106,1,76.5,0.15
52008,2026-04-07,1030,108,9,12.24,0
52009,2026-04-08,1039,106,6,76.5,0
52009,2026-04-08,1039,108,2,12.24,0.15
52010,2026-04-08,1051,117,15,37.24,0.1
52011,2026-04-08,1021,120,4,58.8,0.1
52012,2026-04-08,1077,116,3,47.04,0
52012,2026-04-08,1077,119,4,83.3,0.15
52013,2026-04-08,1039,105,2,2756.0,0.1
52014,2026-04-08,1046,108,3,12.24,0
52014,2026-04-08,1046,112,4,72.8,0
52014,2026-04-08,1046,116,4,47.04,0
52015,2026-04-09,1053,114,6,124.8,0
52016,2026-04-09,1036,117,2,37.24,0
52017,2026-04-09,1033,117,1,37.24,0
52018,2026-04-09,1055,108,15,12.24,0.1
52018,2026-04-09,1055,106,6,76.5,0.05
52019,2026-04-10,1014,107,3,45.9,0.1
52020,2026-04-10,1062,113,1,29.12,0.15
52020,2026-04-10,1062,114,6,124.8,0.1
52020,2026-04-10,1062,111,3,67.6,0.05
52021,2026-04-10,1076,102,1,1272.0,0.1
52021,2026-04-10,1076,108,5,12.24,0
52022,2026-04-11,1057,104,1,339.2,0.1
52023,2026-04-11,1010,120,6,58.8,0
52024,2026-04-11,1020,113,5,29.12,0
52025,2026-04-11,1072,110,3,35.7,0.05
52026,2026-04-11,1070,107,5,45.9,0.15
52026,2026-04-11,1070,108,1,12.24,0
52026,2026-04-11,1070,116,1,47.04,0.15
52027,2026-04-11,1041,119,12,83.3,0.1
52028,2026-04-12,1060,111,3,67.6,0
52029,2026-04-12,1034,113,1,29.12,0
52030,2026-04-12,1016,110,12,35.7,0.15
52030,2026-04-12,1016,111,3,67.6,0.15
52030,2026-04-12,1016,112,15,72.8,0
52031,2026-04-12,1003,110,1,35.7,0.05
52031,2026-04-12,1003,118,3,24.5,0.15
52032,2026-04-12,1069,107,3,45.9,0.1
52032,2026-04-12,1069,103,1,901.0,0.05
52033,2026-04-12,1012,116,5,47.04,0
52033,2026-04-12,1012,116,1,47.04,0.05
52034,2026-04-13,1060,114,2,124.8,0.15
52034,2026-04-13,1060,103,2,901.0,0.15
52035,2026-04-13,1036,110,6,35.7,0
52035,2026-04-13,1036,114,1,124.8,0
52036,2026-04-13,1074,110,18,35.7,0.1
52037,2026-04-13,1056,109,3,56.1,0
52038,2026-04-13,1080,101,1,1537.0,0
52038,2026-04-13,1080,110,3,35.7,0.15
52039,2026-04-14,1042,110,6,35.7,0
52039,2026-04-14,1042,116,5,47.04,0
52040,2026-04-14,1074,106,6,76.5,0
52041,2026-04-14,1040,104,3,339.2,0.15
52042,2026-04-14,1017,109,1,56.1,0
52042,2026-04-14,1017,118,2,24.5,0.1
52043,2026-04-14,1027,108,4,12.24,0
52044,2026-04-14,1030,116,3,47.04,0
52045,2026-04-15,1057,117,4,37.24,0
52046,2026-04-15,1057,118,2,24.5,0
52046,2026-04-15,1057,102,2,1272.0,0
52046,2026-04-15,1057,106,4,76.5,0.05
52047,2026-04-15,1016,120,15,58.8,0.05
52048,2026-04-15,1067,105,1,2756.0,0
52049,2026-04-15,1063,113,18,29.12,0
52049,2026-04-15,1063,110,6,35.7,0
52049,2026-04-15,1063,116,9,47.04,0
52050,2026-04-15,1033,104,2,339.2,0
52050,2026-04-15,1033,101,2,1537.0,0
52051,2026-04-15,1013,109,3,56.1,0.15
52052,2026-04-15,1009,119,6,83.3,0
52052,2026-04-15,1009,107,6,45.9,0
52053,2026-04-16,1061,120,3,58.8,0.1
52054,2026-04-16,1042,105,1,2756.0,0
52055,2026-04-16,1073,104,1,339.2,0
52056,2026-04-16,1061,102,1,1272.0,0.15
52057,2026-04-17,1038,113,2,29.12,0
52058,2026-04-17,1023,119,2,83.3,0.1
52059,2026-04-17,1024,118,3,24.5,0.15
52060,2026-04-18,1040,113,9,29.12,0.05
52060,2026-04-18,1040,108,3,12.24,0
52061,2026-04-18,1004,102,1,1272.0,0
52061,2026-04-18,1004,102,2,1272.0,0.15
52062,2026-04-18,1077,112,2,72.8,0
52062,2026-04-18,1077,101,1,1537.0,0
52062,2026-04-18,1077,110,1,35.7,0
52063,2026-04-18,1061,120,5,58.8,0
52063,2026-04-18,1061,105,1,2756.0,0
52064,2026-04-18,1061,118,3,24.5,0
52064,2026-04-18,1061,108,5,12.24,0
52065,2026-04-18,1079,115,4,14.56,0
52065,2026-04-18,1079,115,5,14.56,0
52065,2026-04-18,1079,104,1,339.2,0.15
52066,2026-04-18,1019,114,6,124.8,0
52067,2026-04-19,1052,118,1,24.5,0
52068,2026-04-19,1029,106,6,76.5,0
52069,2026-04-19,1043,120,6,58.8,0.05
52069,2026-04-19,1043,112,5,72.8,0
52069,2026-04-19,1043,116,2,47.04,0
52070,2026-04-19,1055,114,15,124.8,0.1
52071,2026-04-19,1005,119,12,83.3,0.1
52071,2026-04-19,1005,102,3,1272.0,0
52071,2026-04-19,1005,101,3,1537.0,0.15
52072,2026-04-19,1031,109,1,56.1,0.05
52073,2026-04-19,1062,118,2,24.5,0.1
52073,2026-04-19,1062,118,5,24.5,0
52074,2026-04-20,1080,112,1,72.8,0.1
52075,2026-04-20,1036,116,3,47.04,0
52075,2026-04-20,1036,120,2,58.8,0
52075,2026-04-20,1036,108,4,12.24,0.15
52076,2026-04-20,1071,114,18,124.8,0.15
52076,2026-04-20,1071,108,15,12.24,0
52077,2026-04-20,1009,110,1,35.7,0.05
52078,2026-04-20,1017,107,4,45.9,0.15
52079,2026-04-21,1015,112,9,72.8,0
52080,2026-04-21,1045,110,15,35.7,0
52081,2026-04-21,1065,109,5,56.1,0
52082,2026-04-21,1019,106,1,76.5,0
52082,2026-04-21,1019,115,3,14.56,0.05
52082,2026-04-21,1019,113,2,29.12,0.05
52083,2026-04-21,1068,102,2,1272.0,0.05
52083,2026-04-21,1068,107,5,45.9,0
52084,2026-04-21,1048,104,1,339.2,0.1
52085,2026-04-22,1020,119,5,83.3,0
52085,2026-04-22,1020,118,3,24.5,0
52086,2026-04-22,1052,109,5,56.1,0
52087,2026-04-22,1061,108,6,12.24,0
52087,2026-04-22,1061,101,2,1537.0,0.1
52088,2026-04-22,1072,108,6,12.24,0.05
52088,2026-04-22,1072,113,1,29.12,0
52088,2026-04-22,1072,116,2,47.04,0
52089,2026-04-23,1062,116,2,47.04,0
52090,2026-04-23,1021,110,5,35.7,0
52090,2026-04-23,1021,107,3,45.9,0
52090,2026-04-23,1021,107,3,45.9,0
52091,2026-04-23,1052,115,5,14.56,0.1
52092,2026-04-23,1020,110,6,35.7,0
52093,2026-04-24,1016,108,3,12.24,0.15
52093,2026-04-24,1016,113,12,29.12,0
52094,2026-04-24,1057,117,5,37.24,0.1
52095,2026-04-24,1079,105,2,2756.0,0
52095,2026-04-24,1079,119,1,83.3,0
52096,2026-04-24,1033,113,4,29.12,0.05
52097,2026-04-24,1022,114,4,124.8,0.15
52097,2026-04-24,1022,108,5,12.24,0
52097,2026-04-24,1022,103,2,901.0,0
52098,2026-04-24,1064,120,4,58.8,0
52098,2026-04-24,1064,114,3,124.8,0.15
52098,2026-04-24,1064,115,3,14.56,0
52099,2026-04-25,1066,110,9,35.7,0
52100,2026-04-25,1011,104,6,339.2,0
52101,2026-04-25,1075,106,4,76.5,0.1
52101,2026-04-25,1075,107,6,45.9,0
52102,2026-04-25,1072,117,4,37.24,0.05
52102,2026-04-25,1072,111,6,67.6,0
52103,2026-04-25,1006,104,1,339.2,0.05
52103,2026-04-25,1006,103,1,901.0,0
52104,2026-04-26,1078,117,6,37.24,0.1
52104,2026-04-26,1078,102,2,1272.0,0.15
52105,2026-04-26,1059,118,1,24.5,0
52105,2026-04-26,1059,117,6,37.24,0.1
52106,2026-04-26,1056,119,2,83.3,0.05
52106,2026-04-26,1056,106,6,76.5,0
52106,2026-04-26,1056,103,2,901.0,0.15
52107,2026-04-26,1004,110,3,35.7,0
52107,2026-04-26,1004,117,3,37.24,0
52107,2026-04-26,1004,120,2,58.8,0
52108,2026-04-27,1058,108,6,12.24,0.1
52109,2026-04-27,1034,106,5,76.5,0.1
52110,2026-04-27,1042,109,3,56.1,0.15
52110,2026-04-27,1042,117,4,37.24,0.15
52110,2026-04-27,1042,103,2,901.0,0.05
52111,2026-04-27,1069,117,2,37.24,0
52111,2026-04-27,1069,117,1,37.24,0.1
52111,2026-04-27,1069,103,2,901.0,0
52112,2026-04-27,1080,114,4,124.8,0
52112,2026-04-27,1080,107,6,45.9,0
52113,2026-04-28,1047,120,3,58.8,0
52114,2026-04-28,1015,113,15,29.12,0.1
52115,2026-04-28,1072,116,5,47.04,0
52116,2026-04-28,1051,114,6,124.8,0
52116,2026-04-28,1051,103,6,901.0,0.15
52117,2026-04-29,1034,115,5,14.56,0
52118,2026-04-29,1051,119,3,83.3,0.15
52119,2026-04-29,1038,112,1,72.8,0
52119,2026-04-29,1038,120,4,58.8,0.15
52120,2026-04-29,1006,112,6,72.8,0
52121,2026-04-29,1004,106,6,76.5,0
52121,2026-04-29,1004,107,2,45.9,0
52122,2026-04-29,1028,101,3,1537.0,0
52123,2026-04-29,1079,117,4,37.24,0.05
52123,2026-04-29,1079,112,5,72.8,0
52124,2026-04-29,1053,117,15,37.24,0
52125,2026-04-30,1050,107,3,45.9,0.15
52125,2026-04-30,1050,116,4,47.04,0
52125,2026-04-30,1050,109,2,56.1,0
52126,2026-04-30,1070,103,1,901.0,0
52127,2026-04-30,1032,113,1,29.12,0.15
52127,2026-04-30,1032,120,6,58.8,0
52128,2026-05-01,1069,104,1,339.2,0.1
52129,2026-05-01,1045,115,15,14.56,0.15
52129,2026-05-01,1045,120,12,58.8,0
52129,2026-05-01,1045,112,3,72.8,0
52130,2026-05-01,1080,111,4,67.6,0
52130,2026-05-01,1080,120,2,58.8,0
52131,2026-05-02,1008,111,18,67.6,0
52132,2026-05-02,1009,109,6,56.1,0
52132,2026-05-02,1009,112,6,72.8,0
52132,2026-05-02,1009,115,4,14.56,0
52133,2026-05-02,1018,106,4,76.5,0
52133,2026-05-02,1018,112,6,72.8,0
52134,2026-05-02,1043,112,5,72.8,0
52135,2026-05-03,1019,120,5,58.8,0
52135,2026-05-03,1019,118,5,24.5,0
52136,2026-05-03,1046,104,1,339.2,0.05
52136,2026-05-03,1046,102,2,1272.0,0.1
52137,2026-05-03,1021,106,5,76.5,0.15
52137,2026-05-03,1021,116,2,47.04,0.15
52137,2026-05-03,1021,106,6,76.5,0
52138,2026-05-03,1016,103,6,901.0,0.05
52139,2026-05-03,1050,109,4,56.1,0
52139,2026-05-03,1050,117,2,37.24,0
52140,2026-05-04,1056,111,2,67.6,0
52141,2026-05-04,1052,107,6,45.9,0.1
52142,2026-05-04,1011,110,3,35.7,0.05
52143,2026-05-04,1033,118,1,24.5,0.05
52144,2026-05-04,1008,109,6,56.1,0
52144,2026-05-04,1008,120,15,58.8,0
52144,2026-05-04,1008,101,6,1537.0,0
52145,2026-05-05,1004,112,1,72.8,0
52145,2026-05-05,1004,106,5,76.5,0
52146,2026-05-05,1024,106,9,76.5,0
52146,2026-05-05,1024,118,6,24.5,0.05
52147,2026-05-05,1048,106,4,76.5,0.1
52147,2026-05-05,1048,117,2,37.24,0.05
52148,2026-05-05,1020,101,1,1537.0,0.05
52148,2026-05-05,1020,118,1,24.5,0.15
52149,2026-05-05,1040,104,3,339.2,0.05
52150,2026-05-05,1067,118,4,24.5,0
52151,2026-05-05,1078,120,3,58.8,0
52152,2026-05-06,1050,119,6,83.3,0.05
52152,2026-05-06,1050,102,1,1272.0,0
52153,2026-05-06,1019,120,4,58.8,0
52154,2026-05-06,1052,109,4,56.1,0.15
52155,2026-05-06,1076,117,1,37.24,0.1
52156,2026-05-06,1042,112,6,72.8,0.05
52156,2026-05-06,1042,112,5,72.8,0.1
52157,2026-05-06,1026,108,4,12.24,0.15
52158,2026-05-06,1026,119,4,83.3,0
52159,2026-05-07,1056,103,1,901.0,0
52159,2026-05-07,1056,104,2,339.2,0.05
52160,2026-05-07,1050,111,3,67.6,0.15
52161,2026-05-07,1008,117,6,37.24,0
52161,2026-05-07,1008,108,15,12.24,0.1
52162,2026-05-07,1074,106,9,76.5,0.1
52162,2026-05-07,1074,102,3,1272.0,0
52163,2026-05-07,1039,106,5,76.5,0
52163,2026-05-07,1039,117,6,37.24,0.15
52164,2026-05-08,1023,109,6,56.1,0
52164,2026-05-08,1023,119,1,83.3,0
52165,2026-05-08,1024,115,3,14.56,0.1
52166,2026-05-08,1027,106,6,76.5,0.05
52166,2026-05-08,1027,101,2,1537.0,0
52167,2026-05-08,1015,101,3,1537.0,0.1
52168,2026-05-09,1043,120,2,58.8,0
52169,2026-05-09,1052,105,1,2756.0,0.05
52170,2026-05-09,1034,114,6,124.8,0.15
52170,2026-05-09,1034,119,3,83.3,0
52171,2026-05-09,1035,114,4,124.8,0.15
52171,2026-05-09,1035,110,3,35.7,0.15
52172,2026-05-09,1025,107,1,45.9,0.1
52172,2026-05-09,1025,114,1,124.8,0.1
52173,2026-05-09,1058,114,2,124.8,0
52174,2026-05-10,1063,106,9,76.5,0
52175,2026-05-10,1033,115,6,14.56,0
52175,2026-05-10,1033,108,3,12.24,0
52175,2026-05-10,1033,118,3,24.5,0
52176,2026-05-10,1016,117,6,37.24,0
52176,2026-05-10,1016,112,12,72.8,0
52177,2026-05-10,1017,120,4,58.8,0
52177,2026-05-10,1017,104,1,339.2,0
52178,2026-05-10,1050,103,1,901.0,0
52179,2026-05-11,1056,109,6,56.1,0
52179,2026-05-11,1056,110,1,35.7,0.1
52180,2026-05-11,1065,116,6,47.04,0
52181,2026-05-11,1006,101,1,1537.0,0
52181,2026-05-11,1006,118,3,24.5,0
52182,2026-05-11,1045,106,18,76.5,0
52182,2026-05-11,1045,109,6,56.1,0
52183,2026-05-11,1065,106,6,76.5,0
52184,2026-05-12,1004,103,1,901.0,0.05
52184,2026-05-12,1004,112,5,72.8,0
52185,2026-05-12,1019,120,1,58.8,0
52185,2026-05-12,1019,114,4,124.8,0.05
52186,2026-05-12,1069,113,2,29.12,0.1
52187,2026-05-12,1042,102,1,1272.0,0.1
52188,2026-05-13,1030,109,15,56.1,0
52189,2026-05-13,1050,104,1,339.2,0.15
52189,2026-05-13,1050,113,5,29.12,0.05
52190,2026-05-13,1010,114,4,124.8,0.05
52191,2026-05-13,1050,114,4,124.8,0
52192,2026-05-13,1031,111,3,67.6,0
52192,2026-05-13,1031,120,6,58.8,0
52192,2026-05-13,1031,111,2,67.6,0
52193,2026-05-13,1069,106,3,76.5,0.1
52194,2026-05-13,1023,120,2,58.8,0
52194,2026-05-13,1023,115,4,14.56,0.15
52195,2026-05-13,1039,102,2,1272.0,0.1
52196,2026-05-14,1052,117,3,37.24,0
52197,2026-05-14,1052,118,4,24.5,0.1
52197,2026-05-14,1052,110,4,35.7,0
52198,2026-05-14,1047,108,4,12.24,0
52199,2026-05-14,1068,107,6,45.9,0
52200,2026-05-14,1073,119,6,83.3,0.1
52201,2026-05-14,1080,118,5,24.5,0.15
52202,2026-05-14,1053,114,6,124.8,0
52203,2026-05-14,1019,104,2,339.2,0
52203,2026-05-14,1019,119,5,83.3,0
52204,2026-05-15,1007,106,5,76.5,0
52205,2026-05-15,1050,110,4,35.7,0
52205,2026-05-15,1050,114,4,124.8,0.05
52206,2026-05-15,1023,120,6,58.8,0.05
52207,2026-05-15,1020,109,2,56.1,0
52207,2026-05-15,1020,110,4,35.7,0
52207,2026-05-15,1020,118,2,24.5,0.15
52208,2026-05-16,1079,115,1,14.56,0.1
52208,2026-05-16,1079,103,1,901.0,0
52209,2026-05-16,1003,119,1,83.3,0
52210,2026-05-16,1012,119,3,83.3,0
52211,2026-05-16,1020,108,1,12.24,0
52212,2026-05-16,1080,113,4,29.12,0
52213,2026-05-16,1044,106,3,76.5,0
52213,2026-05-16,1044,116,2,47.04,0
52213,2026-05-16,1044,105,1,2756.0,0.05
52214,2026-05-16,1080,105,2,2756.0,0.1
52214,2026-05-16,1080,120,6,58.8,0.15
52215,2026-05-17,1032,114,2,124.8,0
52216,2026-05-17,1013,105,2,2756.0,0
52217,2026-05-17,1049,106,1,76.5,0.05
52217,2026-05-17,1049,114,3,124.8,0
52218,2026-05-17,1075,106,1,76.5,0
52218,2026-05-17,1075,119,5,83.3,0
52219,2026-05-17,1044,118,1,24.5,0
52220,2026-05-18,1051,104,3,339.2,0.1
52221,2026-05-18,1042,115,1,14.56,0
52222,2026-05-18,1078,101,2,1537.0,0
52222,2026-05-18,1078,109,3,56.1,0
52223,2026-05-18,1066,120,3,58.8,0
52224,2026-05-18,1041,102,3,1272.0,0.1
52225,2026-05-18,1040,110,12,35.7,0
52226,2026-05-19,1006,115,6,14.56,0
52227,2026-05-19,1011,112,6,72.8,0.15
52228,2026-05-19,1080,115,1,14.56,0
52229,2026-05-19,1049,119,4,83.3,0
52230,2026-05-19,1005,114,18,124.8,0
52230,2026-05-19,1005,108,15,12.24,0.15
52230,2026-05-19,1005,120,12,58.8,0
52231,2026-05-19,1044,119,6,83.3,0
52232,2026-05-19,1071,111,9,67.6,0
52233,2026-05-20,1011,119,15,83.3,0
52233,2026-05-20,1011,101,3,1537.0,0.15
52233,2026-05-20,1011,116,6,47.04,0
52234,2026-05-20,1023,102,1,1272.0,0.15
52235,2026-05-20,1012,101,1,1537.0,0.1
52236,2026-05-20,1044,103,2,901.0,0.1
52236,2026-05-20,1044,118,6,24.5,0
52237,2026-05-20,1079,102,1,1272.0,0
52238,2026-05-20,1011,103,3,901.0,0
52239,2026-05-20,1056,107,1,45.9,0.1
52239,2026-05-20,1056,103,2,901.0,0.1
52239,2026-05-20,1056,112,4,72.8,0.15
52240,2026-05-20,1026,120,5,58.8,0.1
52240,2026-05-20,1026,106,3,76.5,0.1
52240,2026-05-20,1026,114,1,124.8,0
52241,2026-05-20,1024,101,3,1537.0,0
52241,2026-05-20,1024,107,15,45.9,0.05
52242,2026-05-21,1025,104,1,339.2,0
52242,2026-05-21,1025,106,3,76.5,0.15
52242,2026-05-21,1025,120,2,58.8,0
52243,2026-05-21,1076,113,5,29.12,0.1
52244,2026-05-21,1037,110,3,35.7,0.1
52245,2026-05-21,1031,101,2,1537.0,0
52245,2026-05-21,1031,115,1,14.56,0
52246,2026-05-22,1008,116,12,47.04,0
52246,2026-05-22,1008,114,18,124.8,0
52247,2026-05-22,1002,114,9,124.8,0.05
52247,2026-05-22,1002,116,9,47.04,0.1
52247,2026-05-22,1002,114,18,124.8,0
52248,2026-05-22,1073,115,3,14.56,0
52249,2026-05-22,1046,117,3,37.24,0
52249,2026-05-22,1046,108,4,12.24,0
52249,2026-05-22,1046,112,6,72.8,0
52250,2026-05-22,1030,106,18,76.5,0
52250,2026-05-22,1030,110,12,35.7,0
52251,2026-05-22,1052,118,4,24.5,0
52251,2026-05-22,1052,105,2,2756.0,0
52252,2026-05-22,1004,116,4,47.04,0.15
52253,2026-05-23,1020,109,4,56.1,0.15
52253,2026-05-23,1020,117,2,37.24,0
52254,2026-05-23,1076,106,1,76.5,0
52255,2026-05-23,1061,107,2,45.9,0
52256,2026-05-23,1064,105,2,2756.0,0
52256,2026-05-23,1064,106,5,76.5,0.1
52257,2026-05-23,1064,110,2,35.7,0
52257,2026-05-23,1064,120,1,58.8,0
52258,2026-05-23,1014,120,6,58.8,0
52259,2026-05-24,1067,116,4,47.04,0
52259,2026-05-24,1067,101,2,1537.0,0.1
52260,2026-05-24,1021,113,6,29.12,0.05
52261,2026-05-24,1055,104,3,339.2,0.05
52261,2026-05-24,1055,107,18,45.9,0
52262,2026-05-24,1017,112,4,72.8,0
52263,2026-05-24,1003,109,2,56.1,0
52263,2026-05-24,1003,119,6,83.3,0
52264,2026-05-25,1041,119,12,83.3,0.15
52264,2026-05-25,1041,107,9,45.9,0.05
52264,2026-05-25,1041,116,18,47.04,0
52265,2026-05-25,1017,116,5,47.04,0
52266,2026-05-25,1076,107,2,45.9,0
52266,2026-05-25,1076,112,1,72.8,0
52267,2026-05-25,1066,109,6,56.1,0.05
52268,2026-05-25,1042,112,4,72.8,0.05
52269,2026-05-26,1035,110,2,35.7,0.15
52270,2026-05-26,1036,105,1,2756.0,0
52270,2026-05-26,1036,107,6,45.9,0
52270,2026-05-26,1036,108,5,12.24,0
52271,2026-05-26,1072,116,3,47.04,0
52272,2026-05-26,1041,118,6,24.5,0.15
52272,2026-05-26,1041,117,6,37.24,0.05
52273,2026-05-26,1078,108,1,12.24,0.1
52274,2026-05-26,1025,116,3,47.04,0
52274,2026-05-26,1025,116,4,47.04,0.1
52275,2026-05-26,1002,107,6,45.9,0
52276,2026-05-26,1004,114,4,124.8,0
52277,2026-05-26,1048,116,2,47.04,0
52277,2026-05-26,1048,113,5,29.12,0
52278,2026-05-27,1077,116,1,47.04,0
52278,2026-05-27,1077,110,2,35.7,0.1
52279,2026-05-27,1078,108,5,12.24,0
52279,2026-05-27,1078,108,1,12.24,0
52280,2026-05-27,1007,112,3,72.8,0
52281,2026-05-27,1041,109,3,56.1,0.1
52281,2026-05-27,1041,110,9,35.7,0
52281,2026-05-27,1041,106,15,76.5,0.15
52282,2026-05-28,1042,116,1,47.04,0.05
52282,2026-05-28,1042,102,1,1272.0,0
52283,2026-05-28,1009,105,1,2756.0,0.05
52284,2026-05-28,1021,107,3,45.9,0
52284,2026-05-28,1021,108,4,12.24,0
52284,2026-05-28,1021,115,4,14.56,0
52285,2026-05-28,1070,112,6,72.8,0.15
52286,2026-05-28,1051,105,3,2756.0,0.15
52286,2026-05-28,1051,106,6,76.5,0
52286,2026-05-28,1051,116,9,47.04,0
52287,2026-05-28,1031,114,5,124.8,0
52288,2026-05-29,1007,117,2,37.24,0
52288,2026-05-29,1007,102,1,1272.0,0.15
52288,2026-05-29,1007,107,2,45.9,0.15
52289,2026-05-29,1018,108,4,12.24,0.15
52289,2026-05-29,1018,113,4,29.12,0
52290,2026-05-29,1066,111,18,67.6,0.1
52291,2026-05-30,1006,113,2,29.12,0
52292,2026-05-30,1075,101,1,1537.0,0.05
52292,2026-05-30,1075,118,5,24.5,0.15
52293,2026-05-30,1022,106,5,76.5,0
52293,2026-05-30,1022,119,6,83.3,0.05
52294,2026-05-30,1037,112,5,72.8,0
52295,2026-05-30,1021,115,3,14.56,0
52296,2026-05-31,1026,118,4,24.5,0
52297,2026-05-31,1037,101,2,1537.0,0
52297,2026-05-31,1037,106,1,76.5,0
52298,2026-05-31,1014,119,2,83.3,0
52298,2026-05-31,1014,116,6,47.04,0.1
52298,2026-05-31,1014,108,6,12.24,0.1
52299,2026-05-31,1028,117,9,37.24,0
52299,2026-05-31,1028,102,3,1272.0,0.05
52300,2026-06-01,1028,101,3,1537.0,0
52300,2026-06-01,1028,117,9,37.24,0
52301,2026-06-01,1064,109,3,56.1,0
52301,2026-06-01,1064,120,5,58.8,0.15
52301,2026-06-01,1064,105,2,2756.0,0
52302,2026-06-01,1072,108,6,12.24,0.15
52302,2026-06-01,1072,119,1,83.3,0.05
52303,2026-06-01,1014,117,5,37.24,0
52304,2026-06-01,1002,119,9,83.3,0
52305,2026-06-01,1049,112,2,72.8,0
52305,2026-06-01,1049,102,1,1272.0,0.1
52305,2026-06-01,1049,106,4,76.5,0.1
52306,2026-06-01,1048,107,6,45.9,0
52307,2026-06-01,1039,118,3,24.5,0
52308,2026-06-02,1034,119,2,83.3,0
52308,2026-06-02,1034,119,6,83.3,0.1
52309,2026-06-02,1004,106,1,76.5,0
52309,2026-06-02,1004,115,4,14.56,0.15
52310,2026-06-02,1075,112,3,72.8,0
52310,2026-06-02,1075,115,4,14.56,0
52310,2026-06-02,1075,115,2,14.56,0
52311,2026-06-02,1009,114,1,124.8,0
52311,2026-06-02,1009,111,4,67.6,0
52312,2026-06-03,1006,102,2,1272.0,0.1
52312,2026-06-03,1006,107,4,45.9,0
52312,2026-06-03,1006,116,1,47.04,0.1
52313,2026-06-03,1035,107,4,45.9,0.15
52314,2026-06-03,1001,102,2,1272.0,0.05
52314,2026-06-03,1001,120,4,58.8,0.15
52314,2026-06-03,1001,107,6,45.9,0
52315,2026-06-03,1037,103,2,901.0,0
52316,2026-06-03,1061,105,2,2756.0,0.1
52316,2026-06-03,1061,112,2,72.8,0
52317,2026-06-03,1045,106,12,76.5,0
52317,2026-06-03,1045,111,9,67.6,0.15
52318,2026-06-04,1038,117,4,37.24,0.1
52319,2026-06-04,1070,109,4,56.1,0
52319,2026-06-04,1070,113,2,29.12,0
52320,2026-06-04,1046,111,5,67.6,0.15
52320,2026-06-04,1046,114,1,124.8,0
52320,2026-06-04,1046,111,6,67.6,0
52321,2026-06-04,1077,112,6,72.8,0
52322,2026-06-04,1074,120,6,58.8,0.15
52323,2026-06-04,1051,117,3,37.24,0.05
52324,2026-06-05,1074,107,15,45.9,0.1
52325,2026-06-05,1022,107,6,45.9,0.15
52325,2026-06-05,1022,108,1,12.24,0
52325,2026-06-05,1022,115,3,14.56,0.05
52326,2026-06-05,1051,114,12,124.8,0
52326,2026-06-05,1051,112,18,72.8,0
52327,2026-06-05,1014,114,4,124.8,0
52328,2026-06-06,1025,101,1,1537.0,0
52328,2026-06-06,1025,105,1,2756.0,0.1
52328,2026-06-06,1025,119,2,83.3,0.15
52329,2026-06-06,1052,117,5,37.24,0.1
52330,2026-06-06,1013,101,1,1537.0,0
52331,2026-06-06,1016,106,18,76.5,0
52332,2026-06-06,1009,110,1,35.7,0
52333,2026-06-07,1002,113,9,29.12,0
52333,2026-06-07,1002,109,9,56.1,0
52333,2026-06-07,1002,113,12,29.12,0.1
52334,2026-06-07,1079,102,2,1272.0,0
52334,2026-06-07,1079,111,3,67.6,0
52335,2026-06-07,1033,111,4,67.6,0.15
52335,2026-06-07,1033,112,1,72.8,0
52335,2026-06-07,1033,114,5,124.8,0
52336,2026-06-07,1063,109,12,56.1,0.15
52337,2026-06-07,1012,107,1,45.9,0
52337,2026-06-07,1012,107,6,45.9,0.1
52338,2026-06-07,1013,109,3,56.1,0
52338,2026-06-07,1013,113,4,29.12,0
52339,2026-06-07,1042,112,6,72.8,0.15
52340,2026-06-07,1058,113,1,29.12,0
52341,2026-06-08,1017,118,1,24.5,0.05
52341,2026-06-08,1017,110,5,35.7,0
52342,2026-06-08,1060,115,4,14.56,0.15
52343,2026-06-08,1069,115,3,14.56,0.05
52343,2026-06-08,1069,104,2,339.2,0
52343,2026-06-08,1069,119,3,83.3,0.15
52344,2026-06-08,1021,108,3,12.24,0
52345,2026-06-08,1015,105,3,2756.0,0
52345,2026-06-08,1015,111,6,67.6,0
52345,2026-06-08,1015,109,18,56.1,0.15
52346,2026-06-09,1049,108,2,12.24,0
52347,2026-06-09,1075,107,4,45.9,0.15
52347,2026-06-09,1075,115,1,14.56,0
52348,2026-06-09,1022,104,1,339.2,0
52349,2026-06-09,1064,116,4,47.04,0
52350,2026-06-09,1068,109,5,56.1,0
52350,2026-06-09,1068,110,1,35.7,0
52350,2026-06-09,1068,110,6,35.7,0
52351,2026-06-10,1009,103,2,901.0,0
52352,2026-06-10,1052,119,2,83.3,0
52352,2026-06-10,1052,101,1,1537.0,0.05
52353,2026-06-10,1024,106,18,76.5,0.05
52353,2026-06-10,1024,109,9,56.1,0
52353,2026-06-10,1024,103,3,901.0,0.05
52354,2026-06-10,1053,112,6,72.8,0
52355,2026-06-10,1019,104,2,339.2,0
52356,2026-06-11,1002,112,9,72.8,0.05
52357,2026-06-11,1068,108,2,12.24,0
52358,2026-06-11,1032,116,2,47.04,0.1
52358,2026-06-11,1032,111,4,67.6,0
52359,2026-06-11,1013,109,6,56.1,0.1
52360,2026-06-12,1070,105,1,2756.0,0.15
52361,2026-06-12,1066,118,3,24.5,0
52362,2026-06-12,1066,112,6,72.8,0.1
52363,2026-06-12,1053,109,6,56.1,0.15
52363,2026-06-12,1053,107,3,45.9,0.15
52363,2026-06-12,1053,110,9,35.7,0.15
52364,2026-06-12,1051,106,18,76.5,0
52365,2026-06-12,1051,113,6,29.12,0.1
52365,2026-06-12,1051,119,12,83.3,0.05
52366,2026-06-12,1066,114,18,124.8,0
52366,2026-06-12,1066,107,15,45.9,0
52367,2026-06-13,1077,110,5,35.7,0
52368,2026-06-13,1019,102,2,1272.0,0
52368,2026-06-13,1019,107,6,45.9,0.15
52368,2026-06-13,1019,120,3,58.8,0
52369,2026-06-13,1069,108,3,12.24,0.15
52369,2026-06-13,1069,119,5,83.3,0
52370,2026-06-13,1050,113,5,29.12,0.1
52370,2026-06-13,1050,113,6,29.12,0.15
52370,2026-06-13,1050,112,4,72.8,0
52371,2026-06-13,1012,111,3,67.6,0.05
52371,2026-06-13,1012,111,6,67.6,0
52371,2026-06-13,1012,107,3,45.9,0
52372,2026-06-14,1037,111,3,67.6,0
52372,2026-06-14,1037,119,5,83.3,0
52373,2026-06-14,1045,106,9,76.5,0.05
52374,2026-06-14,1053,107,12,45.9,0.1
52375,2026-06-14,1025,118,2,24.5,0.15
52375,2026-06-14,1025,116,3,47.04,0
52376,2026-06-14,1047,112,3,72.8,0
52376,2026-06-14,1047,116,5,47.04,0.05
52376,2026-06-14,1047,106,6,76.5,0.1
52377,2026-06-14,1038,107,5,45.9,0.15
52377,2026-06-14,1038,113,3,29.12,0
52377,2026-06-14,1038,118,4,24.5,0
52378,2026-06-15,1035,110,3,35.7,0
52378,2026-06-15,1035,107,1,45.9,0
52379,2026-06-15,1016,117,12,37.24,0
52379,2026-06-15,1016,102,6,1272.0,0
52380,2026-06-15,1059,113,3,29.12,0.05
52380,2026-06-15,1059,112,2,72.8,0
52381,2026-06-15,1007,113,4,29.12,0.05
52381,2026-06-15,1007,104,2,339.2,0
52382,2026-06-15,1041,105,3,2756.0,0
52383,2026-06-15,1007,117,3,37.24,0
52384,2026-06-16,1071,107,3,45.9,0.1
52384,2026-06-16,1071,114,6,124.8,0
52385,2026-06-16,1073,101,2,1537.0,0.05
52386,2026-06-16,1036,110,2,35.7,0
52387,2026-06-16,1080,112,3,72.8,0.05
52387,2026-06-16,1080,109,2,56.1,0
52388,2026-06-16,1003,113,2,29.12,0
52388,2026-06-16,1003,117,4,37.24,0
52389,2026-06-16,1070,101,1,1537.0,0
52389,2026-06-16,1070,112,5,72.8,0
52390,2026-06-16,1063,103,6,901.0,0
52391,2026-06-17,1023,107,1,45.9,0
52392,2026-06-17,1040,113,15,29.12,0.15
52392,2026-06-17,1040,109,6,56.1,0
52393,2026-06-17,1013,110,4,35.7,0
52394,2026-06-17,1020,118,5,24.5,0.15
52394,2026-06-17,1020,109,5,56.1,0.15
52394,2026-06-17,1020,107,6,45.9,0
52395,2026-06-17,1056,108,1,12.24,0
52395,2026-06-17,1056,111,4,67.6,0.15
52396,2026-06-17,1057,106,2,76.5,0.1
52396,2026-06-17,1057,103,2,901.0,0
52397,2026-06-18,1052,106,3,76.5,0
52398,2026-06-18,1036,115,2,14.56,0
52399,2026-06-18,1077,120,6,58.8,0.05
52399,2026-06-18,1077,107,6,45.9,0
52400,2026-06-18,1058,116,4,47.04,0.05
52400,2026-06-18,1058,109,4,56.1,0
52400,2026-06-18,1058,111,6,67.6,0
52401,2026-06-18,1055,110,9,35.7,0
52402,2026-06-18,1035,119,3,83.3,0
52403,2026-06-18,1021,106,5,76.5,0.1
52404,2026-06-18,1067,112,2,72.8,0.15
52404,2026-06-18,1067,102,2,1272.0,0
52405,2026-06-19,1021,113,5,29.12,0
52406,2026-06-19,1033,112,3,72.8,0
52407,2026-06-19,1020,105,2,2756.0,0
52408,2026-06-19,1024,110,6,35.7,0.05
52409,2026-06-19,1009,118,5,24.5,0
52410,2026-06-19,1074,116,18,47.04,0
52410,2026-06-19,1074,108,12,12.24,0
52410,2026-06-19,1074,118,6,24.5,0
52411,2026-06-19,1026,115,1,14.56,0.15
52411,2026-06-19,1026,104,1,339.2,0.05
52412,2026-06-20,1016,112,9,72.8,0.1
52412,2026-06-20,1016,106,15,76.5,0
52413,2026-06-20,1032,108,2,12.24,0.15
52414,2026-06-20,1035,117,5,37.24,0.05
52414,2026-06-20,1035,118,4,24.5,0
52415,2026-06-20,1022,111,2,67.6,0
52416,2026-06-20,1078,112,3,72.8,0
52417,2026-06-20,1032,106,1,76.5,0.1
52417,2026-06-20,1032,107,6,45.9,0.05
52418,2026-06-21,1049,101,2,1537.0,0.05
52419,2026-06-21,1063,115,15,14.56,0.05
52419,2026-06-21,1063,115,15,14.56,0
52419,2026-06-21,1063,120,15,58.8,0
52420,2026-06-21,1078,115,6,14.56,0
52420,2026-06-21,1078,115,5,14.56,0
52421,2026-06-21,1022,118,2,24.5,0.15
52421,2026-06-21,1022,102,1,1272.0,0.05
52422,2026-06-21,1048,104,2,339.2,0
52423,2026-06-21,1049,109,3,56.1,0
52424,2026-06-22,1026,106,6,76.5,0.15
52425,2026-06-22,1019,118,6,24.5,0
52425,2026-06-22,1019,114,3,124.8,0
52426,2026-06-22,1032,101,1,1537.0,0
52427,2026-06-22,1033,109,6,56.1,0
52427,2026-06-22,1033,109,2,56.1,0
52428,2026-06-22,1017,120,2,58.8,0
52428,2026-06-22,1017,118,1,24.5,0
52429,2026-06-23,1050,118,1,24.5,0.05
52429,2026-06-23,1050,108,5,12.24,0.05
52429,2026-06-23,1050,111,4,67.6,0
52430,2026-06-23,1046,106,5,76.5,0
52431,2026-06-23,1002,105,6,2756.0,0
52432,2026-06-23,1004,106,5,76.5,0
52432,2026-06-23,1004,101,2,1537.0,0
52433,2026-06-23,1079,109,3,56.1,0
52433,2026-06-23,1079,109,5,56.1,0.05
52434,2026-06-24,1016,116,12,47.04,0.15
52434,2026-06-24,1016,111,18,67.6,0.15
52435,2026-06-24,1071,115,15,14.56,0
52435,2026-06-24,1071,120,6,58.8,0.15
52435,2026-06-24,1071,109,18,56.1,0.1
52436,2026-06-24,1057,115,3,14.56,0
52436,2026-06-24,1057,105,1,2756.0,0
52436,2026-06-24,1057,113,3,29.12,0
52437,2026-06-24,1029,102,1,1272.0,0
52438,2026-06-24,1025,112,4,72.8,0.15
52438,2026-06-24,1025,117,2,37.24,0
52439,2026-06-24,1071,107,6,45.9,0
52439,2026-06-24,1071,120,6,58.8,0.15
52440,2026-06-24,1005,115,3,14.56,0
52441,2026-06-25,1064,103,2,901.0,0.15
52442,2026-06-25,1044,115,3,14.56,0.15
52442,2026-06-25,1044,111,3,67.6,0.05
52443,2026-06-26,1072,118,6,24.5,0
52443,2026-06-26,1072,113,3,29.12,0.05
52444,2026-06-26,1020,114,6,124.8,0.05
52444,2026-06-26,1020,112,3,72.8,0.15
52444,2026-06-26,1020,113,2,29.12,0
52445,2026-06-26,1003,111,3,67.6,0.05
52445,2026-06-26,1003,108,6,12.24,0
52446,2026-06-26,1007,108,3,12.24,0
52446,2026-06-26,1007,117,5,37.24,0
52447,2026-06-26,1029,111,2,67.6,0
52448,2026-06-26,1070,109,6,56.1,0
52448,2026-06-26,1070,110,3,35.7,0
52449,2026-06-27,1062,102,2,1272.0,0
52449,2026-06-27,1062,110,4,35.7,0
52449,2026-06-27,1062,110,1,35.7,0
52450,2026-06-27,1048,108,4,12.24,0
52451,2026-06-27,1051,106,12,76.5,0.15
52451,2026-06-27,1051,107,6,45.9,0.05
52452,2026-06-27,1022,105,2,2756.0,0.05
52453,2026-06-27,1049,104,1,339.2,0.15
52454,2026-06-27,1002,112,12,72.8,0
52455,2026-06-28,1020,101,1,1537.0,0
52456,2026-06-28,1018,120,3,58.8,0.1
52457,2026-06-28,1046,112,1,72.8,0
52457,2026-06-28,1046,118,3,24.5,0
52457,2026-06-28,1046,102,1,1272.0,0
52458,2026-06-28,1079,117,2,37.24,0.15
52459,2026-06-28,1022,117,4,37.24,0
52459,2026-06-28,1022,107,3,45.9,0.05
52460,2026-06-28,1068,117,3,37.24,0
52461,2026-06-29,1034,114,6,124.8,0.05
52462,2026-06-29,1013,113,6,29.12,0
52462,2026-06-29,1013,101,2,1537.0,0.1
52463,2026-06-29,1021,111,4,67.6,0
52463,2026-06-29,1021,120,3,58.8,0
52463,2026-06-29,1021,114,4,124.8,0
52464,2026-06-29,1031,114,2,124.8,0
52465,2026-06-29,1060,115,1,14.56,0
52466,2026-06-29,1008,118,6,24.5,0
52466,2026-06-29,1008,120,6,58.8,0
52467,2026-06-29,1010,116,6,47.04,0
52468,2026-06-29,1075,115,4,14.56,0
52469,2026-06-30,1016,114,18,124.8,0.05
52469,2026-06-30,1016,115,9,14.56,0.1
52469,2026-06-30,1016,106,12,76.5,0.1
52470,2026-06-30,1005,105,3,2756.0,0
52471,2026-06-30,1009,101,2,1537.0,0
52472,2026-06-30,1024,111,12,67.6,0.15
52472,2026-06-30,1024,115,9,14.56,0
52473,2026-06-30,1018,115,6,14.56,0
52474,2026-06-30,1041,118,6,24.5,0
52474,2026-06-30,1041,118,6,24.5,0
52475,2026-07-01,1043,102,1,1272.0,0
52476,2026-07-01,1066,111,9,67.6,0
52476,2026-07-01,1066,115,12,14.56,0
52477,2026-07-01,1002,109,9,56.1,0.15
52477,2026-07-01,1002,113,9,29.12,0
52477,2026-07-01,1002,104,3,339.2,0
52478,2026-07-01,1019,114,6,124.8,0.1
52479,2026-07-02,1065,112,5,72.8,0.05
52480,2026-07-02,1079,106,6,76.5,0.15
52480,2026-07-02,1079,102,2,1272.0,0.05
52481,2026-07-02,1059,108,1,12.24,0
52482,2026-07-02,1076,120,1,58.8,0
52482,2026-07-02,1076,117,4,37.24,0
52482,2026-07-02,1076,119,5,83.3,0.05
52483,2026-07-02,1030,117,6,37.24,0
52484,2026-07-02,1034,118,1,24.5,0.15
52485,2026-07-02,1030,119,9,83.3,0
52485,2026-07-02,1030,107,15,45.9,0
52485,2026-07-02,1030,102,6,1272.0,0
52486,2026-07-03,1010,112,5,72.8,0
52487,2026-07-03,1003,118,6,24.5,0.15
52487,2026-07-03,1003,116,3,47.04,0.15
52488,2026-07-03,1077,102,1,1272.0,0.05
52488,2026-07-03,1077,114,3,124.8,0.15
52488,2026-07-03,1077,104,1,339.2,0
52489,2026-07-03,1072,108,5,12.24,0.1
52489,2026-07-03,1072,106,6,76.5,0
52489,2026-07-03,1072,103,1,901.0,0
52490,2026-07-04,1003,104,2,339.2,0
52491,2026-07-04,1038,107,2,45.9,0
52491,2026-07-04,1038,106,2,76.5,0
52491,2026-07-04,1038,103,2,901.0,0
52492,2026-07-04,1070,112,1,72.8,0
52492,2026-07-04,1070,120,1,58.8,0.15
52492,2026-07-04,1070,119,2,83.3,0
52493,2026-07-04,1035,104,2,339.2,0
52494,2026-07-04,1016,116,15,47.04,0
52494,2026-07-04,1016,111,12,67.6,0.1
52495,2026-07-04,1079,116,3,47.04,0.15
52496,2026-07-04,1012,106,2,76.5,0.05
52497,2026-07-05,1080,120,2,58.8,0
52498,2026-07-05,1044,112,6,72.8,0.05
52499,2026-07-05,1025,120,6,58.8,0
52499,2026-07-05,1025,101,2,1537.0,0.15
52500,2026-07-05,1056,117,4,37.24,0
52501,2026-07-05,1022,113,4,29.12,0.15
52502,2026-07-05,1076,115,6,14.56,0
52502,2026-07-05,1076,117,4,37.24,0.05
52502,2026-07-05,1076,116,4,47.04,0
52503,2026-07-05,1048,118,1,24.5,0
52504,2026-07-05,1025,112,1,72.8,0.1
52505,2026-07-06,1048,108,6,12.24,0.15
52505,2026-07-06,1048,101,2,1537.0,0.15
52505,2026-07-06,1048,111,2,67.6,0.15
52506,2026-07-06,1013,112,1,72.8,0.05
52506,2026-07-06,1013,105,2,2756.0,0.05
52507,2026-07-06,1071,116,3,47.04,0.05
52507,2026-07-06,1071,117,18,37.24,0
52507,2026-07-06,1071,107,15,45.9,0.15
52508,2026-07-06,1055,102,3,1272.0,0
52509,2026-07-06,1039,120,2,58.8,0.1
52509,2026-07-06,1039,107,4,45.9,0
52509,2026-07-06,1039,107,4,45.9,0
52510,2026-07-07,1064,115,4,14.56,0
52511,2026-07-07,1004,108,6,12.24,0
52512,2026-07-07,1018,113,1,29.12,0
52512,2026-07-07,1018,104,2,339.2,0.15
52513,2026-07-07,1043,118,2,24.5,0.05
52514,2026-07-07,1028,116,6,47.04,0
52514,2026-07-07,1028,107,15,45.9,0.15
52515,2026-07-07,1070,117,5,37.24,0.05
52516,2026-07-07,1070,119,6,83.3,0
52517,2026-07-08,1013,115,1,14.56,0
52517,2026-07-08,1013,119,4,83.3,0
52518,2026-07-08,1043,115,2,14.56,0
52519,2026-07-08,1013,101,2,1537.0,0
52519,2026-07-08,1013,111,3,67.6,0
52520,2026-07-08,1070,107,5,45.9,0.05
52521,2026-07-08,1032,108,2,12.24,0.1
52522,2026-07-09,1014,117,4,37.24,0
52522,2026-07-09,1014,115,2,14.56,0
52522,2026-07-09,1014,115,6,14.56,0.05
52523,2026-07-09,1031,101,2,1537.0,0.05
52523,2026-07-09,1031,116,2,47.04,0
52524,2026-07-09,1071,102,3,1272.0,0.05
52525,2026-07-09,1050,117,3,37.24,0
52526,2026-07-09,1018,120,4,58.8,0.05
52526,2026-07-09,1018,108,2,12.24,0.05
52527,2026-07-09,1016,110,18,35.7,0.05
52527,2026-07-09,1016,111,3,67.6,0
52527,2026-07-09,1016,113,18,29.12,0
52528,2026-07-09,1017,106,6,76.5,0.05
52528,2026-07-09,1017,104,1,339.2,0
52529,2026-07-09,1006,120,6,58.8,0
52530,2026-07-10,1010,109,2,56.1,0
52530,2026-07-10,1010,120,5,58.8,0
52530,2026-07-10,1010,114,6,124.8,0
52531,2026-07-10,1002,104,3,339.2,0
52531,2026-07-10,1002,105,3,2756.0,0.15
52532,2026-07-10,1048,120,4,58.8,0.1
52533,2026-07-10,1067,107,6,45.9,0
52533,2026-07-10,1067,118,2,24.5,0
52533,2026-07-10,1067,109,2,56.1,0.15
52534,2026-07-10,1032,111,3,67.6,0
52534,2026-07-10,1032,102,1,1272.0,0
52535,2026-07-11,1008,110,9,35.7,0
52535,2026-07-11,1008,110,9,35.7,0
52535,2026-07-11,1008,107,6,45.9,0
52536,2026-07-11,1002,116,15,47.04,0
52536,2026-07-11,1002,113,9,29.12,0
52537,2026-07-11,1029,106,3,76.5,0.15
52537,2026-07-11,1029,111,4,67.6,0
52538,2026-07-11,1021,106,2,76.5,0
52538,2026-07-11,1021,116,6,47.04,0
52539,2026-07-11,1050,120,5,58.8,0.05
52540,2026-07-12,1019,107,3,45.9,0.05
52541,2026-07-12,1033,103,2,901.0,0.1
52541,2026-07-12,1033,110,1,35.7,0.05
52541,2026-07-12,1033,120,1,58.8,0
52542,2026-07-12,1037,117,6,37.24,0.05
52543,2026-07-12,1079,116,5,47.04,0
52543,2026-07-12,1079,113,5,29.12,0
52544,2026-07-12,1020,108,6,12.24,0.15
52545,2026-07-12,1071,112,3,72.8,0
52545,2026-07-12,1071,106,3,76.5,0.1
52546,2026-07-13,1033,117,5,37.24,0
52546,2026-07-13,1033,113,6,29.12,0.15
52546,2026-07-13,1033,120,5,58.8,0.05
52547,2026-07-13,1046,109,5,56.1,0
52548,2026-07-13,1032,102,2,1272.0,0
52549,2026-07-13,1061,112,4,72.8,0
52550,2026-07-13,1056,101,1,1537.0,0
52550,2026-07-13,1056,112,2,72.8,0
52551,2026-07-14,1053,106,12,76.5,0.05
52552,2026-07-14,1010,114,5,124.8,0
52553,2026-07-14,1018,115,2,14.56,0
52554,2026-07-14,1013,107,5,45.9,0
52555,2026-07-14,1016,114,12,124.8,0
52556,2026-07-14,1012,119,5,83.3,0
52557,2026-07-14,1012,116,5,47.04,0.1
52558,2026-07-14,1031,111,3,67.6,0.05
52559,2026-07-15,1001,117,2,37.24,0.15
52559,2026-07-15,1001,110,3,35.7,0
52560,2026-07-15,1012,113,5,29.12,0
52560,2026-07-15,1012,101,2,1537.0,0
52561,2026-07-15,1058,114,1,124.8,0.1
52561,2026-07-15,1058,103,1,901.0,0.1
52562,2026-07-15,1036,106,2,76.5,0
52563,2026-07-15,1006,106,2,76.5,0
52563,2026-07-15,1006,104,2,339.2,0
52563,2026-07-15,1006,114,2,124.8,0.05
52564,2026-07-15,1018,104,1,339.2,0
52565,2026-07-15,1039,110,6,35.7,0
52565,2026-07-15,1039,117,2,37.24,0
52565,2026-07-15,1039,109,2,56.1,0
52566,2026-07-16,1005,106,12,76.5,0
52566,2026-07-16,1005,103,3,901.0,0
52567,2026-07-16,1010,110,4,35.7,0
52568,2026-07-16,1022,115,6,14.56,0.05
52569,2026-07-16,1068,118,5,24.5,0
52569,2026-07-16,1068,118,2,24.5,0.15
52570,2026-07-16,1077,114,2,124.8,0
52570,2026-07-16,1077,110,5,35.7,0.15
52571,2026-07-16,1057,108,5,12.24,0
52572,2026-07-16,1003,110,4,35.7,0.15
52573,2026-07-16,1069,119,5,83.3,0
52573,2026-07-16,1069,116,2,47.04,0
52574,2026-07-17,1015,111,18,67.6,0.05
52574,2026-07-17,1015,115,6,14.56,0
52575,2026-07-17,1067,112,2,72.8,0.15
52576,2026-07-17,1017,119,5,83.3,0.15
52577,2026-07-17,1078,118,2,24.5,0.05
52577,2026-07-17,1078,112,3,72.8,0.05
52578,2026-07-17,1069,107,3,45.9,0.05
52579,2026-07-17,1018,102,2,1272.0,0.15
52580,2026-07-18,1027,116,2,47.04,0.1
52581,2026-07-18,1012,105,2,2756.0,0
52581,2026-07-18,1012,110,6,35.7,0.05
52582,2026-07-18,1011,116,12,47.04,0
52582,2026-07-18,1011,114,9,124.8,0
52582,2026-07-18,1011,101,3,1537.0,0.15
52583,2026-07-18,1004,114,6,124.8,0
52583,2026-07-18,1004,103,1,901.0,0.15
52583,2026-07-18,1004,115,6,14.56,0.05
52584,2026-07-18,1011,114,12,124.8,0.15
52585,2026-07-18,1013,116,5,47.04,0.1
52585,2026-07-18,1013,109,6,56.1,0.1
52586,2026-07-18,1078,115,3,14.56,0
52587,2026-07-18,1049,104,2,339.2,0.15
52587,2026-07-18,1049,108,2,12.24,0
52587,2026-07-18,1049,112,2,72.8,0.05
52588,2026-07-19,1037,112,1,72.8,0
52588,2026-07-19,1037,106,3,76.5,0.05
52589,2026-07-19,1080,108,4,12.24,0
52590,2026-07-19,1065,111,1,67.6,0.05
52590,2026-07-19,1065,102,2,1272.0,0
52591,2026-07-19,1049,113,1,29.12,0
52592,2026-07-19,1067,112,4,72.8,0
52593,2026-07-20,1073,107,2,45.9,0.15
52594,2026-07-20,1035,107,3,45.9,0
52594,2026-07-20,1035,114,3,124.8,0
52595,2026-07-20,1022,109,1,56.1,0.05
52595,2026-07-20,1022,115,6,14.56,0
52596,2026-07-20,1007,106,4,76.5,0.05
52596,2026-07-20,1007,118,5,24.5,0
52597,2026-07-21,1003,116,5,47.04,0
52597,2026-07-21,1003,104,1,339.2,0
52598,2026-07-21,1007,118,3,24.5,0.15
52599,2026-07-21,1068,118,5,24.5,0.1
52600,2026-07-21,1001,113,3,29.12,0.15
52601,2026-07-22,1023,119,4,83.3,0
52601,2026-07-22,1023,111,4,67.6,0.1
52602,2026-07-22,1025,114,4,124.8,0
52602,2026-07-22,1025,107,6,45.9,0
52603,2026-07-22,1019,109,6,56.1,0
52603,2026-07-22,1019,115,5,14.56,0.05
52603,2026-07-22,1019,114,6,124.8,0.1
52604,2026-07-22,1040,108,3,12.24,0
52604,2026-07-22,1040,118,18,24.5,0
52605,2026-07-23,1068,106,3,76.5,0.15
52605,2026-07-23,1068,107,4,45.9,0.15
52606,2026-07-23,1006,108,6,12.24,0
52606,2026-07-23,1006,105,2,2756.0,0.15
52607,2026-07-23,1038,106,2,76.5,0.1
52608,2026-07-23,1048,112,2,72.8,0
52609,2026-07-24,1025,101,1,1537.0,0
52609,2026-07-24,1025,109,4,56.1,0.15
52609,2026-07-24,1025,107,3,45.9,0.05
52610,2026-07-24,1074,111,3,67.6,0.15
52610,2026-07-24,1074,107,3,45.9,0
52611,2026-07-24,1031,115,5,14.56,0
52611,2026-07-24,1031,117,3,37.24,0
52612,2026-07-24,1018,113,6,29.12,0
52612,2026-07-24,1018,114,3,124.8,0
52613,2026-07-24,1038,114,3,124.8,0
52613,2026-07-24,1038,106,2,76.5,0
52613,2026-07-24,1038,120,3,58.8,0
52614,2026-07-24,1068,113,6,29.12,0
52615,2026-07-24,1051,106,6,76.5,0.15
52615,2026-07-24,1051,104,3,339.2,0.1
52615,2026-07-24,1051,113,15,29.12,0
52616,2026-07-25,1070,113,2,29.12,0
52617,2026-07-25,1076,113,2,29.12,0
52618,2026-07-25,1028,110,9,35.7,0
52619,2026-07-25,1006,118,6,24.5,0
52619,2026-07-25,1006,120,5,58.8,0.15
52620,2026-07-25,1065,116,3,47.04,0
52620,2026-07-25,1065,103,2,901.0,0.15
52621,2026-07-26,1071,118,3,24.5,0
52621,2026-07-26,1071,119,6,83.3,0.15
52621,2026-07-26,1071,101,3,1537.0,0.05
52622,2026-07-26,1014,116,1,47.04,0.05
52623,2026-07-26,1017,112,1,72.8,0
52623,2026-07-26,1017,114,3,124.8,0
52624,2026-07-27,1037,104,2,339.2,0
52624,2026-07-27,1037,118,6,24.5,0
52625,2026-07-27,1051,113,9,29.12,0
52626,2026-07-27,1008,108,3,12.24,0.15
52627,2026-07-27,1016,114,15,124.8,0
52627,2026-07-27,1016,104,6,339.2,0
52628,2026-07-28,1030,112,9,72.8,0.15
52628,2026-07-28,1030,101,3,1537.0,0.15
52629,2026-07-28,1053,106,18,76.5,0
52630,2026-07-28,1028,113,6,29.12,0
52630,2026-07-28,1028,107,9,45.9,0
52631,2026-07-28,1044,103,2,901.0,0
52631,2026-07-28,1044,114,6,124.8,0
52632,2026-07-29,1006,113,3,29.12,0
52633,2026-07-29,1064,110,6,35.7,0
52633,2026-07-29,1064,111,1,67.6,0
52634,2026-07-29,1017,116,1,47.04,0
52634,2026-07-29,1017,119,1,83.3,0.05
52635,2026-07-29,1027,109,5,56.1,0
52636,2026-07-29,1004,105,2,2756.0,0
52636,2026-07-29,1004,108,6,12.24,0
52637,2026-07-29,1013,116,3,47.04,0
52638,2026-07-29,1046,117,5,37.24,0.05
52639,2026-07-30,1024,112,12,72.8,0.1
52639,2026-07-30,1024,117,12,37.24,0.15
52640,2026-07-30,1072,119,5,83.3,0
52640,2026-07-30,1072,120,3,58.8,0
52640,2026-07-30,1072,115,1,14.56,0
52641,2026-07-30,1031,118,1,24.5,0.15
52642,2026-07-30,1068,116,3,47.04,0
52642,2026-07-30,1068,107,6,45.9,0.05
52643,2026-07-30,1068,110,2,35.7,0
52644,2026-07-30,1048,115,1,14.56,0
52644,2026-07-30,1048,114,4,124.8,0.1
52645,2026-07-30,1003,117,5,37.24,0
52645,2026-07-30,1003,120,5,58.8,0.1
52646,2026-07-31,1074,119,18,83.3,0
52647,2026-07-31,1033,117,4,37.24,0.15
52647,2026-07-31,1033,113,5,29.12,0.05
52648,2026-07-31,1054,112,4,72.8,0.15
52648,2026-07-31,1054,116,3,47.04,0.15
52649,2026-07-31,1071,113,15,29.12,0.1
52649,2026-07-31,1071,115,18,14.56,0.15
52649,2026-07-31,1071,120,12,58.8,0
52650,2026-07-31,1067,105,2,2756.0,0.05
52651,2026-07-31,1050,120,2,58.8,0
52651,2026-07-31,1050,108,1,12.24,0
52651,2026-07-31,1050,101,2,1537.0,0.05
52652,2026-07-31,1080,120,2,58.8,0
52653,2026-08-01,1024,108,6,12.24,0.15
52654,2026-08-01,1056,112,1,72.8,0
52654,2026-08-01,1056,113,1,29.12,0.05
52655,2026-08-01,1061,109,1,56.1,0
52656,2026-08-01,1054,114,2,124.8,0.1
52657,2026-08-01,1028,112,18,72.8,0
52658,2026-08-01,1067,106,6,76.5,0.1
52658,2026-08-01,1067,113,3,29.12,0.1
52659,2026-08-02,1018,118,1,24.5,0.15
52659,2026-08-02,1018,117,3,37.24,0.15
52659,2026-08-02,1018,101,2,1537.0,0
52660,2026-08-02,1016,119,15,83.3,0.05
52661,2026-08-02,1056,101,1,1537.0,0
52662,2026-08-02,1076,112,2,72.8,0
52663,2026-08-02,1035,116,4,47.04,0.05
52664,2026-08-02,1049,110,1,35.7,0.15
52665,2026-08-03,1028,112,12,72.8,0
52666,2026-08-03,1019,117,3,37.24,0.05
52667,2026-08-03,1044,107,2,45.9,0.15
52668,2026-08-03,1035,112,2,72.8,0.05
52668,2026-08-03,1035,116,3,47.04,0.15
52669,2026-08-03,1066,113,3,29.12,0.15
52670,2026-08-03,1004,111,2,67.6,0
52671,2026-08-03,1001,117,4,37.24,0.05
52671,2026-08-03,1001,109,4,56.1,0
52671,2026-08-03,1001,120,1,58.8,0.15
52672,2026-08-03,1050,106,1,76.5,0.1
52672,2026-08-03,1050,106,5,76.5,0
52673,2026-08-03,1004,119,4,83.3,0.05
52674,2026-08-04,1011,113,3,29.12,0.15
52675,2026-08-04,1042,110,2,35.7,0.15
52676,2026-08-04,1067,118,4,24.5,0.1
52677,2026-08-04,1053,105,6,2756.0,0
52677,2026-08-04,1053,114,9,124.8,0
52677,2026-08-04,1053,118,12,24.5,0
52678,2026-08-04,1077,109,1,56.1,0.1
52679,2026-08-04,1058,115,4,14.56,0.1
52680,2026-08-04,1017,105,1,2756.0,0.05
52680,2026-08-04,1017,116,6,47.04,0.15
52681,2026-08-04,1063,113,12,29.12,0
52681,2026-08-04,1063,119,6,83.3,0.05
52681,2026-08-04,1063,115,15,14.56,0
52682,2026-08-05,1034,109,5,56.1,0.1
52683,2026-08-05,1069,103,1,901.0,0
52684,2026-08-05,1026,107,2,45.9,0
52684,2026-08-05,1026,109,2,56.1,0
52685,2026-08-05,1045,104,3,339.2,0
52685,2026-08-05,1045,101,3,1537.0,0.1
52686,2026-08-05,1014,113,1,29.12,0
52687,2026-08-05,1015,115,6,14.56,0.15
52688,2026-08-06,1017,111,5,67.6,0
52688,2026-08-06,1017,109,2,56.1,0
52689,2026-08-06,1058,118,5,24.5,0
52690,2026-08-06,1040,113,18,29.12,0
52691,2026-08-07,1075,102,2,1272.0,0
52692,2026-08-07,1066,120,3,58.8,0
52693,2026-08-07,1036,120,2,58.8,0
52694,2026-08-07,1027,107,1,45.9,0
52694,2026-08-07,1027,111,1,67.6,0
52694,2026-08-07,1027,119,6,83.3,0.15
52695,2026-08-07,1064,111,2,67.6,0
52695,2026-08-07,1064,101,1,1537.0,0.1
52695,2026-08-07,1064,103,2,901.0,0.15
52696,2026-08-08,1014,106,5,76.5,0
52696,2026-08-08,1014,106,5,76.5,0
52696,2026-08-08,1014,115,4,14.56,0.15
52697,2026-08-08,1078,107,4,45.9,0.15
52697,2026-08-08,1078,117,5,37.24,0
52698,2026-08-08,1015,106,18,76.5,0
52698,2026-08-08,1015,110,9,35.7,0
52699,2026-08-09,1074,120,3,58.8,0
52699,2026-08-09,1074,116,15,47.04,0.05
52700,2026-08-09,1055,114,3,124.8,0
52700,2026-08-09,1055,111,3,67.6,0
52701,2026-08-09,1064,118,5,24.5,0.15
52702,2026-08-09,1019,109,1,56.1,0
52703,2026-08-10,1022,106,3,76.5,0
52704,2026-08-10,1021,120,6,58.8,0.15
52705,2026-08-10,1047,116,5,47.04,0
52706,2026-08-10,1014,107,5,45.9,0
52706,2026-08-10,1014,115,5,14.56,0.1
52706,2026-08-10,1014,116,2,47.04,0
52707,2026-08-10,1074,108,12,12.24,0
52708,2026-08-11,1077,112,5,72.8,0.15
52709,2026-08-11,1035,110,5,35.7,0.05
52710,2026-08-11,1037,118,2,24.5,0
52710,2026-08-11,1037,118,1,24.5,0.15
52711,2026-08-11,1043,120,6,58.8,0.1
52712,2026-08-11,1030,117,12,37.24,0.1
52712,2026-08-11,1030,113,18,29.12,0
52712,2026-08-11,1030,111,9,67.6,0.1
52713,2026-08-12,1044,113,5,29.12,0.1
52713,2026-08-12,1044,102,1,1272.0,0
52713,2026-08-12,1044,109,6,56.1,0.05
52714,2026-08-12,1065,120,1,58.8,0.1
52714,2026-08-12,1065,114,1,124.8,0
52715,2026-08-12,1023,118,4,24.5,0
52716,2026-08-12,1050,106,6,76.5,0
52716,2026-08-12,1050,101,2,1537.0,0
52717,2026-08-12,1049,120,1,58.8,0.1
52718,2026-08-12,1060,113,4,29.12,0
52718,2026-08-12,1060,112,5,72.8,0.05
52719,2026-08-12,1056,111,2,67.6,0.15
52719,2026-08-12,1056,117,3,37.24,0.05
52720,2026-08-12,1074,111,18,67.6,0
52721,2026-08-13,1069,114,1,124.8,0
52722,2026-08-13,1024,113,6,29.12,0
52722,2026-08-13,1024,102,6,1272.0,0
52722,2026-08-13,1024,114,9,124.8,0.15
52723,2026-08-13,1050,115,3,14.56,0.1
52723,2026-08-13,1050,110,1,35.7,0
52724,2026-08-13,1016,107,15,45.9,0
52725,2026-08-13,1044,107,2,45.9,0.05
52726,2026-08-13,1051,113,6,29.12,0
52726,2026-08-13,1051,109,15,56.1,0
52727,2026-08-13,1024,107,6,45.9,0.1
52727,2026-08-13,1024,112,15,72.8,0.15
52727,2026-08-13,1024,107,12,45.9,0.15
52728,2026-08-13,1029,112,5,72.8,0
52729,2026-08-14,1011,114,9,124.8,0
52729,2026-08-14,1011,112,9,72.8,0.1
52729,2026-08-14,1011,120,12,58.8,0
52730,2026-08-14,1044,106,5,76.5,0
52730,2026-08-14,1044,110,5,35.7,0
52731,2026-08-14,1029,112,6,72.8,0
52732,2026-08-14,1014,118,5,24.5,0
52733,2026-08-14,1072,109,3,56.1,0
52733,2026-08-14,1072,120,4,58.8,0.05
52733,2026-08-14,1072,107,4,45.9,0.15
52734,2026-08-15,1072,101,2,1537.0,0.15
52735,2026-08-15,1063,108,9,12.24,0
52735,2026-08-15,1063,101,6,1537.0,0.1
52735,2026-08-15,1063,113,18,29.12,0.05
52736,2026-08-15,1074,119,3,83.3,0
52737,2026-08-15,1077,105,1,2756.0,0.05
52737,2026-08-15,1077,117,3,37.24,0.05
52738,2026-08-15,1031,116,1,47.04,0.15
52739,2026-08-15,1047,109,1,56.1,0
52740,2026-08-16,1042,104,1,339.2,0
52741,2026-08-16,1080,117,4,37.24,0.1
52742,2026-08-16,1068,107,4,45.9,0
52743,2026-08-16,1041,101,6,1537.0,0.15
52744,2026-08-16,1020,118,1,24.5,0
52744,2026-08-16,1020,119,1,83.3,0
52744,2026-08-16,1020,116,2,47.04,0
52745,2026-08-17,1050,112,1,72.8,0.1
52745,2026-08-17,1050,113,4,29.12,0.05
52746,2026-08-17,1008,115,6,14.56,0.15
52746,2026-08-17,1008,111,9,67.6,0
52747,2026-08-17,1017,117,5,37.24,0.05
52748,2026-08-17,1045,105,3,2756.0,0
52748,2026-08-17,1045,112,12,72.8,0
52749,2026-08-17,1008,118,15,24.5,0.05
52750,2026-08-17,1054,112,3,72.8,0
52750,2026-08-17,1054,118,2,24.5,0
52751,2026-08-18,1036,113,6,29.12,0.05
52751,2026-08-18,1036,110,3,35.7,0.15
52752,2026-08-18,1041,117,9,37.24,0
52752,2026-08-18,1041,111,9,67.6,0.05
52752,2026-08-18,1041,119,3,83.3,0.15
52753,2026-08-18,1055,101,3,1537.0,0
52754,2026-08-18,1006,116,3,47.04,0.1
52755,2026-08-18,1030,114,6,124.8,0
52755,2026-08-18,1030,120,6,58.8,0.1
52756,2026-08-19,1015,118,3,24.5,0
52757,2026-08-19,1001,108,1,12.24,0.05
52758,2026-08-19,1027,113,5,29.12,0.1
52758,2026-08-19,1027,106,1,76.5,0
52758,2026-08-19,1027,108,5,12.24,0.05
52759,2026-08-19,1079,109,5,56.1,0.1
52759,2026-08-19,1079,111,4,67.6,0.15
52760,2026-08-20,1055,118,12,24.5,0.1
52760,2026-08-20,1055,119,18,83.3,0
52761,2026-08-20,1020,101,2,1537.0,0.15
52761,2026-08-20,1020,111,6,67.6,0.1
52761,2026-08-20,1020,106,3,76.5,0
52762,2026-08-20,1027,112,2,72.8,0.1
52763,2026-08-20,1070,115,2,14.56,0.15
52764,2026-08-21,1009,106,2,76.5,0.15
52765,2026-08-21,1001,108,1,12.24,0
52765,2026-08-21,1001,109,1,56.1,0
52765,2026-08-21,1001,111,4,67.6,0
52766,2026-08-22,1071,109,15,56.1,0
52766,2026-08-22,1071,116,12,47.04,0.05
52767,2026-08-22,1012,110,2,35.7,0
52767,2026-08-22,1012,111,3,67.6,0
52767,2026-08-22,1012,115,3,14.56,0.05
52768,2026-08-22,1035,105,1,2756.0,0.15
52768,2026-08-22,1035,112,1,72.8,0
52769,2026-08-22,1019,103,2,901.0,0
52769,2026-08-22,1019,118,5,24.5,0
52770,2026-08-22,1014,102,1,1272.0,0.1
52770,2026-08-22,1014,110,1,35.7,0.1
52771,2026-08-23,1061,102,1,1272.0,0
52772,2026-08-23,1057,115,5,14.56,0.1
52772,2026-08-23,1057,113,2,29.12,0.15
52772,2026-08-23,1057,119,3,83.3,0
52773,2026-08-23,1023,112,5,72.8,0.05
52774,2026-08-23,1028,110,6,35.7,0
52774,2026-08-23,1028,115,9,14.56,0.1
52774,2026-08-23,1028,118,3,24.5,0.1
52775,2026-08-23,1039,112,2,72.8,0
52776,2026-08-23,1022,114,6,124.8,0
52777,2026-08-24,1070,108,3,12.24,0
52778,2026-08-24,1054,111,6,67.6,0
52779,2026-08-24,1064,105,2,2756.0,0
52780,2026-08-24,1032,112,3,72.8,0.15
52781,2026-08-24,1033,117,4,37.24,0.05
52781,2026-08-24,1033,115,1,14.56,0
52782,2026-08-24,1058,117,5,37.24,0
52782,2026-08-24,1058,101,1,1537.0,0
52783,2026-08-25,1009,102,1,1272.0,0.1
52784,2026-08-25,1077,116,4,47.04,0.1
52784,2026-08-25,1077,104,2,339.2,0.1
52785,2026-08-25,1042,113,5,29.12,0.05
52786,2026-08-26,1013,116,4,47.04,0.1
52787,2026-08-26,1007,106,1,76.5,0
52787,2026-08-26,1007,107,5,45.9,0
52788,2026-08-26,1078,118,5,24.5,0.05
52788,2026-08-26,1078,111,5,67.6,0
52788,2026-08-26,1078,109,2,56.1,0.1
52789,2026-08-26,1048,111,2,67.6,0
52789,2026-08-26,1048,114,4,124.8,0
52789,2026-08-26,1048,116,1,47.04,0
52790,2026-08-26,1003,120,2,58.8,0
52791,2026-08-26,1011,118,15,24.5,0
52791,2026-08-26,1011,104,3,339.2,0
52792,2026-08-27,1021,118,5,24.5,0.15
52793,2026-08-27,1012,116,6,47.04,0.05
52794,2026-08-27,1022,119,6,83.3,0
52794,2026-08-27,1022,114,1,124.8,0
52794,2026-08-27,1022,106,3,76.5,0.1
52795,2026-08-27,1066,102,3,1272.0,0
52796,2026-08-27,1074,120,3,58.8,0
52796,2026-08-27,1074,114,12,124.8,0
52797,2026-08-27,1078,105,1,2756.0,0.1
52798,2026-08-27,1020,105,1,2756.0,0
52798,2026-08-27,1020,104,2,339.2,0
52798,2026-08-27,1020,111,6,67.6,0
52799,2026-08-28,1012,104,2,339.2,0
52800,2026-08-28,1017,102,1,1272.0,0
52801,2026-08-28,1018,108,6,12.24,0.05
52801,2026-08-28,1018,116,2,47.04,0
52801,2026-08-28,1018,119,6,83.3,0.1
52802,2026-08-28,1028,108,6,12.24,0
52803,2026-08-28,1049,106,1,76.5,0.1
52804,2026-08-28,1023,114,6,124.8,0.15
52804,2026-08-28,1023,108,5,12.24,0
52805,2026-08-28,1020,106,1,76.5,0
52806,2026-08-28,1003,114,6,124.8,0.05
52806,2026-08-28,1003,105,2,2756.0,0.15
52807,2026-08-29,1002,114,6,124.8,0
52807,2026-08-29,1002,113,12,29.12,0
52808,2026-08-29,1003,106,3,76.5,0
52808,2026-08-29,1003,115,1,14.56,0.15
52809,2026-08-29,1001,115,5,14.56,0.05
52810,2026-08-29,1045,116,15,47.04,0
52811,2026-08-29,1003,107,4,45.9,0
52812,2026-08-29,1019,106,3,76.5,0.05
52813,2026-08-30,1040,106,3,76.5,0
52814,2026-08-30,1010,116,1,47.04,0
52814,2026-08-30,1010,120,1,58.8,0
52814,2026-08-30,1010,104,1,339.2,0
52815,2026-08-30,1030,111,3,67.6,0
52815,2026-08-30,1030,113,3,29.12,0
52816,2026-08-30,1011,110,15,35.7,0
52816,2026-08-30,1011,110,6,35.7,0
52817,2026-08-30,1037,114,1,124.8,0
52817,2026-08-30,1037,108,2,12.24,0.15
52818,2026-08-31,1001,115,3,14.56,0
52819,2026-08-31,1032,104,2,339.2,0
52820,2026-08-31,1064,119,6,83.3,0
52820,2026-08-31,1064,109,3,56.1,0.05
52821,2026-08-31,1009,110,6,35.7,0.15
52822,2026-08-31,1045,108,6,12.24,0
52823,2026-08-31,1033,117,2,37.24,0.15
52823,2026-08-31,1033,117,4,37.24,0
52824,2026-08-31,1001,102,1,1272.0,0.15
52825,2026-09-01,1016,106,18,76.5,0.15
52826,2026-09-01,1053,107,12,45.9,0
52826,2026-09-01,1053,107,3,45.9,0
52827,2026-09-01,1021,111,5,67.6,0
52827,2026-09-01,1021,111,6,67.6,0.1
52828,2026-09-01,1047,104,1,339.2,0.15
52828,2026-09-01,1047,115,3,14.56,0.1
52829,2026-09-01,1008,103,3,901.0,0
52829,2026-09-01,1008,110,6,35.7,0
52830,2026-09-01,1060,107,1,45.9,0
52830,2026-09-01,1060,117,3,37.24,0
52830,2026-09-01,1060,120,3,58.8,0
52831,2026-09-02,1039,116,2,47.04,0
52832,2026-09-02,1026,101,2,1537.0,0
52833,2026-09-02,1045,118,18,24.5,0
52833,2026-09-02,1045,110,18,35.7,0
52834,2026-09-02,1077,111,2,67.6,0
52835,2026-09-02,1072,108,6,12.24,0.15
52836,2026-09-02,1026,110,4,35.7,0
52836,2026-09-02,1026,117,4,37.24,0
52837,2026-09-03,1075,112,2,72.8,0.1
52838,2026-09-03,1061,101,2,1537.0,0
52839,2026-09-03,1054,104,2,339.2,0.1
52839,2026-09-03,1054,113,1,29.12,0.15
52840,2026-09-03,1015,110,12,35.7,0.1
52841,2026-09-04,1060,119,1,83.3,0
52842,2026-09-04,1034,107,5,45.9,0
52842,2026-09-04,1034,117,5,37.24,0.15
52843,2026-09-04,1035,101,1,1537.0,0.1
52843,2026-09-04,1035,120,1,58.8,0
52844,2026-09-05,1079,111,5,67.6,0
52844,2026-09-05,1079,114,5,124.8,0.15
52845,2026-09-05,1064,116,5,47.04,0
52845,2026-09-05,1064,114,6,124.8,0
52846,2026-09-05,1026,113,6,29.12,0
52846,2026-09-05,1026,117,4,37.24,0.05
52847,2026-09-05,1072,108,4,12.24,0
52847,2026-09-05,1072,120,2,58.8,0
52847,2026-09-05,1072,111,1,67.6,0
52848,2026-09-06,1062,107,2,45.9,0.15
52848,2026-09-06,1062,106,3,76.5,0
52849,2026-09-06,1024,115,15,14.56,0.1
52850,2026-09-06,1076,108,5,12.24,0
52850,2026-09-06,1076,120,4,58.8,0.15
52851,2026-09-07,1034,118,6,24.5,0
52852,2026-09-07,1004,111,5,67.6,0
52853,2026-09-07,1070,104,2,339.2,0
52854,2026-09-07,1021,114,1,124.8,0.1
52854,2026-09-07,1021,116,6,47.04,0
52854,2026-09-07,1021,103,1,901.0,0
52855,2026-09-07,1048,115,5,14.56,0.05
52855,2026-09-07,1048,111,5,67.6,0.15
52855,2026-09-07,1048,113,2,29.12,0
52856,2026-09-07,1011,120,18,58.8,0.15
52856,2026-09-07,1011,112,18,72.8,0.05
52857,2026-09-08,1038,111,1,67.6,0.05
52857,2026-09-08,1038,119,3,83.3,0
52857,2026-09-08,1038,112,2,72.8,0.15
52858,2026-09-08,1016,119,9,83.3,0.05
52858,2026-09-08,1016,111,6,67.6,0.05
52859,2026-09-08,1057,109,1,56.1,0.05
52859,2026-09-08,1057,106,1,76.5,0
52860,2026-09-08,1070,110,3,35.7,0
52861,2026-09-09,1024,109,3,56.1,0
52862,2026-09-09,1077,103,1,901.0,0
52862,2026-09-09,1077,111,4,67.6,0.1
52863,2026-09-10,1076,116,5,47.04,0.1
52864,2026-09-11,1020,115,4,14.56,0.05
52864,2026-09-11,1020,119,6,83.3,0.15
52865,2026-09-12,1062,113,3,29.12,0
52865,2026-09-12,1062,113,2,29.12,0.1
52865,2026-09-12,1062,104,1,339.2,0.15
52866,2026-09-12,1075,104,2,339.2,0
52866,2026-09-12,1075,111,5,67.6,0.1
52867,2026-09-12,1032,111,6,67.6,0.15
52868,2026-09-12,1071,106,18,76.5,0
52868,2026-09-12,1071,109,12,56.1,0.05
52869,2026-09-12,1051,108,3,12.24,0.05
52870,2026-09-13,1037,109,5,56.1,0
52870,2026-09-13,1037,115,5,14.56,0
52871,2026-09-13,1004,110,3,35.7,0
52872,2026-09-13,1009,101,2,1537.0,0
52872,2026-09-13,1009,109,2,56.1,0
52873,2026-09-13,1075,117,4,37.24,0
52874,2026-09-13,1070,104,1,339.2,0
52874,2026-09-13,1070,112,5,72.8,0.1
52875,2026-09-13,1065,113,4,29.12,0
52876,2026-09-14,1034,111,5,67.6,0
52876,2026-09-14,1034,113,1,29.12,0
52877,2026-09-14,1003,117,1,37.24,0
52877,2026-09-14,1003,103,1,901.0,0.05
52878,2026-09-14,1032,114,5,124.8,0.1
52879,2026-09-15,1027,110,2,35.7,0
52879,2026-09-15,1027,111,4,67.6,0
52879,2026-09-15,1027,108,2,12.24,0
52880,2026-09-15,1033,112,1,72.8,0
52881,2026-09-15,1043,101,1,1537.0,0
52881,2026-09-15,1043,119,3,83.3,0.15
52881,2026-09-15,1043,108,2,12.24,0
52882,2026-09-15,1016,103,6,901.0,0.1
52882,2026-09-15,1016,101,3,1537.0,0.1
52883,2026-09-15,1038,101,2,1537.0,0
52884,2026-09-15,1009,116,4,47.04,0.1
52884,2026-09-15,1009,102,1,1272.0,0.1
52885,2026-09-17,1070,102,1,1272.0,0.15
52885,2026-09-17,1070,109,5,56.1,0
52885,2026-09-17,1070,103,1,901.0,0
52886,2026-09-17,1035,111,1,67.6,0.15
52886,2026-09-17,1035,107,3,45.9,0.05
52887,2026-09-17,1024,113,9,29.12,0.05
52887,2026-09-17,1024,110,18,35.7,0.05
52888,2026-09-17,1080,115,5,14.56,0
52889,2026-09-18,1080,110,5,35.7,0
52889,2026-09-18,1080,112,6,72.8,0.15
52890,2026-09-18,1012,108,3,12.24,0
52891,2026-09-18,1007,104,1,339.2,0.1
52892,2026-09-18,1077,106,6,76.5,0.15
52892,2026-09-18,1077,111,3,67.6,0
52892,2026-09-18,1077,115,4,14.56,0.1
52893,2026-09-18,1006,104,2,339.2,0
52894,2026-09-18,1055,115,6,14.56,0.15
52894,2026-09-18,1055,113,15,29.12,0.15
52894,2026-09-18,1055,109,12,56.1,0
52895,2026-09-19,1017,111,3,67.6,0
52896,2026-09-19,1048,102,2,1272.0,0
52896,2026-09-19,1048,102,2,1272.0,0.15
52897,2026-09-19,1018,112,5,72.8,0
52898,2026-09-19,1023,108,4,12.24,0
52899,2026-09-20,1036,118,5,24.5,0
52899,2026-09-20,1036,110,4,35.7,0
52899,2026-09-20,1036,108,4,12.24,0
52900,2026-09-20,1021,117,3,37.24,0
52901,2026-09-20,1055,111,12,67.6,0
52902,2026-09-20,1069,112,3,72.8,0.15
52903,2026-09-20,1041,106,15,76.5,0.15
52904,2026-09-20,1078,110,2,35.7,0.15
52905,2026-09-20,1048,116,4,47.04,0.15
52906,2026-09-20,1017,106,4,76.5,0
52906,2026-09-20,1017,115,1,14.56,0
52906,2026-09-20,1017,109,3,56.1,0.05
52907,2026-09-21,1007,114,6,124.8,0
52908,2026-09-21,1021,104,1,339.2,0
52909,2026-09-21,1024,110,12,35.7,0.1
52909,2026-09-21,1024,114,9,124.8,0
52910,2026-09-22,1018,113,4,29.12,0
52911,2026-09-22,1014,106,6,76.5,0
52912,2026-09-22,1012,119,5,83.3,0.15
52913,2026-09-23,1067,109,1,56.1,0
52913,2026-09-23,1067,116,5,47.04,0
52913,2026-09-23,1067,104,2,339.2,0
52914,2026-09-23,1064,104,1,339.2,0
52914,2026-09-23,1064,112,3,72.8,0
52915,2026-09-23,1002,110,18,35.7,0
52916,2026-09-23,1034,114,4,124.8,0
52917,2026-09-23,1019,104,1,339.2,0
52917,2026-09-23,1019,106,3,76.5,0
52917,2026-09-23,1019,115,4,14.56,0
52918,2026-09-23,1030,109,15,56.1,0.1
52918,2026-09-23,1030,109,15,56.1,0
52919,2026-09-24,1060,109,6,56.1,0
52919,2026-09-24,1060,109,3,56.1,0.05
52920,2026-09-24,1023,104,1,339.2,0.05
52921,2026-09-24,1042,109,3,56.1,0
52922,2026-09-25,1033,114,3,124.8,0.1
52923,2026-09-25,1060,115,2,14.56,0.15
52924,2026-09-25,1010,105,1,2756.0,0
52925,2026-09-25,1058,116,5,47.04,0.15
52926,2026-09-25,1063,119,18,83.3,0.15
52926,2026-09-25,1063,120,12,58.8,0
52926,2026-09-25,1063,118,12,24.5,0.15
52927,2026-09-25,1027,114,6,124.8,0.1
52928,2026-09-25,1022,106,2,76.5,0.15
52928,2026-09-25,1022,117,5,37.24,0
52929,2026-09-26,1022,118,3,24.5,0.1
52930,2026-09-26,1002,112,3,72.8,0.05
52930,2026-09-26,1002,116,6,47.04,0.15
52930,2026-09-26,1002,102,6,1272.0,0.1
52931,2026-09-26,1025,109,2,56.1,0
52932,2026-09-26,1070,117,3,37.24,0.05
52932,2026-09-26,1070,118,3,24.5,0.15
52933,2026-09-27,1005,116,18,47.04,0
52933,2026-09-27,1005,111,18,67.6,0.15
52933,2026-09-27,1005,109,12,56.1,0.05
52934,2026-09-27,1037,119,4,83.3,0
52934,2026-09-27,1037,120,3,58.8,0
52935,2026-09-27,1033,120,3,58.8,0
52935,2026-09-27,1033,110,5,35.7,0
52935,2026-09-27,1033,117,3,37.24,0.1
52936,2026-09-27,1009,113,2,29.12,0
52936,2026-09-27,1009,115,5,14.56,0
52937,2026-09-28,1002,114,18,124.8,0.1
52937,2026-09-28,1002,108,18,12.24,0.05
52937,2026-09-28,1002,104,6,339.2,0.05
52938,2026-09-28,1066,107,15,45.9,0.1
52938,2026-09-28,1066,109,15,56.1,0.05
52938,2026-09-28,1066,113,15,29.12,0.05
52939,2026-09-28,1066,118,18,24.5,0.05
52940,2026-09-28,1008,120,9,58.8,0
52941,2026-09-28,1075,104,2,339.2,0
52941,2026-09-28,1075,107,4,45.9,0.1
52941,2026-09-28,1075,105,2,2756.0,0
52942,2026-09-29,1077,115,4,14.56,0.1
52942,2026-09-29,1077,107,3,45.9,0
52943,2026-09-29,1027,114,5,124.8,0
52943,2026-09-29,1027,105,1,2756.0,0
52944,2026-09-29,1073,105,1,2756.0,0.1
52945,2026-09-29,1071,101,3,1537.0,0.05
52945,2026-09-29,1071,106,6,76.5,0.05
52946,2026-09-30,1066,115,15,14.56,0
52947,2026-09-30,1022,104,1,339.2,0
52948,2026-09-30,1024,106,3,76.5,0
52949,2026-09-30,1009,112,4,72.8,0
52949,2026-09-30,1009,109,1,56.1,0
52949,2026-09-30,1009,111,6,67.6,0.05
